ISO-10303-21;
HEADER;
/* Generated by software containing ST-Developer
 * from STEP Tools, Inc. (www.steptools.com) 
 */

FILE_DESCRIPTION(
/* description */ (''),
/* implementation_level */ '2;1');

FILE_NAME(
/* name */ '',
/* time_stamp */ '2026-05-03T19:33:42+09:00',
/* author */ (''),
/* organization */ (''),
/* preprocessor_version */ 'ST-DEVELOPER v20.1',
/* originating_system */ 'Autodesk Translation Framework v15.8.0.0',
/* authorisation */ '');

FILE_SCHEMA (('AUTOMOTIVE_DESIGN { 1 0 10303 214 3 1 1 }'));
ENDSEC;

DATA;
#10=MECHANICAL_DESIGN_GEOMETRIC_PRESENTATION_REPRESENTATION('',(#107,#108,
#109,#110,#111,#112,#113,#114,#115,#116),#12483);
#11=SHAPE_REPRESENTATION_RELATIONSHIP('SRR','None',#12490,#12);
#12=ADVANCED_BREP_SHAPE_REPRESENTATION('',(#117,#118,#119,#120,#121,#122,
#123,#124,#125,#126),#12482);
#13=(
BOUNDED_SURFACE()
B_SPLINE_SURFACE(2,2,((#11170,#11171,#11172,#11173,#11174,#11175,#11176,
#11177,#11178),(#11179,#11180,#11181,#11182,#11183,#11184,#11185,#11186,
#11187),(#11188,#11189,#11190,#11191,#11192,#11193,#11194,#11195,#11196)),
 .UNSPECIFIED.,.F.,.T.,.F.)
B_SPLINE_SURFACE_WITH_KNOTS((3,3),(3,2,2,2,3),(0.,1.5707963267949),(-3.14159265358979,
-1.5707963267949,0.,1.5707963267949,3.14159265358979),.UNSPECIFIED.)
GEOMETRIC_REPRESENTATION_ITEM()
RATIONAL_B_SPLINE_SURFACE(((1.,0.707106781186548,1.,0.707106781186548,1.,
0.707106781186548,1.,0.707106781186548,1.),(0.707106781186549,0.500000000000001,
0.707106781186549,0.500000000000001,0.707106781186549,0.500000000000001,
0.707106781186549,0.500000000000001,0.707106781186549),(1.,0.707106781186548,
1.,0.707106781186548,1.,0.707106781186548,1.,0.707106781186548,1.)))
REPRESENTATION_ITEM('')
SURFACE()
);
#14=(
BOUNDED_SURFACE()
B_SPLINE_SURFACE(2,2,((#11220,#11221,#11222,#11223,#11224,#11225,#11226,
#11227,#11228),(#11229,#11230,#11231,#11232,#11233,#11234,#11235,#11236,
#11237),(#11238,#11239,#11240,#11241,#11242,#11243,#11244,#11245,#11246)),
 .UNSPECIFIED.,.F.,.T.,.F.)
B_SPLINE_SURFACE_WITH_KNOTS((3,3),(3,2,2,2,3),(0.,1.5707963267949),(-3.14159265358979,
-1.5707963267949,0.,1.5707963267949,3.14159265358979),.UNSPECIFIED.)
GEOMETRIC_REPRESENTATION_ITEM()
RATIONAL_B_SPLINE_SURFACE(((1.,0.707106781186548,1.,0.707106781186548,1.,
0.707106781186548,1.,0.707106781186548,1.),(0.707106781186549,0.500000000000001,
0.707106781186549,0.500000000000001,0.707106781186549,0.500000000000001,
0.707106781186549,0.500000000000001,0.707106781186549),(1.,0.707106781186548,
1.,0.707106781186548,1.,0.707106781186548,1.,0.707106781186548,1.)))
REPRESENTATION_ITEM('')
SURFACE()
);
#15=(
BOUNDED_SURFACE()
B_SPLINE_SURFACE(2,2,((#12102,#12103,#12104,#12105,#12106,#12107,#12108,
#12109,#12110),(#12111,#12112,#12113,#12114,#12115,#12116,#12117,#12118,
#12119),(#12120,#12121,#12122,#12123,#12124,#12125,#12126,#12127,#12128)),
 .UNSPECIFIED.,.F.,.T.,.F.)
B_SPLINE_SURFACE_WITH_KNOTS((3,3),(3,2,2,2,3),(0.,1.5707963267949),(-3.14159265358979,
-1.5707963267949,0.,1.5707963267949,3.14159265358979),.UNSPECIFIED.)
GEOMETRIC_REPRESENTATION_ITEM()
RATIONAL_B_SPLINE_SURFACE(((1.,0.707106781186548,1.,0.707106781186548,1.,
0.707106781186548,1.,0.707106781186548,1.),(0.707106781186547,0.5,0.707106781186547,
0.5,0.707106781186547,0.5,0.707106781186547,0.5,0.707106781186547),(1.,
0.707106781186548,1.,0.707106781186548,1.,0.707106781186548,1.,0.707106781186548,
1.)))
REPRESENTATION_ITEM('')
SURFACE()
);
#16=(
BOUNDED_SURFACE()
B_SPLINE_SURFACE(2,2,((#12177,#12178,#12179,#12180,#12181,#12182,#12183,
#12184,#12185),(#12186,#12187,#12188,#12189,#12190,#12191,#12192,#12193,
#12194),(#12195,#12196,#12197,#12198,#12199,#12200,#12201,#12202,#12203)),
 .UNSPECIFIED.,.F.,.T.,.F.)
B_SPLINE_SURFACE_WITH_KNOTS((3,3),(3,2,2,2,3),(0.,1.5707963267949),(-3.14159265358979,
-1.5707963267949,0.,1.5707963267949,3.14159265358979),.UNSPECIFIED.)
GEOMETRIC_REPRESENTATION_ITEM()
RATIONAL_B_SPLINE_SURFACE(((1.,0.707106781186548,1.,0.707106781186548,1.,
0.707106781186548,1.,0.707106781186548,1.),(0.707106781186547,0.5,0.707106781186547,
0.5,0.707106781186547,0.5,0.707106781186547,0.5,0.707106781186547),(1.,
0.707106781186548,1.,0.707106781186548,1.,0.707106781186548,1.,0.707106781186548,
1.)))
REPRESENTATION_ITEM('')
SURFACE()
);
#17=FACE_BOUND('',#1155,.T.);
#18=FACE_BOUND('',#1158,.T.);
#19=FACE_BOUND('',#1166,.T.);
#20=FACE_BOUND('',#1169,.T.);
#21=FACE_BOUND('',#1173,.T.);
#22=FACE_BOUND('',#1195,.T.);
#23=FACE_BOUND('',#1253,.T.);
#24=FACE_BOUND('',#1256,.T.);
#25=FACE_BOUND('',#1259,.T.);
#26=FACE_BOUND('',#1358,.T.);
#27=FACE_BOUND('',#1361,.T.);
#28=FACE_BOUND('',#1364,.T.);
#29=FACE_BOUND('',#1399,.T.);
#30=FACE_BOUND('',#1402,.T.);
#31=FACE_BOUND('',#1405,.T.);
#32=FACE_BOUND('',#1425,.T.);
#33=FACE_BOUND('',#1465,.T.);
#34=FACE_BOUND('',#1467,.T.);
#35=FACE_BOUND('',#1470,.T.);
#36=FACE_BOUND('',#1483,.T.);
#37=TOROIDAL_SURFACE('',#7386,0.5,0.25);
#38=TOROIDAL_SURFACE('',#7391,0.5,0.25);
#39=TOROIDAL_SURFACE('',#7397,0.5,0.25);
#40=TOROIDAL_SURFACE('',#7400,0.5,0.25);
#41=TOROIDAL_SURFACE('',#7407,0.5,0.25);
#42=TOROIDAL_SURFACE('',#7411,0.5,0.25);
#43=TOROIDAL_SURFACE('',#7413,0.5,0.25);
#44=TOROIDAL_SURFACE('',#7417,0.5,0.25);
#45=TOROIDAL_SURFACE('',#7466,10.,5.);
#46=TOROIDAL_SURFACE('',#7471,10.,5.);
#47=TOROIDAL_SURFACE('',#7527,6.00000005960464,2.);
#48=TOROIDAL_SURFACE('',#7545,6.00000005960464,2.);
#49=TOROIDAL_SURFACE('',#7596,10.,5.);
#50=TOROIDAL_SURFACE('',#7610,10.,5.);
#51=TOROIDAL_SURFACE('',#7625,10.,5.);
#52=TOROIDAL_SURFACE('',#7628,10.,5.);
#53=TOROIDAL_SURFACE('',#7720,0.5,0.25);
#54=TOROIDAL_SURFACE('',#7725,0.5,0.25);
#55=TOROIDAL_SURFACE('',#7731,0.5,0.25);
#56=TOROIDAL_SURFACE('',#7734,0.5,0.25);
#57=TOROIDAL_SURFACE('',#7741,0.5,0.25);
#58=TOROIDAL_SURFACE('',#7745,0.5,0.25);
#59=TOROIDAL_SURFACE('',#7747,0.5,0.25);
#60=TOROIDAL_SURFACE('',#7751,0.5,0.25);
#61=TOROIDAL_SURFACE('',#7801,10.,5.);
#62=TOROIDAL_SURFACE('',#7804,10.,5.);
#63=TOROIDAL_SURFACE('',#7837,6.00000005960464,2.);
#64=TOROIDAL_SURFACE('',#7852,6.00000005960464,2.);
#65=TOROIDAL_SURFACE('',#7883,10.,5.);
#66=TOROIDAL_SURFACE('',#7885,10.,5.);
#67=TOROIDAL_SURFACE('',#7910,10.,5.);
#68=TOROIDAL_SURFACE('',#7919,10.,5.);
#69=TOROIDAL_SURFACE('',#7940,10.,5.);
#70=TOROIDAL_SURFACE('',#7946,10.,5.);
#71=ELLIPSE('',#7339,0.353553390593264,0.25);
#72=ELLIPSE('',#7340,0.353553390593283,0.25);
#73=ELLIPSE('',#7359,0.353553390593271,0.25);
#74=ELLIPSE('',#7360,0.353553390593271,0.25);
#75=ELLIPSE('',#7673,0.353553390593264,0.25);
#76=ELLIPSE('',#7674,0.353553390593283,0.25);
#77=ELLIPSE('',#7693,0.353553390593271,0.25);
#78=ELLIPSE('',#7694,0.353553390593271,0.25);
#79=B_SPLINE_CURVE_WITH_KNOTS('',3,(#10425,#10426,#10427,#10428,#10429,
#10430),.UNSPECIFIED.,.F.,.F.,(4,2,4),(0.126383060009628,0.145498866650295,
0.174889571433522),.UNSPECIFIED.);
#80=B_SPLINE_CURVE_WITH_KNOTS('',3,(#10434,#10435,#10436,#10437,#10438,
#10439),.UNSPECIFIED.,.F.,.F.,(4,2,4),(0.,0.0293907047832269,0.0485065114238945),
 .UNSPECIFIED.);
#81=B_SPLINE_CURVE_WITH_KNOTS('',3,(#10475,#10476,#10477,#10478,#10479,
#10480),.UNSPECIFIED.,.F.,.F.,(4,2,4),(0.126383060009628,0.145498866650295,
0.174889571433522),.UNSPECIFIED.);
#82=B_SPLINE_CURVE_WITH_KNOTS('',3,(#10483,#10484,#10485,#10486,#10487,
#10488),.UNSPECIFIED.,.F.,.F.,(4,2,4),(0.,0.0293907047832269,0.0485065114238945),
 .UNSPECIFIED.);
#83=B_SPLINE_CURVE_WITH_KNOTS('',3,(#10535,#10536,#10537,#10538,#10539,
#10540),.UNSPECIFIED.,.F.,.F.,(4,2,4),(0.126383060009628,0.145498866650295,
0.174889571433522),.UNSPECIFIED.);
#84=B_SPLINE_CURVE_WITH_KNOTS('',3,(#10543,#10544,#10545,#10546,#10547,
#10548),.UNSPECIFIED.,.F.,.F.,(4,2,4),(0.,0.0293907047832269,0.0485065114238945),
 .UNSPECIFIED.);
#85=B_SPLINE_CURVE_WITH_KNOTS('',3,(#10576,#10577,#10578,#10579,#10580,
#10581),.UNSPECIFIED.,.F.,.F.,(4,2,4),(0.126383060009628,0.145498866650295,
0.174889571433522),.UNSPECIFIED.);
#86=B_SPLINE_CURVE_WITH_KNOTS('',3,(#10585,#10586,#10587,#10588,#10589,
#10590),.UNSPECIFIED.,.F.,.F.,(4,2,4),(0.,0.0293907047832269,0.0485065114238945),
 .UNSPECIFIED.);
#87=B_SPLINE_CURVE_WITH_KNOTS('',3,(#11075,#11076,#11077,#11078,#11079,
#11080,#11081,#11082,#11083,#11084,#11085),.UNSPECIFIED.,.F.,.F.,(4,2,3,
2,4),(2.33060367965444,2.39885590378139,2.55552587166475,2.7121958395481,
2.78044806367505),.UNSPECIFIED.);
#88=B_SPLINE_CURVE_WITH_KNOTS('',3,(#11089,#11090,#11091,#11092,#11093,
#11094),.UNSPECIFIED.,.F.,.F.,(4,2,4),(2.33060367965444,2.39885590378139,
2.55552587166475),.UNSPECIFIED.);
#89=B_SPLINE_CURVE_WITH_KNOTS('',3,(#11101,#11102,#11103,#11104,#11105,
#11106),.UNSPECIFIED.,.F.,.F.,(4,2,4),(2.55552587166475,2.7121958395481,
2.78044806367505),.UNSPECIFIED.);
#90=B_SPLINE_CURVE_WITH_KNOTS('',3,(#11112,#11113,#11114,#11115,#11116,
#11117,#11118,#11119,#11120,#11121,#11122),.UNSPECIFIED.,.F.,.F.,(4,2,3,
2,4),(2.33064039786787,2.39889262199482,2.55556258987818,2.71223255776153,
2.78048478188849),.UNSPECIFIED.);
#91=B_SPLINE_CURVE_WITH_KNOTS('',3,(#11152,#11153,#11154,#11155,#11156,
#11157),.UNSPECIFIED.,.F.,.F.,(4,2,4),(2.55556258987818,2.71223255776153,
2.78048478188849),.UNSPECIFIED.);
#92=B_SPLINE_CURVE_WITH_KNOTS('',3,(#11158,#11159,#11160,#11161,#11162,
#11163),.UNSPECIFIED.,.F.,.F.,(4,2,4),(2.33064039786787,2.39889262199482,
2.55556258987818),.UNSPECIFIED.);
#93=B_SPLINE_CURVE_WITH_KNOTS('',3,(#11520,#11521,#11522,#11523,#11524,
#11525),.UNSPECIFIED.,.F.,.F.,(4,2,4),(0.126383060009628,0.145498866650295,
0.174889571433522),.UNSPECIFIED.);
#94=B_SPLINE_CURVE_WITH_KNOTS('',3,(#11529,#11530,#11531,#11532,#11533,
#11534),.UNSPECIFIED.,.F.,.F.,(4,2,4),(0.,0.0293907047832269,0.0485065114238945),
 .UNSPECIFIED.);
#95=B_SPLINE_CURVE_WITH_KNOTS('',3,(#11570,#11571,#11572,#11573,#11574,
#11575),.UNSPECIFIED.,.F.,.F.,(4,2,4),(0.126383060009628,0.145498866650295,
0.174889571433522),.UNSPECIFIED.);
#96=B_SPLINE_CURVE_WITH_KNOTS('',3,(#11578,#11579,#11580,#11581,#11582,
#11583),.UNSPECIFIED.,.F.,.F.,(4,2,4),(0.,0.0293907047832269,0.0485065114238945),
 .UNSPECIFIED.);
#97=B_SPLINE_CURVE_WITH_KNOTS('',3,(#11630,#11631,#11632,#11633,#11634,
#11635),.UNSPECIFIED.,.F.,.F.,(4,2,4),(0.126383060009628,0.145498866650295,
0.174889571433522),.UNSPECIFIED.);
#98=B_SPLINE_CURVE_WITH_KNOTS('',3,(#11638,#11639,#11640,#11641,#11642,
#11643),.UNSPECIFIED.,.F.,.F.,(4,2,4),(0.,0.0293907047832269,0.0485065114238945),
 .UNSPECIFIED.);
#99=B_SPLINE_CURVE_WITH_KNOTS('',3,(#11671,#11672,#11673,#11674,#11675,
#11676),.UNSPECIFIED.,.F.,.F.,(4,2,4),(0.126383060009628,0.145498866650295,
0.174889571433522),.UNSPECIFIED.);
#100=B_SPLINE_CURVE_WITH_KNOTS('',3,(#11680,#11681,#11682,#11683,#11684,
#11685),.UNSPECIFIED.,.F.,.F.,(4,2,4),(0.,0.0293907047832269,0.0485065114238945),
 .UNSPECIFIED.);
#101=B_SPLINE_CURVE_WITH_KNOTS('',3,(#12058,#12059,#12060,#12061,#12062,
#12063),.UNSPECIFIED.,.F.,.F.,(4,2,4),(1.27776293583237,1.43443290371573,
1.50268512784268),.UNSPECIFIED.);
#102=B_SPLINE_CURVE_WITH_KNOTS('',3,(#12067,#12068,#12069,#12070,#12071,
#12072,#12073,#12074,#12075,#12076),.UNSPECIFIED.,.F.,.F.,(4,2,2,2,4),(1.05284074382206,
1.12109296794902,1.27776293583237,1.43443290371573,1.50268512784268),
 .UNSPECIFIED.);
#103=B_SPLINE_CURVE_WITH_KNOTS('',3,(#12079,#12080,#12081,#12082,#12083,
#12084),.UNSPECIFIED.,.F.,.F.,(4,2,4),(1.05284074382206,1.12109296794902,
1.27776293583237),.UNSPECIFIED.);
#104=B_SPLINE_CURVE_WITH_KNOTS('',3,(#12140,#12141,#12142,#12143,#12144,
#12145),.UNSPECIFIED.,.F.,.F.,(4,2,4),(1.27776293583237,1.43443290371573,
1.50268512784268),.UNSPECIFIED.);
#105=B_SPLINE_CURVE_WITH_KNOTS('',3,(#12149,#12150,#12151,#12152,#12153,
#12154,#12155,#12156,#12157,#12158),.UNSPECIFIED.,.F.,.F.,(4,2,2,2,4),(1.05284074382206,
1.12109296794902,1.27776293583237,1.43443290371573,1.50268512784268),
 .UNSPECIFIED.);
#106=B_SPLINE_CURVE_WITH_KNOTS('',3,(#12161,#12162,#12163,#12164,#12165,
#12166),.UNSPECIFIED.,.F.,.F.,(4,2,4),(1.05284074382206,1.12109296794902,
1.27776293583237),.UNSPECIFIED.);
#107=STYLED_ITEM('',(#12499),#117);
#108=STYLED_ITEM('',(#12499),#118);
#109=STYLED_ITEM('',(#12499),#119);
#110=STYLED_ITEM('',(#12499),#120);
#111=STYLED_ITEM('',(#12499),#121);
#112=STYLED_ITEM('',(#12499),#122);
#113=STYLED_ITEM('',(#12499),#123);
#114=STYLED_ITEM('',(#12499),#124);
#115=STYLED_ITEM('',(#12499),#125);
#116=STYLED_ITEM('',(#12499),#126);
#117=MANIFOLD_SOLID_BREP('swich bot ',#7208);
#118=MANIFOLD_SOLID_BREP('BH1750 ',#7209);
#119=MANIFOLD_SOLID_BREP('ESP32',#7210);
#120=MANIFOLD_SOLID_BREP('\X2\56FA5B9A91D15177\X0\',#7211);
#121=MANIFOLD_SOLID_BREP('\X2\30AB30D030FC4E0A90E8\X0\L',#7212);
#122=MANIFOLD_SOLID_BREP('\X2\56FA5B9A91D15177\X0\2',#7213);
#123=MANIFOLD_SOLID_BREP('\X2\30AB30D030FC4E0B90E8\X0\L',#7214);
#124=MANIFOLD_SOLID_BREP('\X2\56FA5B9A91D15177\X0\ (1)',#7215);
#125=MANIFOLD_SOLID_BREP('\X2\30AB30D030FC4E0A90E8\X0\R',#7216);
#126=MANIFOLD_SOLID_BREP('\X2\30AB30D030FC4E0B90E8\X0\R',#7217);
#127=CYLINDRICAL_SURFACE('',#7245,3.);
#128=CYLINDRICAL_SURFACE('',#7250,3.);
#129=CYLINDRICAL_SURFACE('',#7259,3.);
#130=CYLINDRICAL_SURFACE('',#7264,3.);
#131=CYLINDRICAL_SURFACE('',#7265,3.);
#132=CYLINDRICAL_SURFACE('',#7270,3.);
#133=CYLINDRICAL_SURFACE('',#7271,3.);
#134=CYLINDRICAL_SURFACE('',#7276,3.);
#135=CYLINDRICAL_SURFACE('',#7277,3.);
#136=CYLINDRICAL_SURFACE('',#7278,3.);
#137=CYLINDRICAL_SURFACE('',#7279,3.);
#138=CYLINDRICAL_SURFACE('',#7280,3.);
#139=CYLINDRICAL_SURFACE('',#7307,0.25);
#140=CYLINDRICAL_SURFACE('',#7310,0.25);
#141=CYLINDRICAL_SURFACE('',#7313,0.25);
#142=CYLINDRICAL_SURFACE('',#7318,0.25);
#143=CYLINDRICAL_SURFACE('',#7327,0.25);
#144=CYLINDRICAL_SURFACE('',#7330,0.25);
#145=CYLINDRICAL_SURFACE('',#7338,0.25);
#146=CYLINDRICAL_SURFACE('',#7341,0.25);
#147=CYLINDRICAL_SURFACE('',#7343,0.25);
#148=CYLINDRICAL_SURFACE('',#7346,0.25);
#149=CYLINDRICAL_SURFACE('',#7352,0.25);
#150=CYLINDRICAL_SURFACE('',#7358,0.25);
#151=CYLINDRICAL_SURFACE('',#7369,0.25);
#152=CYLINDRICAL_SURFACE('',#7370,0.25);
#153=CYLINDRICAL_SURFACE('',#7371,0.25);
#154=CYLINDRICAL_SURFACE('',#7375,0.25);
#155=CYLINDRICAL_SURFACE('',#7378,0.25);
#156=CYLINDRICAL_SURFACE('',#7381,0.25);
#157=CYLINDRICAL_SURFACE('',#7383,0.25);
#158=CYLINDRICAL_SURFACE('',#7389,0.25);
#159=CYLINDRICAL_SURFACE('',#7409,0.25);
#160=CYLINDRICAL_SURFACE('',#7415,0.25);
#161=CYLINDRICAL_SURFACE('',#7418,0.25);
#162=CYLINDRICAL_SURFACE('',#7421,5.);
#163=CYLINDRICAL_SURFACE('',#7422,5.);
#164=CYLINDRICAL_SURFACE('',#7450,5.);
#165=CYLINDRICAL_SURFACE('',#7453,5.);
#166=CYLINDRICAL_SURFACE('',#7460,5.);
#167=CYLINDRICAL_SURFACE('',#7465,5.);
#168=CYLINDRICAL_SURFACE('',#7470,5.);
#169=CYLINDRICAL_SURFACE('',#7476,5.);
#170=CYLINDRICAL_SURFACE('',#7477,5.);
#171=CYLINDRICAL_SURFACE('',#7478,5.);
#172=CYLINDRICAL_SURFACE('',#7483,5.);
#173=CYLINDRICAL_SURFACE('',#7486,5.);
#174=CYLINDRICAL_SURFACE('',#7490,5.00000000000002);
#175=CYLINDRICAL_SURFACE('',#7494,5.00000000000001);
#176=CYLINDRICAL_SURFACE('',#7523,5.00000000000002);
#177=CYLINDRICAL_SURFACE('',#7525,5.00000000000001);
#178=CYLINDRICAL_SURFACE('',#7539,4.00000005960464);
#179=CYLINDRICAL_SURFACE('',#7553,4.00000005960464);
#180=CYLINDRICAL_SURFACE('',#7559,5.);
#181=CYLINDRICAL_SURFACE('',#7563,5.);
#182=CYLINDRICAL_SURFACE('',#7587,5.);
#183=CYLINDRICAL_SURFACE('',#7590,5.);
#184=CYLINDRICAL_SURFACE('',#7604,5.);
#185=CYLINDRICAL_SURFACE('',#7605,5.);
#186=CYLINDRICAL_SURFACE('',#7614,5.);
#187=CYLINDRICAL_SURFACE('',#7615,5.);
#188=CYLINDRICAL_SURFACE('',#7619,5.);
#189=CYLINDRICAL_SURFACE('',#7620,5.);
#190=CYLINDRICAL_SURFACE('',#7621,5.);
#191=CYLINDRICAL_SURFACE('',#7622,5.);
#192=CYLINDRICAL_SURFACE('',#7631,5.);
#193=CYLINDRICAL_SURFACE('',#7632,5.);
#194=CYLINDRICAL_SURFACE('',#7636,5.);
#195=CYLINDRICAL_SURFACE('',#7638,5.);
#196=CYLINDRICAL_SURFACE('',#7641,0.25);
#197=CYLINDRICAL_SURFACE('',#7644,0.25);
#198=CYLINDRICAL_SURFACE('',#7647,0.25);
#199=CYLINDRICAL_SURFACE('',#7652,0.25);
#200=CYLINDRICAL_SURFACE('',#7661,0.25);
#201=CYLINDRICAL_SURFACE('',#7664,0.25);
#202=CYLINDRICAL_SURFACE('',#7672,0.25);
#203=CYLINDRICAL_SURFACE('',#7675,0.25);
#204=CYLINDRICAL_SURFACE('',#7677,0.25);
#205=CYLINDRICAL_SURFACE('',#7680,0.25);
#206=CYLINDRICAL_SURFACE('',#7686,0.25);
#207=CYLINDRICAL_SURFACE('',#7692,0.25);
#208=CYLINDRICAL_SURFACE('',#7703,0.25);
#209=CYLINDRICAL_SURFACE('',#7704,0.25);
#210=CYLINDRICAL_SURFACE('',#7705,0.25);
#211=CYLINDRICAL_SURFACE('',#7709,0.25);
#212=CYLINDRICAL_SURFACE('',#7712,0.25);
#213=CYLINDRICAL_SURFACE('',#7715,0.25);
#214=CYLINDRICAL_SURFACE('',#7717,0.25);
#215=CYLINDRICAL_SURFACE('',#7723,0.25);
#216=CYLINDRICAL_SURFACE('',#7743,0.25);
#217=CYLINDRICAL_SURFACE('',#7749,0.25);
#218=CYLINDRICAL_SURFACE('',#7752,0.25);
#219=CYLINDRICAL_SURFACE('',#7755,5.);
#220=CYLINDRICAL_SURFACE('',#7756,5.);
#221=CYLINDRICAL_SURFACE('',#7761,5.);
#222=CYLINDRICAL_SURFACE('',#7764,5.);
#223=CYLINDRICAL_SURFACE('',#7784,5.);
#224=CYLINDRICAL_SURFACE('',#7786,5.);
#225=CYLINDRICAL_SURFACE('',#7790,5.);
#226=CYLINDRICAL_SURFACE('',#7794,5.);
#227=CYLINDRICAL_SURFACE('',#7796,5.);
#228=CYLINDRICAL_SURFACE('',#7798,5.);
#229=CYLINDRICAL_SURFACE('',#7808,5.);
#230=CYLINDRICAL_SURFACE('',#7811,5.);
#231=CYLINDRICAL_SURFACE('',#7813,5.);
#232=CYLINDRICAL_SURFACE('',#7819,5.);
#233=CYLINDRICAL_SURFACE('',#7822,5.);
#234=CYLINDRICAL_SURFACE('',#7825,5.);
#235=CYLINDRICAL_SURFACE('',#7846,4.00000005960464);
#236=CYLINDRICAL_SURFACE('',#7859,4.00000005960464);
#237=CYLINDRICAL_SURFACE('',#7869,5.);
#238=CYLINDRICAL_SURFACE('',#7875,5.);
#239=CYLINDRICAL_SURFACE('',#7878,5.);
#240=CYLINDRICAL_SURFACE('',#7880,5.);
#241=CYLINDRICAL_SURFACE('',#7893,5.);
#242=CYLINDRICAL_SURFACE('',#7896,5.);
#243=CYLINDRICAL_SURFACE('',#7899,5.);
#244=CYLINDRICAL_SURFACE('',#7901,5.);
#245=CYLINDRICAL_SURFACE('',#7904,5.);
#246=CYLINDRICAL_SURFACE('',#7907,5.);
#247=CYLINDRICAL_SURFACE('',#7912,5.);
#248=CYLINDRICAL_SURFACE('',#7916,5.);
#249=CYLINDRICAL_SURFACE('',#7922,5.);
#250=CYLINDRICAL_SURFACE('',#7925,5.);
#251=CYLINDRICAL_SURFACE('',#7929,5.);
#252=CYLINDRICAL_SURFACE('',#7933,5.);
#253=CYLINDRICAL_SURFACE('',#7937,5.);
#254=CYLINDRICAL_SURFACE('',#7942,5.);
#255=CYLINDRICAL_SURFACE('',#7948,5.);
#256=CYLINDRICAL_SURFACE('',#7950,5.);
#257=CYLINDRICAL_SURFACE('',#7969,5.);
#258=CYLINDRICAL_SURFACE('',#7971,5.);
#259=CIRCLE('',#7238,3.);
#260=CIRCLE('',#7239,3.);
#261=CIRCLE('',#7240,3.00000000000001);
#262=CIRCLE('',#7242,3.);
#263=CIRCLE('',#7243,3.);
#264=CIRCLE('',#7244,3.00000000000001);
#265=CIRCLE('',#7247,3.00000000000001);
#266=CIRCLE('',#7248,3.);
#267=CIRCLE('',#7249,3.);
#268=CIRCLE('',#7252,3.00000000000001);
#269=CIRCLE('',#7253,3.);
#270=CIRCLE('',#7254,3.00000000000001);
#271=CIRCLE('',#7256,3.);
#272=CIRCLE('',#7257,3.00000000000001);
#273=CIRCLE('',#7258,3.);
#274=CIRCLE('',#7261,3.00000000000001);
#275=CIRCLE('',#7262,3.);
#276=CIRCLE('',#7263,3.);
#277=CIRCLE('',#7267,3.);
#278=CIRCLE('',#7268,3.00000000000001);
#279=CIRCLE('',#7269,3.);
#280=CIRCLE('',#7273,3.00000000000001);
#281=CIRCLE('',#7274,3.);
#282=CIRCLE('',#7275,3.);
#283=CIRCLE('',#7308,0.250000000000004);
#284=CIRCLE('',#7309,0.25);
#285=CIRCLE('',#7311,0.249999999999999);
#286=CIRCLE('',#7312,0.25);
#287=CIRCLE('',#7314,0.250000000000004);
#288=CIRCLE('',#7315,0.25);
#289=CIRCLE('',#7317,0.250000000000004);
#290=CIRCLE('',#7319,0.249999999999999);
#291=CIRCLE('',#7320,0.25);
#292=CIRCLE('',#7322,0.249999999999999);
#293=CIRCLE('',#7324,0.249999999999999);
#294=CIRCLE('',#7326,0.250000000000004);
#295=CIRCLE('',#7328,0.25);
#296=CIRCLE('',#7331,0.25);
#297=CIRCLE('',#7333,5.);
#298=CIRCLE('',#7334,5.);
#299=CIRCLE('',#7342,0.25);
#300=CIRCLE('',#7344,0.250000000000004);
#301=CIRCLE('',#7345,0.25);
#302=CIRCLE('',#7347,0.249999999999999);
#303=CIRCLE('',#7349,0.250000000000004);
#304=CIRCLE('',#7351,0.249999999999999);
#305=CIRCLE('',#7353,0.25);
#306=CIRCLE('',#7355,5.);
#307=CIRCLE('',#7356,5.);
#308=CIRCLE('',#7362,0.250000000000004);
#309=CIRCLE('',#7363,0.25);
#310=CIRCLE('',#7364,0.249999999999999);
#311=CIRCLE('',#7366,0.249999999999999);
#312=CIRCLE('',#7367,0.25);
#313=CIRCLE('',#7368,0.249999999999986);
#314=CIRCLE('',#7376,0.25);
#315=CIRCLE('',#7379,0.25);
#316=CIRCLE('',#7382,0.25);
#317=CIRCLE('',#7384,0.25);
#318=CIRCLE('',#7387,0.25);
#319=CIRCLE('',#7388,0.5);
#320=CIRCLE('',#7390,0.250000000000002);
#321=CIRCLE('',#7392,0.5);
#322=CIRCLE('',#7394,0.5);
#323=CIRCLE('',#7396,0.5);
#324=CIRCLE('',#7398,0.25);
#325=CIRCLE('',#7399,0.5);
#326=CIRCLE('',#7401,0.25);
#327=CIRCLE('',#7402,0.5);
#328=CIRCLE('',#7404,0.5);
#329=CIRCLE('',#7406,0.5);
#330=CIRCLE('',#7408,0.25);
#331=CIRCLE('',#7410,0.25);
#332=CIRCLE('',#7412,0.25);
#333=CIRCLE('',#7414,0.25);
#334=CIRCLE('',#7416,0.250000000000001);
#335=CIRCLE('',#7446,5.);
#336=CIRCLE('',#7447,5.);
#337=CIRCLE('',#7448,5.);
#338=CIRCLE('',#7449,5.);
#339=CIRCLE('',#7451,5.);
#340=CIRCLE('',#7454,5.);
#341=CIRCLE('',#7456,10.);
#342=CIRCLE('',#7458,5.);
#343=CIRCLE('',#7459,5.);
#344=CIRCLE('',#7461,5.);
#345=CIRCLE('',#7463,5.);
#346=CIRCLE('',#7464,5.);
#347=CIRCLE('',#7467,5.);
#348=CIRCLE('',#7468,5.);
#349=CIRCLE('',#7469,5.);
#350=CIRCLE('',#7472,5.);
#351=CIRCLE('',#7473,5.);
#352=CIRCLE('',#7474,5.);
#353=CIRCLE('',#7475,10.);
#354=CIRCLE('',#7479,5.);
#355=CIRCLE('',#7484,5.);
#356=CIRCLE('',#7487,5.);
#357=CIRCLE('',#7491,5.00000000000002);
#358=CIRCLE('',#7492,5.00000000000002);
#359=CIRCLE('',#7495,5.00000000000001);
#360=CIRCLE('',#7496,5.00000000000001);
#361=CIRCLE('',#7515,5.00000000000001);
#362=CIRCLE('',#7516,5.00000000000002);
#363=CIRCLE('',#7518,5.00000000000002);
#364=CIRCLE('',#7519,5.00000000000001);
#365=CIRCLE('',#7528,6.00000005960464);
#366=CIRCLE('',#7529,2.);
#367=CIRCLE('',#7530,4.00000005960464);
#368=CIRCLE('',#7531,4.00000005960464);
#369=CIRCLE('',#7532,6.00000005960464);
#370=CIRCLE('',#7534,10.);
#371=CIRCLE('',#7536,6.00000005960464);
#372=CIRCLE('',#7538,10.);
#373=CIRCLE('',#7540,4.00000005960464);
#374=CIRCLE('',#7541,4.00000005960464);
#375=CIRCLE('',#7542,2.00000005960464);
#376=CIRCLE('',#7543,2.);
#377=CIRCLE('',#7546,2.);
#378=CIRCLE('',#7547,4.00000005960464);
#379=CIRCLE('',#7548,4.00000005960464);
#380=CIRCLE('',#7549,6.00000005960464);
#381=CIRCLE('',#7551,5.);
#382=CIRCLE('',#7552,5.);
#383=CIRCLE('',#7554,4.00000005960464);
#384=CIRCLE('',#7555,4.00000005960464);
#385=CIRCLE('',#7556,2.00000005960464);
#386=CIRCLE('',#7557,2.);
#387=CIRCLE('',#7560,5.);
#388=CIRCLE('',#7561,5.);
#389=CIRCLE('',#7564,5.);
#390=CIRCLE('',#7565,5.);
#391=CIRCLE('',#7567,10.);
#392=CIRCLE('',#7583,5.);
#393=CIRCLE('',#7584,5.);
#394=CIRCLE('',#7586,10.);
#395=CIRCLE('',#7588,5.);
#396=CIRCLE('',#7591,5.);
#397=CIRCLE('',#7593,5.);
#398=CIRCLE('',#7594,5.);
#399=CIRCLE('',#7595,5.);
#400=CIRCLE('',#7597,5.);
#401=CIRCLE('',#7598,5.);
#402=CIRCLE('',#7599,5.);
#403=CIRCLE('',#7601,5.);
#404=CIRCLE('',#7602,5.);
#405=CIRCLE('',#7603,5.);
#406=CIRCLE('',#7606,5.);
#407=CIRCLE('',#7608,5.);
#408=CIRCLE('',#7609,5.);
#409=CIRCLE('',#7611,5.);
#410=CIRCLE('',#7612,5.);
#411=CIRCLE('',#7613,5.);
#412=CIRCLE('',#7617,5.);
#413=CIRCLE('',#7618,5.);
#414=CIRCLE('',#7626,5.);
#415=CIRCLE('',#7627,5.);
#416=CIRCLE('',#7629,5.);
#417=CIRCLE('',#7630,5.);
#418=CIRCLE('',#7637,5.);
#419=CIRCLE('',#7642,0.250000000000004);
#420=CIRCLE('',#7643,0.25);
#421=CIRCLE('',#7645,0.249999999999999);
#422=CIRCLE('',#7646,0.25);
#423=CIRCLE('',#7648,0.250000000000004);
#424=CIRCLE('',#7649,0.25);
#425=CIRCLE('',#7651,0.250000000000004);
#426=CIRCLE('',#7653,0.249999999999999);
#427=CIRCLE('',#7654,0.25);
#428=CIRCLE('',#7656,0.249999999999999);
#429=CIRCLE('',#7658,0.249999999999999);
#430=CIRCLE('',#7660,0.250000000000004);
#431=CIRCLE('',#7662,0.25);
#432=CIRCLE('',#7665,0.25);
#433=CIRCLE('',#7667,5.);
#434=CIRCLE('',#7668,5.);
#435=CIRCLE('',#7676,0.25);
#436=CIRCLE('',#7678,0.250000000000004);
#437=CIRCLE('',#7679,0.25);
#438=CIRCLE('',#7681,0.249999999999999);
#439=CIRCLE('',#7683,0.250000000000004);
#440=CIRCLE('',#7685,0.249999999999999);
#441=CIRCLE('',#7687,0.25);
#442=CIRCLE('',#7689,5.);
#443=CIRCLE('',#7690,5.);
#444=CIRCLE('',#7696,0.250000000000004);
#445=CIRCLE('',#7697,0.25);
#446=CIRCLE('',#7698,0.249999999999999);
#447=CIRCLE('',#7700,0.249999999999999);
#448=CIRCLE('',#7701,0.25);
#449=CIRCLE('',#7702,0.249999999999986);
#450=CIRCLE('',#7710,0.25);
#451=CIRCLE('',#7713,0.25);
#452=CIRCLE('',#7716,0.25);
#453=CIRCLE('',#7718,0.25);
#454=CIRCLE('',#7721,0.25);
#455=CIRCLE('',#7722,0.5);
#456=CIRCLE('',#7724,0.250000000000002);
#457=CIRCLE('',#7726,0.5);
#458=CIRCLE('',#7728,0.5);
#459=CIRCLE('',#7730,0.5);
#460=CIRCLE('',#7732,0.25);
#461=CIRCLE('',#7733,0.5);
#462=CIRCLE('',#7735,0.25);
#463=CIRCLE('',#7736,0.5);
#464=CIRCLE('',#7738,0.5);
#465=CIRCLE('',#7740,0.5);
#466=CIRCLE('',#7742,0.25);
#467=CIRCLE('',#7744,0.25);
#468=CIRCLE('',#7746,0.25);
#469=CIRCLE('',#7748,0.25);
#470=CIRCLE('',#7750,0.250000000000001);
#471=CIRCLE('',#7762,5.);
#472=CIRCLE('',#7763,5.);
#473=CIRCLE('',#7765,5.);
#474=CIRCLE('',#7766,5.);
#475=CIRCLE('',#7768,5.);
#476=CIRCLE('',#7769,5.);
#477=CIRCLE('',#7785,5.);
#478=CIRCLE('',#7787,5.);
#479=CIRCLE('',#7791,5.);
#480=CIRCLE('',#7793,10.);
#481=CIRCLE('',#7795,5.);
#482=CIRCLE('',#7797,5.);
#483=CIRCLE('',#7799,5.);
#484=CIRCLE('',#7800,5.);
#485=CIRCLE('',#7802,5.);
#486=CIRCLE('',#7803,10.);
#487=CIRCLE('',#7805,5.);
#488=CIRCLE('',#7809,5.);
#489=CIRCLE('',#7810,5.);
#490=CIRCLE('',#7812,5.);
#491=CIRCLE('',#7814,5.);
#492=CIRCLE('',#7815,5.);
#493=CIRCLE('',#7818,5.);
#494=CIRCLE('',#7820,5.);
#495=CIRCLE('',#7823,5.);
#496=CIRCLE('',#7826,5.);
#497=CIRCLE('',#7838,4.00000005960464);
#498=CIRCLE('',#7839,2.);
#499=CIRCLE('',#7840,6.00000005960464);
#500=CIRCLE('',#7841,6.00000005960464);
#501=CIRCLE('',#7842,4.00000005960464);
#502=CIRCLE('',#7844,5.);
#503=CIRCLE('',#7845,5.);
#504=CIRCLE('',#7847,4.00000005960464);
#505=CIRCLE('',#7848,4.00000005960464);
#506=CIRCLE('',#7849,2.00000005960464);
#507=CIRCLE('',#7850,2.);
#508=CIRCLE('',#7853,4.00000005960464);
#509=CIRCLE('',#7854,2.);
#510=CIRCLE('',#7855,6.00000005960464);
#511=CIRCLE('',#7856,6.00000005960464);
#512=CIRCLE('',#7857,4.00000005960464);
#513=CIRCLE('',#7860,4.00000005960464);
#514=CIRCLE('',#7861,4.00000005960464);
#515=CIRCLE('',#7862,2.00000005960464);
#516=CIRCLE('',#7863,2.);
#517=CIRCLE('',#7866,5.);
#518=CIRCLE('',#7867,5.);
#519=CIRCLE('',#7870,5.);
#520=CIRCLE('',#7872,10.);
#521=CIRCLE('',#7873,10.);
#522=CIRCLE('',#7874,10.);
#523=CIRCLE('',#7876,5.);
#524=CIRCLE('',#7879,5.);
#525=CIRCLE('',#7881,5.);
#526=CIRCLE('',#7882,5.);
#527=CIRCLE('',#7884,5.);
#528=CIRCLE('',#7886,5.);
#529=CIRCLE('',#7887,10.);
#530=CIRCLE('',#7894,5.);
#531=CIRCLE('',#7895,5.);
#532=CIRCLE('',#7897,5.);
#533=CIRCLE('',#7898,5.);
#534=CIRCLE('',#7900,5.);
#535=CIRCLE('',#7902,5.);
#536=CIRCLE('',#7903,5.);
#537=CIRCLE('',#7905,5.);
#538=CIRCLE('',#7906,5.);
#539=CIRCLE('',#7908,5.);
#540=CIRCLE('',#7909,5.);
#541=CIRCLE('',#7911,5.);
#542=CIRCLE('',#7913,5.);
#543=CIRCLE('',#7914,5.);
#544=CIRCLE('',#7917,5.);
#545=CIRCLE('',#7918,5.);
#546=CIRCLE('',#7920,10.);
#547=CIRCLE('',#7921,5.);
#548=CIRCLE('',#7923,5.);
#549=CIRCLE('',#7924,5.);
#550=CIRCLE('',#7926,5.);
#551=CIRCLE('',#7927,5.);
#552=CIRCLE('',#7930,5.);
#553=CIRCLE('',#7931,5.);
#554=CIRCLE('',#7934,5.);
#555=CIRCLE('',#7935,5.);
#556=CIRCLE('',#7938,5.);
#557=CIRCLE('',#7939,5.);
#558=CIRCLE('',#7943,5.);
#559=CIRCLE('',#7944,5.);
#560=CIRCLE('',#7947,10.);
#561=CIRCLE('',#7949,5.);
#562=CIRCLE('',#7951,5.);
#563=CIRCLE('',#7954,5.);
#564=CIRCLE('',#7955,5.);
#565=SPHERICAL_SURFACE('',#7237,3.);
#566=SPHERICAL_SURFACE('',#7241,3.);
#567=SPHERICAL_SURFACE('',#7246,3.);
#568=SPHERICAL_SURFACE('',#7251,3.);
#569=SPHERICAL_SURFACE('',#7255,3.00000000000001);
#570=SPHERICAL_SURFACE('',#7260,3.);
#571=SPHERICAL_SURFACE('',#7266,3.00000000000001);
#572=SPHERICAL_SURFACE('',#7272,3.);
#573=SPHERICAL_SURFACE('',#7316,0.250000000000004);
#574=SPHERICAL_SURFACE('',#7321,0.25);
#575=SPHERICAL_SURFACE('',#7323,0.25);
#576=SPHERICAL_SURFACE('',#7325,0.250000000000004);
#577=SPHERICAL_SURFACE('',#7348,0.249999999999999);
#578=SPHERICAL_SURFACE('',#7350,0.250000000000004);
#579=SPHERICAL_SURFACE('',#7361,0.25);
#580=SPHERICAL_SURFACE('',#7365,0.25);
#581=SPHERICAL_SURFACE('',#7457,5.);
#582=SPHERICAL_SURFACE('',#7462,5.);
#583=SPHERICAL_SURFACE('',#7592,5.);
#584=SPHERICAL_SURFACE('',#7600,5.);
#585=SPHERICAL_SURFACE('',#7607,5.);
#586=SPHERICAL_SURFACE('',#7616,5.);
#587=SPHERICAL_SURFACE('',#7650,0.250000000000004);
#588=SPHERICAL_SURFACE('',#7655,0.25);
#589=SPHERICAL_SURFACE('',#7657,0.25);
#590=SPHERICAL_SURFACE('',#7659,0.250000000000004);
#591=SPHERICAL_SURFACE('',#7682,0.249999999999999);
#592=SPHERICAL_SURFACE('',#7684,0.250000000000004);
#593=SPHERICAL_SURFACE('',#7695,0.25);
#594=SPHERICAL_SURFACE('',#7699,0.25);
#595=SPHERICAL_SURFACE('',#7816,5.);
#596=SPHERICAL_SURFACE('',#7817,5.);
#597=SPHERICAL_SURFACE('',#7915,5.);
#598=SPHERICAL_SURFACE('',#7928,5.);
#599=SPHERICAL_SURFACE('',#7932,5.);
#600=SPHERICAL_SURFACE('',#7936,5.);
#601=SPHERICAL_SURFACE('',#7941,5.);
#602=SPHERICAL_SURFACE('',#7945,5.);
#603=FACE_OUTER_BOUND('',#1034,.T.);
#604=FACE_OUTER_BOUND('',#1035,.T.);
#605=FACE_OUTER_BOUND('',#1036,.T.);
#606=FACE_OUTER_BOUND('',#1037,.T.);
#607=FACE_OUTER_BOUND('',#1038,.T.);
#608=FACE_OUTER_BOUND('',#1039,.T.);
#609=FACE_OUTER_BOUND('',#1040,.T.);
#610=FACE_OUTER_BOUND('',#1041,.T.);
#611=FACE_OUTER_BOUND('',#1042,.T.);
#612=FACE_OUTER_BOUND('',#1043,.T.);
#613=FACE_OUTER_BOUND('',#1044,.T.);
#614=FACE_OUTER_BOUND('',#1045,.T.);
#615=FACE_OUTER_BOUND('',#1046,.T.);
#616=FACE_OUTER_BOUND('',#1047,.T.);
#617=FACE_OUTER_BOUND('',#1048,.T.);
#618=FACE_OUTER_BOUND('',#1049,.T.);
#619=FACE_OUTER_BOUND('',#1050,.T.);
#620=FACE_OUTER_BOUND('',#1051,.T.);
#621=FACE_OUTER_BOUND('',#1052,.T.);
#622=FACE_OUTER_BOUND('',#1053,.T.);
#623=FACE_OUTER_BOUND('',#1054,.T.);
#624=FACE_OUTER_BOUND('',#1055,.T.);
#625=FACE_OUTER_BOUND('',#1056,.T.);
#626=FACE_OUTER_BOUND('',#1057,.T.);
#627=FACE_OUTER_BOUND('',#1058,.T.);
#628=FACE_OUTER_BOUND('',#1059,.T.);
#629=FACE_OUTER_BOUND('',#1060,.T.);
#630=FACE_OUTER_BOUND('',#1061,.T.);
#631=FACE_OUTER_BOUND('',#1062,.T.);
#632=FACE_OUTER_BOUND('',#1063,.T.);
#633=FACE_OUTER_BOUND('',#1064,.T.);
#634=FACE_OUTER_BOUND('',#1065,.T.);
#635=FACE_OUTER_BOUND('',#1066,.T.);
#636=FACE_OUTER_BOUND('',#1067,.T.);
#637=FACE_OUTER_BOUND('',#1068,.T.);
#638=FACE_OUTER_BOUND('',#1069,.T.);
#639=FACE_OUTER_BOUND('',#1070,.T.);
#640=FACE_OUTER_BOUND('',#1071,.T.);
#641=FACE_OUTER_BOUND('',#1072,.T.);
#642=FACE_OUTER_BOUND('',#1073,.T.);
#643=FACE_OUTER_BOUND('',#1074,.T.);
#644=FACE_OUTER_BOUND('',#1075,.T.);
#645=FACE_OUTER_BOUND('',#1076,.T.);
#646=FACE_OUTER_BOUND('',#1077,.T.);
#647=FACE_OUTER_BOUND('',#1078,.T.);
#648=FACE_OUTER_BOUND('',#1079,.T.);
#649=FACE_OUTER_BOUND('',#1080,.T.);
#650=FACE_OUTER_BOUND('',#1081,.T.);
#651=FACE_OUTER_BOUND('',#1082,.T.);
#652=FACE_OUTER_BOUND('',#1083,.T.);
#653=FACE_OUTER_BOUND('',#1084,.T.);
#654=FACE_OUTER_BOUND('',#1085,.T.);
#655=FACE_OUTER_BOUND('',#1086,.T.);
#656=FACE_OUTER_BOUND('',#1087,.T.);
#657=FACE_OUTER_BOUND('',#1088,.T.);
#658=FACE_OUTER_BOUND('',#1089,.T.);
#659=FACE_OUTER_BOUND('',#1090,.T.);
#660=FACE_OUTER_BOUND('',#1091,.T.);
#661=FACE_OUTER_BOUND('',#1092,.T.);
#662=FACE_OUTER_BOUND('',#1093,.T.);
#663=FACE_OUTER_BOUND('',#1094,.T.);
#664=FACE_OUTER_BOUND('',#1095,.T.);
#665=FACE_OUTER_BOUND('',#1096,.T.);
#666=FACE_OUTER_BOUND('',#1097,.T.);
#667=FACE_OUTER_BOUND('',#1098,.T.);
#668=FACE_OUTER_BOUND('',#1099,.T.);
#669=FACE_OUTER_BOUND('',#1100,.T.);
#670=FACE_OUTER_BOUND('',#1101,.T.);
#671=FACE_OUTER_BOUND('',#1102,.T.);
#672=FACE_OUTER_BOUND('',#1103,.T.);
#673=FACE_OUTER_BOUND('',#1104,.T.);
#674=FACE_OUTER_BOUND('',#1105,.T.);
#675=FACE_OUTER_BOUND('',#1106,.T.);
#676=FACE_OUTER_BOUND('',#1107,.T.);
#677=FACE_OUTER_BOUND('',#1108,.T.);
#678=FACE_OUTER_BOUND('',#1109,.T.);
#679=FACE_OUTER_BOUND('',#1110,.T.);
#680=FACE_OUTER_BOUND('',#1111,.T.);
#681=FACE_OUTER_BOUND('',#1112,.T.);
#682=FACE_OUTER_BOUND('',#1113,.T.);
#683=FACE_OUTER_BOUND('',#1114,.T.);
#684=FACE_OUTER_BOUND('',#1115,.T.);
#685=FACE_OUTER_BOUND('',#1116,.T.);
#686=FACE_OUTER_BOUND('',#1117,.T.);
#687=FACE_OUTER_BOUND('',#1118,.T.);
#688=FACE_OUTER_BOUND('',#1119,.T.);
#689=FACE_OUTER_BOUND('',#1120,.T.);
#690=FACE_OUTER_BOUND('',#1121,.T.);
#691=FACE_OUTER_BOUND('',#1122,.T.);
#692=FACE_OUTER_BOUND('',#1123,.T.);
#693=FACE_OUTER_BOUND('',#1124,.T.);
#694=FACE_OUTER_BOUND('',#1125,.T.);
#695=FACE_OUTER_BOUND('',#1126,.T.);
#696=FACE_OUTER_BOUND('',#1127,.T.);
#697=FACE_OUTER_BOUND('',#1128,.T.);
#698=FACE_OUTER_BOUND('',#1129,.T.);
#699=FACE_OUTER_BOUND('',#1130,.T.);
#700=FACE_OUTER_BOUND('',#1131,.T.);
#701=FACE_OUTER_BOUND('',#1132,.T.);
#702=FACE_OUTER_BOUND('',#1133,.T.);
#703=FACE_OUTER_BOUND('',#1134,.T.);
#704=FACE_OUTER_BOUND('',#1135,.T.);
#705=FACE_OUTER_BOUND('',#1136,.T.);
#706=FACE_OUTER_BOUND('',#1137,.T.);
#707=FACE_OUTER_BOUND('',#1138,.T.);
#708=FACE_OUTER_BOUND('',#1139,.T.);
#709=FACE_OUTER_BOUND('',#1140,.T.);
#710=FACE_OUTER_BOUND('',#1141,.T.);
#711=FACE_OUTER_BOUND('',#1142,.T.);
#712=FACE_OUTER_BOUND('',#1143,.T.);
#713=FACE_OUTER_BOUND('',#1144,.T.);
#714=FACE_OUTER_BOUND('',#1145,.T.);
#715=FACE_OUTER_BOUND('',#1146,.T.);
#716=FACE_OUTER_BOUND('',#1147,.T.);
#717=FACE_OUTER_BOUND('',#1148,.T.);
#718=FACE_OUTER_BOUND('',#1149,.T.);
#719=FACE_OUTER_BOUND('',#1150,.T.);
#720=FACE_OUTER_BOUND('',#1151,.T.);
#721=FACE_OUTER_BOUND('',#1152,.T.);
#722=FACE_OUTER_BOUND('',#1153,.T.);
#723=FACE_OUTER_BOUND('',#1154,.T.);
#724=FACE_OUTER_BOUND('',#1156,.T.);
#725=FACE_OUTER_BOUND('',#1157,.T.);
#726=FACE_OUTER_BOUND('',#1159,.T.);
#727=FACE_OUTER_BOUND('',#1160,.T.);
#728=FACE_OUTER_BOUND('',#1161,.T.);
#729=FACE_OUTER_BOUND('',#1162,.T.);
#730=FACE_OUTER_BOUND('',#1163,.T.);
#731=FACE_OUTER_BOUND('',#1164,.T.);
#732=FACE_OUTER_BOUND('',#1165,.T.);
#733=FACE_OUTER_BOUND('',#1167,.T.);
#734=FACE_OUTER_BOUND('',#1168,.T.);
#735=FACE_OUTER_BOUND('',#1170,.T.);
#736=FACE_OUTER_BOUND('',#1171,.T.);
#737=FACE_OUTER_BOUND('',#1172,.T.);
#738=FACE_OUTER_BOUND('',#1174,.T.);
#739=FACE_OUTER_BOUND('',#1175,.T.);
#740=FACE_OUTER_BOUND('',#1176,.T.);
#741=FACE_OUTER_BOUND('',#1177,.T.);
#742=FACE_OUTER_BOUND('',#1178,.T.);
#743=FACE_OUTER_BOUND('',#1179,.T.);
#744=FACE_OUTER_BOUND('',#1180,.T.);
#745=FACE_OUTER_BOUND('',#1181,.T.);
#746=FACE_OUTER_BOUND('',#1182,.T.);
#747=FACE_OUTER_BOUND('',#1183,.T.);
#748=FACE_OUTER_BOUND('',#1184,.T.);
#749=FACE_OUTER_BOUND('',#1185,.T.);
#750=FACE_OUTER_BOUND('',#1186,.T.);
#751=FACE_OUTER_BOUND('',#1187,.T.);
#752=FACE_OUTER_BOUND('',#1188,.T.);
#753=FACE_OUTER_BOUND('',#1189,.T.);
#754=FACE_OUTER_BOUND('',#1190,.T.);
#755=FACE_OUTER_BOUND('',#1191,.T.);
#756=FACE_OUTER_BOUND('',#1192,.T.);
#757=FACE_OUTER_BOUND('',#1193,.T.);
#758=FACE_OUTER_BOUND('',#1194,.T.);
#759=FACE_OUTER_BOUND('',#1196,.T.);
#760=FACE_OUTER_BOUND('',#1197,.T.);
#761=FACE_OUTER_BOUND('',#1198,.T.);
#762=FACE_OUTER_BOUND('',#1199,.T.);
#763=FACE_OUTER_BOUND('',#1200,.T.);
#764=FACE_OUTER_BOUND('',#1201,.T.);
#765=FACE_OUTER_BOUND('',#1202,.T.);
#766=FACE_OUTER_BOUND('',#1203,.T.);
#767=FACE_OUTER_BOUND('',#1204,.T.);
#768=FACE_OUTER_BOUND('',#1205,.T.);
#769=FACE_OUTER_BOUND('',#1206,.T.);
#770=FACE_OUTER_BOUND('',#1207,.T.);
#771=FACE_OUTER_BOUND('',#1208,.T.);
#772=FACE_OUTER_BOUND('',#1209,.T.);
#773=FACE_OUTER_BOUND('',#1210,.T.);
#774=FACE_OUTER_BOUND('',#1211,.T.);
#775=FACE_OUTER_BOUND('',#1212,.T.);
#776=FACE_OUTER_BOUND('',#1213,.T.);
#777=FACE_OUTER_BOUND('',#1214,.T.);
#778=FACE_OUTER_BOUND('',#1215,.T.);
#779=FACE_OUTER_BOUND('',#1216,.T.);
#780=FACE_OUTER_BOUND('',#1217,.T.);
#781=FACE_OUTER_BOUND('',#1218,.T.);
#782=FACE_OUTER_BOUND('',#1219,.T.);
#783=FACE_OUTER_BOUND('',#1220,.T.);
#784=FACE_OUTER_BOUND('',#1221,.T.);
#785=FACE_OUTER_BOUND('',#1222,.T.);
#786=FACE_OUTER_BOUND('',#1223,.T.);
#787=FACE_OUTER_BOUND('',#1224,.T.);
#788=FACE_OUTER_BOUND('',#1225,.T.);
#789=FACE_OUTER_BOUND('',#1226,.T.);
#790=FACE_OUTER_BOUND('',#1227,.T.);
#791=FACE_OUTER_BOUND('',#1228,.T.);
#792=FACE_OUTER_BOUND('',#1229,.T.);
#793=FACE_OUTER_BOUND('',#1230,.T.);
#794=FACE_OUTER_BOUND('',#1231,.T.);
#795=FACE_OUTER_BOUND('',#1232,.T.);
#796=FACE_OUTER_BOUND('',#1233,.T.);
#797=FACE_OUTER_BOUND('',#1234,.T.);
#798=FACE_OUTER_BOUND('',#1235,.T.);
#799=FACE_OUTER_BOUND('',#1236,.T.);
#800=FACE_OUTER_BOUND('',#1237,.T.);
#801=FACE_OUTER_BOUND('',#1238,.T.);
#802=FACE_OUTER_BOUND('',#1239,.T.);
#803=FACE_OUTER_BOUND('',#1240,.T.);
#804=FACE_OUTER_BOUND('',#1241,.T.);
#805=FACE_OUTER_BOUND('',#1242,.T.);
#806=FACE_OUTER_BOUND('',#1243,.T.);
#807=FACE_OUTER_BOUND('',#1244,.T.);
#808=FACE_OUTER_BOUND('',#1245,.T.);
#809=FACE_OUTER_BOUND('',#1246,.T.);
#810=FACE_OUTER_BOUND('',#1247,.T.);
#811=FACE_OUTER_BOUND('',#1248,.T.);
#812=FACE_OUTER_BOUND('',#1249,.T.);
#813=FACE_OUTER_BOUND('',#1250,.T.);
#814=FACE_OUTER_BOUND('',#1251,.T.);
#815=FACE_OUTER_BOUND('',#1252,.T.);
#816=FACE_OUTER_BOUND('',#1254,.T.);
#817=FACE_OUTER_BOUND('',#1255,.T.);
#818=FACE_OUTER_BOUND('',#1257,.T.);
#819=FACE_OUTER_BOUND('',#1258,.T.);
#820=FACE_OUTER_BOUND('',#1260,.T.);
#821=FACE_OUTER_BOUND('',#1261,.T.);
#822=FACE_OUTER_BOUND('',#1262,.T.);
#823=FACE_OUTER_BOUND('',#1263,.T.);
#824=FACE_OUTER_BOUND('',#1264,.T.);
#825=FACE_OUTER_BOUND('',#1265,.T.);
#826=FACE_OUTER_BOUND('',#1266,.T.);
#827=FACE_OUTER_BOUND('',#1267,.T.);
#828=FACE_OUTER_BOUND('',#1268,.T.);
#829=FACE_OUTER_BOUND('',#1269,.T.);
#830=FACE_OUTER_BOUND('',#1270,.T.);
#831=FACE_OUTER_BOUND('',#1271,.T.);
#832=FACE_OUTER_BOUND('',#1272,.T.);
#833=FACE_OUTER_BOUND('',#1273,.T.);
#834=FACE_OUTER_BOUND('',#1274,.T.);
#835=FACE_OUTER_BOUND('',#1275,.T.);
#836=FACE_OUTER_BOUND('',#1276,.T.);
#837=FACE_OUTER_BOUND('',#1277,.T.);
#838=FACE_OUTER_BOUND('',#1278,.T.);
#839=FACE_OUTER_BOUND('',#1279,.T.);
#840=FACE_OUTER_BOUND('',#1280,.T.);
#841=FACE_OUTER_BOUND('',#1281,.T.);
#842=FACE_OUTER_BOUND('',#1282,.T.);
#843=FACE_OUTER_BOUND('',#1283,.T.);
#844=FACE_OUTER_BOUND('',#1284,.T.);
#845=FACE_OUTER_BOUND('',#1285,.T.);
#846=FACE_OUTER_BOUND('',#1286,.T.);
#847=FACE_OUTER_BOUND('',#1287,.T.);
#848=FACE_OUTER_BOUND('',#1288,.T.);
#849=FACE_OUTER_BOUND('',#1289,.T.);
#850=FACE_OUTER_BOUND('',#1290,.T.);
#851=FACE_OUTER_BOUND('',#1291,.T.);
#852=FACE_OUTER_BOUND('',#1292,.T.);
#853=FACE_OUTER_BOUND('',#1293,.T.);
#854=FACE_OUTER_BOUND('',#1294,.T.);
#855=FACE_OUTER_BOUND('',#1295,.T.);
#856=FACE_OUTER_BOUND('',#1296,.T.);
#857=FACE_OUTER_BOUND('',#1297,.T.);
#858=FACE_OUTER_BOUND('',#1298,.T.);
#859=FACE_OUTER_BOUND('',#1299,.T.);
#860=FACE_OUTER_BOUND('',#1300,.T.);
#861=FACE_OUTER_BOUND('',#1301,.T.);
#862=FACE_OUTER_BOUND('',#1302,.T.);
#863=FACE_OUTER_BOUND('',#1303,.T.);
#864=FACE_OUTER_BOUND('',#1304,.T.);
#865=FACE_OUTER_BOUND('',#1305,.T.);
#866=FACE_OUTER_BOUND('',#1306,.T.);
#867=FACE_OUTER_BOUND('',#1307,.T.);
#868=FACE_OUTER_BOUND('',#1308,.T.);
#869=FACE_OUTER_BOUND('',#1309,.T.);
#870=FACE_OUTER_BOUND('',#1310,.T.);
#871=FACE_OUTER_BOUND('',#1311,.T.);
#872=FACE_OUTER_BOUND('',#1312,.T.);
#873=FACE_OUTER_BOUND('',#1313,.T.);
#874=FACE_OUTER_BOUND('',#1314,.T.);
#875=FACE_OUTER_BOUND('',#1315,.T.);
#876=FACE_OUTER_BOUND('',#1316,.T.);
#877=FACE_OUTER_BOUND('',#1317,.T.);
#878=FACE_OUTER_BOUND('',#1318,.T.);
#879=FACE_OUTER_BOUND('',#1319,.T.);
#880=FACE_OUTER_BOUND('',#1320,.T.);
#881=FACE_OUTER_BOUND('',#1321,.T.);
#882=FACE_OUTER_BOUND('',#1322,.T.);
#883=FACE_OUTER_BOUND('',#1323,.T.);
#884=FACE_OUTER_BOUND('',#1324,.T.);
#885=FACE_OUTER_BOUND('',#1325,.T.);
#886=FACE_OUTER_BOUND('',#1326,.T.);
#887=FACE_OUTER_BOUND('',#1327,.T.);
#888=FACE_OUTER_BOUND('',#1328,.T.);
#889=FACE_OUTER_BOUND('',#1329,.T.);
#890=FACE_OUTER_BOUND('',#1330,.T.);
#891=FACE_OUTER_BOUND('',#1331,.T.);
#892=FACE_OUTER_BOUND('',#1332,.T.);
#893=FACE_OUTER_BOUND('',#1333,.T.);
#894=FACE_OUTER_BOUND('',#1334,.T.);
#895=FACE_OUTER_BOUND('',#1335,.T.);
#896=FACE_OUTER_BOUND('',#1336,.T.);
#897=FACE_OUTER_BOUND('',#1337,.T.);
#898=FACE_OUTER_BOUND('',#1338,.T.);
#899=FACE_OUTER_BOUND('',#1339,.T.);
#900=FACE_OUTER_BOUND('',#1340,.T.);
#901=FACE_OUTER_BOUND('',#1341,.T.);
#902=FACE_OUTER_BOUND('',#1342,.T.);
#903=FACE_OUTER_BOUND('',#1343,.T.);
#904=FACE_OUTER_BOUND('',#1344,.T.);
#905=FACE_OUTER_BOUND('',#1345,.T.);
#906=FACE_OUTER_BOUND('',#1346,.T.);
#907=FACE_OUTER_BOUND('',#1347,.T.);
#908=FACE_OUTER_BOUND('',#1348,.T.);
#909=FACE_OUTER_BOUND('',#1349,.T.);
#910=FACE_OUTER_BOUND('',#1350,.T.);
#911=FACE_OUTER_BOUND('',#1351,.T.);
#912=FACE_OUTER_BOUND('',#1352,.T.);
#913=FACE_OUTER_BOUND('',#1353,.T.);
#914=FACE_OUTER_BOUND('',#1354,.T.);
#915=FACE_OUTER_BOUND('',#1355,.T.);
#916=FACE_OUTER_BOUND('',#1356,.T.);
#917=FACE_OUTER_BOUND('',#1357,.T.);
#918=FACE_OUTER_BOUND('',#1359,.T.);
#919=FACE_OUTER_BOUND('',#1360,.T.);
#920=FACE_OUTER_BOUND('',#1362,.T.);
#921=FACE_OUTER_BOUND('',#1363,.T.);
#922=FACE_OUTER_BOUND('',#1365,.T.);
#923=FACE_OUTER_BOUND('',#1366,.T.);
#924=FACE_OUTER_BOUND('',#1367,.T.);
#925=FACE_OUTER_BOUND('',#1368,.T.);
#926=FACE_OUTER_BOUND('',#1369,.T.);
#927=FACE_OUTER_BOUND('',#1370,.T.);
#928=FACE_OUTER_BOUND('',#1371,.T.);
#929=FACE_OUTER_BOUND('',#1372,.T.);
#930=FACE_OUTER_BOUND('',#1373,.T.);
#931=FACE_OUTER_BOUND('',#1374,.T.);
#932=FACE_OUTER_BOUND('',#1375,.T.);
#933=FACE_OUTER_BOUND('',#1376,.T.);
#934=FACE_OUTER_BOUND('',#1377,.T.);
#935=FACE_OUTER_BOUND('',#1378,.T.);
#936=FACE_OUTER_BOUND('',#1379,.T.);
#937=FACE_OUTER_BOUND('',#1380,.T.);
#938=FACE_OUTER_BOUND('',#1381,.T.);
#939=FACE_OUTER_BOUND('',#1382,.T.);
#940=FACE_OUTER_BOUND('',#1383,.T.);
#941=FACE_OUTER_BOUND('',#1384,.T.);
#942=FACE_OUTER_BOUND('',#1385,.T.);
#943=FACE_OUTER_BOUND('',#1386,.T.);
#944=FACE_OUTER_BOUND('',#1387,.T.);
#945=FACE_OUTER_BOUND('',#1388,.T.);
#946=FACE_OUTER_BOUND('',#1389,.T.);
#947=FACE_OUTER_BOUND('',#1390,.T.);
#948=FACE_OUTER_BOUND('',#1391,.T.);
#949=FACE_OUTER_BOUND('',#1392,.T.);
#950=FACE_OUTER_BOUND('',#1393,.T.);
#951=FACE_OUTER_BOUND('',#1394,.T.);
#952=FACE_OUTER_BOUND('',#1395,.T.);
#953=FACE_OUTER_BOUND('',#1396,.T.);
#954=FACE_OUTER_BOUND('',#1397,.T.);
#955=FACE_OUTER_BOUND('',#1398,.T.);
#956=FACE_OUTER_BOUND('',#1400,.T.);
#957=FACE_OUTER_BOUND('',#1401,.T.);
#958=FACE_OUTER_BOUND('',#1403,.T.);
#959=FACE_OUTER_BOUND('',#1404,.T.);
#960=FACE_OUTER_BOUND('',#1406,.T.);
#961=FACE_OUTER_BOUND('',#1407,.T.);
#962=FACE_OUTER_BOUND('',#1408,.T.);
#963=FACE_OUTER_BOUND('',#1409,.T.);
#964=FACE_OUTER_BOUND('',#1410,.T.);
#965=FACE_OUTER_BOUND('',#1411,.T.);
#966=FACE_OUTER_BOUND('',#1412,.T.);
#967=FACE_OUTER_BOUND('',#1413,.T.);
#968=FACE_OUTER_BOUND('',#1414,.T.);
#969=FACE_OUTER_BOUND('',#1415,.T.);
#970=FACE_OUTER_BOUND('',#1416,.T.);
#971=FACE_OUTER_BOUND('',#1417,.T.);
#972=FACE_OUTER_BOUND('',#1418,.T.);
#973=FACE_OUTER_BOUND('',#1419,.T.);
#974=FACE_OUTER_BOUND('',#1420,.T.);
#975=FACE_OUTER_BOUND('',#1421,.T.);
#976=FACE_OUTER_BOUND('',#1422,.T.);
#977=FACE_OUTER_BOUND('',#1423,.T.);
#978=FACE_OUTER_BOUND('',#1424,.T.);
#979=FACE_OUTER_BOUND('',#1426,.T.);
#980=FACE_OUTER_BOUND('',#1427,.T.);
#981=FACE_OUTER_BOUND('',#1428,.T.);
#982=FACE_OUTER_BOUND('',#1429,.T.);
#983=FACE_OUTER_BOUND('',#1430,.T.);
#984=FACE_OUTER_BOUND('',#1431,.T.);
#985=FACE_OUTER_BOUND('',#1432,.T.);
#986=FACE_OUTER_BOUND('',#1433,.T.);
#987=FACE_OUTER_BOUND('',#1434,.T.);
#988=FACE_OUTER_BOUND('',#1435,.T.);
#989=FACE_OUTER_BOUND('',#1436,.T.);
#990=FACE_OUTER_BOUND('',#1437,.T.);
#991=FACE_OUTER_BOUND('',#1438,.T.);
#992=FACE_OUTER_BOUND('',#1439,.T.);
#993=FACE_OUTER_BOUND('',#1440,.T.);
#994=FACE_OUTER_BOUND('',#1441,.T.);
#995=FACE_OUTER_BOUND('',#1442,.T.);
#996=FACE_OUTER_BOUND('',#1443,.T.);
#997=FACE_OUTER_BOUND('',#1444,.T.);
#998=FACE_OUTER_BOUND('',#1445,.T.);
#999=FACE_OUTER_BOUND('',#1446,.T.);
#1000=FACE_OUTER_BOUND('',#1447,.T.);
#1001=FACE_OUTER_BOUND('',#1448,.T.);
#1002=FACE_OUTER_BOUND('',#1449,.T.);
#1003=FACE_OUTER_BOUND('',#1450,.T.);
#1004=FACE_OUTER_BOUND('',#1451,.T.);
#1005=FACE_OUTER_BOUND('',#1452,.T.);
#1006=FACE_OUTER_BOUND('',#1453,.T.);
#1007=FACE_OUTER_BOUND('',#1454,.T.);
#1008=FACE_OUTER_BOUND('',#1455,.T.);
#1009=FACE_OUTER_BOUND('',#1456,.T.);
#1010=FACE_OUTER_BOUND('',#1457,.T.);
#1011=FACE_OUTER_BOUND('',#1458,.T.);
#1012=FACE_OUTER_BOUND('',#1459,.T.);
#1013=FACE_OUTER_BOUND('',#1460,.T.);
#1014=FACE_OUTER_BOUND('',#1461,.T.);
#1015=FACE_OUTER_BOUND('',#1462,.T.);
#1016=FACE_OUTER_BOUND('',#1463,.T.);
#1017=FACE_OUTER_BOUND('',#1464,.T.);
#1018=FACE_OUTER_BOUND('',#1466,.T.);
#1019=FACE_OUTER_BOUND('',#1468,.T.);
#1020=FACE_OUTER_BOUND('',#1469,.T.);
#1021=FACE_OUTER_BOUND('',#1471,.T.);
#1022=FACE_OUTER_BOUND('',#1472,.T.);
#1023=FACE_OUTER_BOUND('',#1473,.T.);
#1024=FACE_OUTER_BOUND('',#1474,.T.);
#1025=FACE_OUTER_BOUND('',#1475,.T.);
#1026=FACE_OUTER_BOUND('',#1476,.T.);
#1027=FACE_OUTER_BOUND('',#1477,.T.);
#1028=FACE_OUTER_BOUND('',#1478,.T.);
#1029=FACE_OUTER_BOUND('',#1479,.T.);
#1030=FACE_OUTER_BOUND('',#1480,.T.);
#1031=FACE_OUTER_BOUND('',#1481,.T.);
#1032=FACE_OUTER_BOUND('',#1482,.T.);
#1033=FACE_OUTER_BOUND('',#1484,.T.);
#1034=EDGE_LOOP('',(#4500,#4501,#4502,#4503));
#1035=EDGE_LOOP('',(#4504,#4505,#4506,#4507));
#1036=EDGE_LOOP('',(#4508,#4509,#4510,#4511));
#1037=EDGE_LOOP('',(#4512,#4513,#4514,#4515));
#1038=EDGE_LOOP('',(#4516,#4517,#4518,#4519));
#1039=EDGE_LOOP('',(#4520,#4521,#4522,#4523,#4524,#4525,#4526,#4527));
#1040=EDGE_LOOP('',(#4528,#4529,#4530));
#1041=EDGE_LOOP('',(#4531,#4532,#4533));
#1042=EDGE_LOOP('',(#4534,#4535,#4536,#4537));
#1043=EDGE_LOOP('',(#4538,#4539,#4540));
#1044=EDGE_LOOP('',(#4541,#4542,#4543,#4544));
#1045=EDGE_LOOP('',(#4545,#4546,#4547));
#1046=EDGE_LOOP('',(#4548,#4549,#4550));
#1047=EDGE_LOOP('',(#4551,#4552,#4553,#4554));
#1048=EDGE_LOOP('',(#4555,#4556,#4557));
#1049=EDGE_LOOP('',(#4558,#4559,#4560,#4561));
#1050=EDGE_LOOP('',(#4562,#4563,#4564,#4565));
#1051=EDGE_LOOP('',(#4566,#4567,#4568));
#1052=EDGE_LOOP('',(#4569,#4570,#4571,#4572));
#1053=EDGE_LOOP('',(#4573,#4574,#4575,#4576));
#1054=EDGE_LOOP('',(#4577,#4578,#4579));
#1055=EDGE_LOOP('',(#4580,#4581,#4582,#4583));
#1056=EDGE_LOOP('',(#4584,#4585,#4586,#4587));
#1057=EDGE_LOOP('',(#4588,#4589,#4590,#4591));
#1058=EDGE_LOOP('',(#4592,#4593,#4594,#4595));
#1059=EDGE_LOOP('',(#4596,#4597,#4598,#4599,#4600,#4601));
#1060=EDGE_LOOP('',(#4602,#4603,#4604,#4605));
#1061=EDGE_LOOP('',(#4606,#4607,#4608,#4609));
#1062=EDGE_LOOP('',(#4610,#4611,#4612,#4613));
#1063=EDGE_LOOP('',(#4614,#4615,#4616,#4617));
#1064=EDGE_LOOP('',(#4618,#4619,#4620,#4621));
#1065=EDGE_LOOP('',(#4622,#4623,#4624,#4625));
#1066=EDGE_LOOP('',(#4626,#4627,#4628,#4629));
#1067=EDGE_LOOP('',(#4630,#4631,#4632,#4633));
#1068=EDGE_LOOP('',(#4634,#4635,#4636,#4637));
#1069=EDGE_LOOP('',(#4638,#4639,#4640,#4641));
#1070=EDGE_LOOP('',(#4642,#4643,#4644,#4645));
#1071=EDGE_LOOP('',(#4646,#4647,#4648,#4649));
#1072=EDGE_LOOP('',(#4650,#4651,#4652,#4653));
#1073=EDGE_LOOP('',(#4654,#4655,#4656,#4657));
#1074=EDGE_LOOP('',(#4658,#4659,#4660,#4661));
#1075=EDGE_LOOP('',(#4662,#4663,#4664,#4665));
#1076=EDGE_LOOP('',(#4666,#4667,#4668,#4669));
#1077=EDGE_LOOP('',(#4670,#4671,#4672,#4673));
#1078=EDGE_LOOP('',(#4674,#4675,#4676,#4677));
#1079=EDGE_LOOP('',(#4678,#4679,#4680,#4681));
#1080=EDGE_LOOP('',(#4682,#4683,#4684,#4685,#4686,#4687,#4688,#4689));
#1081=EDGE_LOOP('',(#4690,#4691,#4692,#4693));
#1082=EDGE_LOOP('',(#4694,#4695,#4696,#4697,#4698,#4699,#4700,#4701));
#1083=EDGE_LOOP('',(#4702,#4703,#4704,#4705,#4706,#4707,#4708,#4709,#4710,
#4711,#4712,#4713));
#1084=EDGE_LOOP('',(#4714,#4715,#4716,#4717));
#1085=EDGE_LOOP('',(#4718,#4719,#4720,#4721));
#1086=EDGE_LOOP('',(#4722,#4723,#4724,#4725));
#1087=EDGE_LOOP('',(#4726,#4727,#4728,#4729));
#1088=EDGE_LOOP('',(#4730,#4731,#4732,#4733));
#1089=EDGE_LOOP('',(#4734,#4735,#4736));
#1090=EDGE_LOOP('',(#4737,#4738,#4739,#4740));
#1091=EDGE_LOOP('',(#4741,#4742,#4743));
#1092=EDGE_LOOP('',(#4744,#4745,#4746));
#1093=EDGE_LOOP('',(#4747,#4748,#4749));
#1094=EDGE_LOOP('',(#4750,#4751,#4752,#4753));
#1095=EDGE_LOOP('',(#4754,#4755,#4756,#4757));
#1096=EDGE_LOOP('',(#4758,#4759,#4760,#4761));
#1097=EDGE_LOOP('',(#4762,#4763,#4764,#4765,#4766,#4767,#4768,#4769,#4770,
#4771,#4772,#4773,#4774,#4775,#4776,#4777,#4778,#4779,#4780,#4781,#4782,
#4783,#4784,#4785,#4786,#4787));
#1098=EDGE_LOOP('',(#4788,#4789,#4790,#4791));
#1099=EDGE_LOOP('',(#4792,#4793,#4794,#4795));
#1100=EDGE_LOOP('',(#4796,#4797,#4798,#4799));
#1101=EDGE_LOOP('',(#4800,#4801,#4802,#4803));
#1102=EDGE_LOOP('',(#4804,#4805,#4806,#4807));
#1103=EDGE_LOOP('',(#4808,#4809,#4810,#4811));
#1104=EDGE_LOOP('',(#4812,#4813,#4814,#4815));
#1105=EDGE_LOOP('',(#4816,#4817,#4818));
#1106=EDGE_LOOP('',(#4819,#4820,#4821));
#1107=EDGE_LOOP('',(#4822,#4823,#4824,#4825));
#1108=EDGE_LOOP('',(#4826,#4827,#4828,#4829,#4830,#4831,#4832,#4833,#4834,
#4835,#4836,#4837,#4838,#4839,#4840,#4841,#4842,#4843,#4844,#4845,#4846,
#4847,#4848,#4849,#4850,#4851));
#1109=EDGE_LOOP('',(#4852,#4853,#4854,#4855));
#1110=EDGE_LOOP('',(#4856,#4857,#4858,#4859));
#1111=EDGE_LOOP('',(#4860,#4861,#4862));
#1112=EDGE_LOOP('',(#4863,#4864,#4865));
#1113=EDGE_LOOP('',(#4866,#4867,#4868,#4869));
#1114=EDGE_LOOP('',(#4870,#4871,#4872,#4873));
#1115=EDGE_LOOP('',(#4874,#4875,#4876,#4877));
#1116=EDGE_LOOP('',(#4878,#4879,#4880,#4881));
#1117=EDGE_LOOP('',(#4882,#4883,#4884,#4885));
#1118=EDGE_LOOP('',(#4886,#4887,#4888,#4889));
#1119=EDGE_LOOP('',(#4890,#4891,#4892,#4893));
#1120=EDGE_LOOP('',(#4894,#4895,#4896,#4897));
#1121=EDGE_LOOP('',(#4898,#4899,#4900,#4901));
#1122=EDGE_LOOP('',(#4902,#4903,#4904,#4905));
#1123=EDGE_LOOP('',(#4906,#4907,#4908,#4909));
#1124=EDGE_LOOP('',(#4910,#4911,#4912,#4913));
#1125=EDGE_LOOP('',(#4914,#4915,#4916,#4917));
#1126=EDGE_LOOP('',(#4918,#4919,#4920,#4921));
#1127=EDGE_LOOP('',(#4922,#4923,#4924,#4925));
#1128=EDGE_LOOP('',(#4926,#4927,#4928,#4929));
#1129=EDGE_LOOP('',(#4930,#4931,#4932));
#1130=EDGE_LOOP('',(#4933,#4934,#4935));
#1131=EDGE_LOOP('',(#4936,#4937,#4938,#4939));
#1132=EDGE_LOOP('',(#4940,#4941,#4942,#4943));
#1133=EDGE_LOOP('',(#4944,#4945,#4946));
#1134=EDGE_LOOP('',(#4947,#4948,#4949));
#1135=EDGE_LOOP('',(#4950,#4951,#4952,#4953));
#1136=EDGE_LOOP('',(#4954,#4955,#4956,#4957));
#1137=EDGE_LOOP('',(#4958,#4959,#4960,#4961));
#1138=EDGE_LOOP('',(#4962,#4963,#4964,#4965));
#1139=EDGE_LOOP('',(#4966,#4967,#4968,#4969,#4970,#4971));
#1140=EDGE_LOOP('',(#4972,#4973,#4974,#4975));
#1141=EDGE_LOOP('',(#4976,#4977,#4978,#4979));
#1142=EDGE_LOOP('',(#4980,#4981,#4982,#4983));
#1143=EDGE_LOOP('',(#4984,#4985,#4986,#4987));
#1144=EDGE_LOOP('',(#4988,#4989,#4990,#4991));
#1145=EDGE_LOOP('',(#4992,#4993,#4994,#4995));
#1146=EDGE_LOOP('',(#4996,#4997,#4998,#4999));
#1147=EDGE_LOOP('',(#5000,#5001,#5002,#5003));
#1148=EDGE_LOOP('',(#5004,#5005,#5006,#5007));
#1149=EDGE_LOOP('',(#5008,#5009,#5010,#5011));
#1150=EDGE_LOOP('',(#5012,#5013,#5014,#5015));
#1151=EDGE_LOOP('',(#5016,#5017,#5018,#5019));
#1152=EDGE_LOOP('',(#5020,#5021,#5022,#5023));
#1153=EDGE_LOOP('',(#5024,#5025,#5026,#5027));
#1154=EDGE_LOOP('',(#5028,#5029,#5030,#5031));
#1155=EDGE_LOOP('',(#5032,#5033,#5034,#5035));
#1156=EDGE_LOOP('',(#5036,#5037,#5038,#5039));
#1157=EDGE_LOOP('',(#5040,#5041,#5042,#5043));
#1158=EDGE_LOOP('',(#5044,#5045,#5046,#5047));
#1159=EDGE_LOOP('',(#5048,#5049,#5050,#5051));
#1160=EDGE_LOOP('',(#5052,#5053,#5054,#5055));
#1161=EDGE_LOOP('',(#5056,#5057,#5058,#5059));
#1162=EDGE_LOOP('',(#5060,#5061,#5062,#5063));
#1163=EDGE_LOOP('',(#5064,#5065,#5066,#5067));
#1164=EDGE_LOOP('',(#5068,#5069,#5070,#5071));
#1165=EDGE_LOOP('',(#5072,#5073,#5074,#5075));
#1166=EDGE_LOOP('',(#5076,#5077,#5078,#5079));
#1167=EDGE_LOOP('',(#5080,#5081,#5082,#5083));
#1168=EDGE_LOOP('',(#5084,#5085,#5086,#5087));
#1169=EDGE_LOOP('',(#5088,#5089,#5090,#5091));
#1170=EDGE_LOOP('',(#5092,#5093,#5094,#5095));
#1171=EDGE_LOOP('',(#5096,#5097,#5098,#5099));
#1172=EDGE_LOOP('',(#5100,#5101,#5102,#5103,#5104,#5105,#5106,#5107));
#1173=EDGE_LOOP('',(#5108,#5109,#5110,#5111));
#1174=EDGE_LOOP('',(#5112,#5113,#5114,#5115));
#1175=EDGE_LOOP('',(#5116,#5117,#5118,#5119));
#1176=EDGE_LOOP('',(#5120,#5121,#5122,#5123));
#1177=EDGE_LOOP('',(#5124,#5125,#5126,#5127,#5128,#5129,#5130));
#1178=EDGE_LOOP('',(#5131,#5132,#5133));
#1179=EDGE_LOOP('',(#5134,#5135,#5136,#5137));
#1180=EDGE_LOOP('',(#5138,#5139,#5140));
#1181=EDGE_LOOP('',(#5141,#5142,#5143,#5144));
#1182=EDGE_LOOP('',(#5145,#5146,#5147,#5148));
#1183=EDGE_LOOP('',(#5149,#5150,#5151,#5152));
#1184=EDGE_LOOP('',(#5153,#5154,#5155,#5156));
#1185=EDGE_LOOP('',(#5157,#5158,#5159,#5160));
#1186=EDGE_LOOP('',(#5161,#5162,#5163,#5164));
#1187=EDGE_LOOP('',(#5165,#5166,#5167,#5168));
#1188=EDGE_LOOP('',(#5169,#5170,#5171,#5172));
#1189=EDGE_LOOP('',(#5173,#5174,#5175,#5176));
#1190=EDGE_LOOP('',(#5177,#5178,#5179,#5180));
#1191=EDGE_LOOP('',(#5181,#5182,#5183,#5184));
#1192=EDGE_LOOP('',(#5185,#5186,#5187,#5188,#5189,#5190,#5191));
#1193=EDGE_LOOP('',(#5192,#5193,#5194,#5195));
#1194=EDGE_LOOP('',(#5196,#5197,#5198,#5199,#5200,#5201,#5202,#5203));
#1195=EDGE_LOOP('',(#5204,#5205,#5206,#5207));
#1196=EDGE_LOOP('',(#5208,#5209,#5210,#5211));
#1197=EDGE_LOOP('',(#5212,#5213,#5214,#5215));
#1198=EDGE_LOOP('',(#5216,#5217,#5218,#5219));
#1199=EDGE_LOOP('',(#5220,#5221,#5222,#5223));
#1200=EDGE_LOOP('',(#5224,#5225,#5226,#5227));
#1201=EDGE_LOOP('',(#5228,#5229,#5230,#5231));
#1202=EDGE_LOOP('',(#5232,#5233,#5234,#5235));
#1203=EDGE_LOOP('',(#5236,#5237,#5238,#5239));
#1204=EDGE_LOOP('',(#5240,#5241,#5242,#5243));
#1205=EDGE_LOOP('',(#5244,#5245,#5246,#5247));
#1206=EDGE_LOOP('',(#5248,#5249,#5250,#5251));
#1207=EDGE_LOOP('',(#5252,#5253,#5254,#5255));
#1208=EDGE_LOOP('',(#5256,#5257,#5258,#5259));
#1209=EDGE_LOOP('',(#5260,#5261,#5262,#5263));
#1210=EDGE_LOOP('',(#5264,#5265,#5266,#5267));
#1211=EDGE_LOOP('',(#5268,#5269,#5270,#5271));
#1212=EDGE_LOOP('',(#5272,#5273,#5274,#5275));
#1213=EDGE_LOOP('',(#5276,#5277,#5278,#5279));
#1214=EDGE_LOOP('',(#5280,#5281,#5282,#5283));
#1215=EDGE_LOOP('',(#5284,#5285,#5286,#5287));
#1216=EDGE_LOOP('',(#5288,#5289,#5290,#5291));
#1217=EDGE_LOOP('',(#5292,#5293,#5294,#5295,#5296,#5297,#5298,#5299,#5300,
#5301,#5302,#5303,#5304,#5305,#5306,#5307,#5308,#5309,#5310,#5311,#5312,
#5313,#5314,#5315,#5316,#5317,#5318,#5319));
#1218=EDGE_LOOP('',(#5320,#5321,#5322,#5323,#5324,#5325,#5326,#5327,#5328,
#5329,#5330,#5331,#5332,#5333,#5334,#5335,#5336,#5337,#5338,#5339,#5340,
#5341,#5342,#5343,#5344,#5345,#5346,#5347));
#1219=EDGE_LOOP('',(#5348,#5349,#5350,#5351));
#1220=EDGE_LOOP('',(#5352,#5353,#5354,#5355));
#1221=EDGE_LOOP('',(#5356,#5357,#5358,#5359));
#1222=EDGE_LOOP('',(#5360,#5361,#5362,#5363));
#1223=EDGE_LOOP('',(#5364,#5365,#5366,#5367));
#1224=EDGE_LOOP('',(#5368,#5369,#5370,#5371));
#1225=EDGE_LOOP('',(#5372,#5373,#5374,#5375));
#1226=EDGE_LOOP('',(#5376,#5377,#5378,#5379,#5380,#5381,#5382,#5383,#5384));
#1227=EDGE_LOOP('',(#5385,#5386,#5387,#5388,#5389,#5390,#5391,#5392,#5393));
#1228=EDGE_LOOP('',(#5394,#5395,#5396,#5397));
#1229=EDGE_LOOP('',(#5398,#5399,#5400,#5401,#5402,#5403,#5404,#5405,#5406,
#5407,#5408));
#1230=EDGE_LOOP('',(#5409,#5410,#5411,#5412,#5413,#5414));
#1231=EDGE_LOOP('',(#5415,#5416,#5417,#5418,#5419));
#1232=EDGE_LOOP('',(#5420));
#1233=EDGE_LOOP('',(#5421,#5422,#5423,#5424,#5425,#5426,#5427,#5428,#5429));
#1234=EDGE_LOOP('',(#5430,#5431,#5432,#5433,#5434,#5435));
#1235=EDGE_LOOP('',(#5436,#5437,#5438,#5439,#5440,#5441));
#1236=EDGE_LOOP('',(#5442,#5443,#5444,#5445,#5446));
#1237=EDGE_LOOP('',(#5447));
#1238=EDGE_LOOP('',(#5448,#5449,#5450,#5451,#5452,#5453));
#1239=EDGE_LOOP('',(#5454,#5455,#5456,#5457));
#1240=EDGE_LOOP('',(#5458,#5459,#5460,#5461,#5462,#5463));
#1241=EDGE_LOOP('',(#5464,#5465,#5466,#5467,#5468));
#1242=EDGE_LOOP('',(#5469,#5470,#5471,#5472));
#1243=EDGE_LOOP('',(#5473,#5474,#5475,#5476));
#1244=EDGE_LOOP('',(#5477,#5478,#5479,#5480));
#1245=EDGE_LOOP('',(#5481,#5482,#5483,#5484));
#1246=EDGE_LOOP('',(#5485,#5486,#5487,#5488));
#1247=EDGE_LOOP('',(#5489,#5490,#5491,#5492));
#1248=EDGE_LOOP('',(#5493,#5494,#5495,#5496));
#1249=EDGE_LOOP('',(#5497,#5498,#5499,#5500));
#1250=EDGE_LOOP('',(#5501,#5502,#5503,#5504));
#1251=EDGE_LOOP('',(#5505,#5506,#5507,#5508));
#1252=EDGE_LOOP('',(#5509,#5510,#5511,#5512));
#1253=EDGE_LOOP('',(#5513,#5514,#5515,#5516));
#1254=EDGE_LOOP('',(#5517,#5518,#5519,#5520));
#1255=EDGE_LOOP('',(#5521,#5522,#5523,#5524));
#1256=EDGE_LOOP('',(#5525,#5526,#5527,#5528));
#1257=EDGE_LOOP('',(#5529,#5530,#5531,#5532));
#1258=EDGE_LOOP('',(#5533,#5534,#5535,#5536,#5537,#5538,#5539,#5540));
#1259=EDGE_LOOP('',(#5541,#5542,#5543,#5544));
#1260=EDGE_LOOP('',(#5545,#5546,#5547,#5548,#5549));
#1261=EDGE_LOOP('',(#5550,#5551,#5552,#5553,#5554,#5555));
#1262=EDGE_LOOP('',(#5556,#5557,#5558,#5559));
#1263=EDGE_LOOP('',(#5560,#5561,#5562,#5563,#5564,#5565));
#1264=EDGE_LOOP('',(#5566,#5567,#5568));
#1265=EDGE_LOOP('',(#5569,#5570,#5571,#5572));
#1266=EDGE_LOOP('',(#5573,#5574,#5575));
#1267=EDGE_LOOP('',(#5576,#5577,#5578,#5579));
#1268=EDGE_LOOP('',(#5580,#5581,#5582,#5583));
#1269=EDGE_LOOP('',(#5584,#5585,#5586));
#1270=EDGE_LOOP('',(#5587,#5588,#5589,#5590));
#1271=EDGE_LOOP('',(#5591,#5592,#5593,#5594));
#1272=EDGE_LOOP('',(#5595,#5596,#5597,#5598));
#1273=EDGE_LOOP('',(#5599,#5600,#5601));
#1274=EDGE_LOOP('',(#5602,#5603,#5604,#5605));
#1275=EDGE_LOOP('',(#5606,#5607,#5608,#5609,#5610));
#1276=EDGE_LOOP('',(#5611,#5612,#5613,#5614,#5615));
#1277=EDGE_LOOP('',(#5616,#5617,#5618,#5619));
#1278=EDGE_LOOP('',(#5620,#5621,#5622,#5623));
#1279=EDGE_LOOP('',(#5624,#5625,#5626,#5627));
#1280=EDGE_LOOP('',(#5628,#5629,#5630,#5631));
#1281=EDGE_LOOP('',(#5632,#5633,#5634,#5635));
#1282=EDGE_LOOP('',(#5636,#5637,#5638,#5639));
#1283=EDGE_LOOP('',(#5640,#5641,#5642,#5643,#5644));
#1284=EDGE_LOOP('',(#5645,#5646,#5647,#5648));
#1285=EDGE_LOOP('',(#5649,#5650,#5651,#5652));
#1286=EDGE_LOOP('',(#5653,#5654,#5655,#5656));
#1287=EDGE_LOOP('',(#5657,#5658,#5659,#5660));
#1288=EDGE_LOOP('',(#5661,#5662,#5663,#5664,#5665));
#1289=EDGE_LOOP('',(#5666,#5667,#5668,#5669,#5670,#5671));
#1290=EDGE_LOOP('',(#5672,#5673,#5674,#5675));
#1291=EDGE_LOOP('',(#5676,#5677,#5678,#5679));
#1292=EDGE_LOOP('',(#5680,#5681,#5682,#5683));
#1293=EDGE_LOOP('',(#5684,#5685,#5686,#5687));
#1294=EDGE_LOOP('',(#5688,#5689,#5690));
#1295=EDGE_LOOP('',(#5691,#5692,#5693,#5694));
#1296=EDGE_LOOP('',(#5695,#5696,#5697));
#1297=EDGE_LOOP('',(#5698,#5699,#5700));
#1298=EDGE_LOOP('',(#5701,#5702,#5703));
#1299=EDGE_LOOP('',(#5704,#5705,#5706,#5707));
#1300=EDGE_LOOP('',(#5708,#5709,#5710,#5711));
#1301=EDGE_LOOP('',(#5712,#5713,#5714,#5715));
#1302=EDGE_LOOP('',(#5716,#5717,#5718,#5719,#5720,#5721,#5722,#5723,#5724,
#5725,#5726,#5727,#5728,#5729,#5730,#5731,#5732,#5733,#5734,#5735,#5736,
#5737,#5738,#5739,#5740,#5741));
#1303=EDGE_LOOP('',(#5742,#5743,#5744,#5745));
#1304=EDGE_LOOP('',(#5746,#5747,#5748,#5749));
#1305=EDGE_LOOP('',(#5750,#5751,#5752,#5753));
#1306=EDGE_LOOP('',(#5754,#5755,#5756,#5757));
#1307=EDGE_LOOP('',(#5758,#5759,#5760,#5761));
#1308=EDGE_LOOP('',(#5762,#5763,#5764,#5765));
#1309=EDGE_LOOP('',(#5766,#5767,#5768,#5769));
#1310=EDGE_LOOP('',(#5770,#5771,#5772));
#1311=EDGE_LOOP('',(#5773,#5774,#5775));
#1312=EDGE_LOOP('',(#5776,#5777,#5778,#5779));
#1313=EDGE_LOOP('',(#5780,#5781,#5782,#5783,#5784,#5785,#5786,#5787,#5788,
#5789,#5790,#5791,#5792,#5793,#5794,#5795,#5796,#5797,#5798,#5799,#5800,
#5801,#5802,#5803,#5804,#5805));
#1314=EDGE_LOOP('',(#5806,#5807,#5808,#5809));
#1315=EDGE_LOOP('',(#5810,#5811,#5812,#5813));
#1316=EDGE_LOOP('',(#5814,#5815,#5816));
#1317=EDGE_LOOP('',(#5817,#5818,#5819));
#1318=EDGE_LOOP('',(#5820,#5821,#5822,#5823));
#1319=EDGE_LOOP('',(#5824,#5825,#5826,#5827));
#1320=EDGE_LOOP('',(#5828,#5829,#5830,#5831));
#1321=EDGE_LOOP('',(#5832,#5833,#5834,#5835));
#1322=EDGE_LOOP('',(#5836,#5837,#5838,#5839));
#1323=EDGE_LOOP('',(#5840,#5841,#5842,#5843));
#1324=EDGE_LOOP('',(#5844,#5845,#5846,#5847));
#1325=EDGE_LOOP('',(#5848,#5849,#5850,#5851));
#1326=EDGE_LOOP('',(#5852,#5853,#5854,#5855));
#1327=EDGE_LOOP('',(#5856,#5857,#5858,#5859));
#1328=EDGE_LOOP('',(#5860,#5861,#5862,#5863));
#1329=EDGE_LOOP('',(#5864,#5865,#5866,#5867));
#1330=EDGE_LOOP('',(#5868,#5869,#5870,#5871));
#1331=EDGE_LOOP('',(#5872,#5873,#5874,#5875));
#1332=EDGE_LOOP('',(#5876,#5877,#5878,#5879));
#1333=EDGE_LOOP('',(#5880,#5881,#5882,#5883));
#1334=EDGE_LOOP('',(#5884,#5885,#5886));
#1335=EDGE_LOOP('',(#5887,#5888,#5889));
#1336=EDGE_LOOP('',(#5890,#5891,#5892,#5893));
#1337=EDGE_LOOP('',(#5894,#5895,#5896,#5897));
#1338=EDGE_LOOP('',(#5898,#5899,#5900));
#1339=EDGE_LOOP('',(#5901,#5902,#5903));
#1340=EDGE_LOOP('',(#5904,#5905,#5906,#5907));
#1341=EDGE_LOOP('',(#5908,#5909,#5910,#5911));
#1342=EDGE_LOOP('',(#5912,#5913,#5914,#5915));
#1343=EDGE_LOOP('',(#5916,#5917,#5918,#5919));
#1344=EDGE_LOOP('',(#5920,#5921,#5922,#5923,#5924,#5925));
#1345=EDGE_LOOP('',(#5926,#5927,#5928,#5929));
#1346=EDGE_LOOP('',(#5930,#5931,#5932,#5933));
#1347=EDGE_LOOP('',(#5934,#5935,#5936,#5937));
#1348=EDGE_LOOP('',(#5938,#5939,#5940,#5941));
#1349=EDGE_LOOP('',(#5942,#5943,#5944,#5945));
#1350=EDGE_LOOP('',(#5946,#5947,#5948,#5949));
#1351=EDGE_LOOP('',(#5950,#5951,#5952,#5953));
#1352=EDGE_LOOP('',(#5954,#5955,#5956,#5957));
#1353=EDGE_LOOP('',(#5958,#5959,#5960,#5961));
#1354=EDGE_LOOP('',(#5962,#5963,#5964,#5965));
#1355=EDGE_LOOP('',(#5966,#5967,#5968,#5969,#5970,#5971));
#1356=EDGE_LOOP('',(#5972,#5973,#5974,#5975,#5976,#5977));
#1357=EDGE_LOOP('',(#5978,#5979,#5980,#5981,#5982,#5983,#5984,#5985));
#1358=EDGE_LOOP('',(#5986,#5987,#5988,#5989));
#1359=EDGE_LOOP('',(#5990,#5991,#5992,#5993));
#1360=EDGE_LOOP('',(#5994,#5995,#5996,#5997));
#1361=EDGE_LOOP('',(#5998,#5999,#6000,#6001));
#1362=EDGE_LOOP('',(#6002,#6003,#6004,#6005));
#1363=EDGE_LOOP('',(#6006,#6007,#6008,#6009));
#1364=EDGE_LOOP('',(#6010,#6011,#6012,#6013));
#1365=EDGE_LOOP('',(#6014,#6015,#6016,#6017));
#1366=EDGE_LOOP('',(#6018,#6019,#6020,#6021));
#1367=EDGE_LOOP('',(#6022,#6023,#6024,#6025));
#1368=EDGE_LOOP('',(#6026,#6027,#6028,#6029));
#1369=EDGE_LOOP('',(#6030,#6031,#6032,#6033));
#1370=EDGE_LOOP('',(#6034,#6035,#6036,#6037));
#1371=EDGE_LOOP('',(#6038,#6039,#6040,#6041));
#1372=EDGE_LOOP('',(#6042,#6043,#6044,#6045));
#1373=EDGE_LOOP('',(#6046,#6047,#6048,#6049));
#1374=EDGE_LOOP('',(#6050,#6051,#6052,#6053));
#1375=EDGE_LOOP('',(#6054,#6055,#6056,#6057,#6058,#6059));
#1376=EDGE_LOOP('',(#6060,#6061,#6062,#6063,#6064,#6065));
#1377=EDGE_LOOP('',(#6066,#6067,#6068,#6069));
#1378=EDGE_LOOP('',(#6070,#6071,#6072,#6073,#6074,#6075));
#1379=EDGE_LOOP('',(#6076,#6077,#6078,#6079));
#1380=EDGE_LOOP('',(#6080,#6081,#6082,#6083,#6084,#6085,#6086,#6087,#6088));
#1381=EDGE_LOOP('',(#6089,#6090,#6091,#6092));
#1382=EDGE_LOOP('',(#6093,#6094,#6095,#6096));
#1383=EDGE_LOOP('',(#6097,#6098,#6099,#6100));
#1384=EDGE_LOOP('',(#6101,#6102,#6103,#6104));
#1385=EDGE_LOOP('',(#6105,#6106,#6107,#6108));
#1386=EDGE_LOOP('',(#6109,#6110,#6111,#6112,#6113,#6114));
#1387=EDGE_LOOP('',(#6115,#6116,#6117,#6118));
#1388=EDGE_LOOP('',(#6119,#6120,#6121,#6122));
#1389=EDGE_LOOP('',(#6123,#6124,#6125,#6126));
#1390=EDGE_LOOP('',(#6127,#6128,#6129,#6130));
#1391=EDGE_LOOP('',(#6131,#6132,#6133));
#1392=EDGE_LOOP('',(#6134,#6135,#6136));
#1393=EDGE_LOOP('',(#6137,#6138,#6139,#6140));
#1394=EDGE_LOOP('',(#6141,#6142,#6143,#6144,#6145,#6146,#6147,#6148,#6149));
#1395=EDGE_LOOP('',(#6150,#6151,#6152,#6153));
#1396=EDGE_LOOP('',(#6154,#6155,#6156,#6157));
#1397=EDGE_LOOP('',(#6158,#6159,#6160,#6161));
#1398=EDGE_LOOP('',(#6162,#6163,#6164,#6165,#6166,#6167,#6168,#6169));
#1399=EDGE_LOOP('',(#6170,#6171,#6172,#6173));
#1400=EDGE_LOOP('',(#6174,#6175,#6176,#6177));
#1401=EDGE_LOOP('',(#6178,#6179,#6180,#6181));
#1402=EDGE_LOOP('',(#6182,#6183,#6184,#6185));
#1403=EDGE_LOOP('',(#6186,#6187,#6188,#6189));
#1404=EDGE_LOOP('',(#6190,#6191,#6192,#6193));
#1405=EDGE_LOOP('',(#6194,#6195,#6196,#6197));
#1406=EDGE_LOOP('',(#6198,#6199,#6200,#6201));
#1407=EDGE_LOOP('',(#6202,#6203,#6204,#6205));
#1408=EDGE_LOOP('',(#6206,#6207,#6208,#6209));
#1409=EDGE_LOOP('',(#6210,#6211,#6212,#6213));
#1410=EDGE_LOOP('',(#6214,#6215,#6216,#6217));
#1411=EDGE_LOOP('',(#6218,#6219,#6220,#6221,#6222,#6223,#6224,#6225,#6226));
#1412=EDGE_LOOP('',(#6227,#6228,#6229,#6230,#6231,#6232));
#1413=EDGE_LOOP('',(#6233,#6234,#6235,#6236,#6237,#6238));
#1414=EDGE_LOOP('',(#6239,#6240,#6241,#6242,#6243));
#1415=EDGE_LOOP('',(#6244));
#1416=EDGE_LOOP('',(#6245,#6246,#6247,#6248,#6249,#6250,#6251,#6252,#6253));
#1417=EDGE_LOOP('',(#6254,#6255,#6256,#6257));
#1418=EDGE_LOOP('',(#6258,#6259,#6260,#6261,#6262,#6263));
#1419=EDGE_LOOP('',(#6264,#6265,#6266,#6267,#6268));
#1420=EDGE_LOOP('',(#6269));
#1421=EDGE_LOOP('',(#6270,#6271,#6272,#6273,#6274,#6275));
#1422=EDGE_LOOP('',(#6276,#6277,#6278,#6279));
#1423=EDGE_LOOP('',(#6280,#6281,#6282,#6283));
#1424=EDGE_LOOP('',(#6284,#6285,#6286,#6287,#6288,#6289,#6290,#6291,#6292,
#6293,#6294,#6295,#6296,#6297,#6298,#6299,#6300,#6301,#6302));
#1425=EDGE_LOOP('',(#6303,#6304,#6305,#6306));
#1426=EDGE_LOOP('',(#6307,#6308,#6309,#6310));
#1427=EDGE_LOOP('',(#6311,#6312,#6313,#6314));
#1428=EDGE_LOOP('',(#6315,#6316,#6317,#6318));
#1429=EDGE_LOOP('',(#6319,#6320,#6321,#6322));
#1430=EDGE_LOOP('',(#6323,#6324,#6325,#6326));
#1431=EDGE_LOOP('',(#6327,#6328,#6329,#6330));
#1432=EDGE_LOOP('',(#6331,#6332,#6333,#6334));
#1433=EDGE_LOOP('',(#6335,#6336,#6337,#6338));
#1434=EDGE_LOOP('',(#6339,#6340,#6341,#6342));
#1435=EDGE_LOOP('',(#6343,#6344,#6345,#6346));
#1436=EDGE_LOOP('',(#6347,#6348,#6349,#6350));
#1437=EDGE_LOOP('',(#6351,#6352,#6353,#6354));
#1438=EDGE_LOOP('',(#6355,#6356,#6357,#6358));
#1439=EDGE_LOOP('',(#6359,#6360,#6361,#6362));
#1440=EDGE_LOOP('',(#6363,#6364,#6365,#6366));
#1441=EDGE_LOOP('',(#6367,#6368,#6369,#6370));
#1442=EDGE_LOOP('',(#6371,#6372,#6373,#6374));
#1443=EDGE_LOOP('',(#6375,#6376,#6377,#6378));
#1444=EDGE_LOOP('',(#6379,#6380,#6381,#6382));
#1445=EDGE_LOOP('',(#6383,#6384,#6385));
#1446=EDGE_LOOP('',(#6386,#6387,#6388,#6389));
#1447=EDGE_LOOP('',(#6390,#6391,#6392,#6393));
#1448=EDGE_LOOP('',(#6394,#6395,#6396,#6397));
#1449=EDGE_LOOP('',(#6398,#6399,#6400,#6401));
#1450=EDGE_LOOP('',(#6402,#6403,#6404));
#1451=EDGE_LOOP('',(#6405,#6406,#6407,#6408));
#1452=EDGE_LOOP('',(#6409,#6410,#6411));
#1453=EDGE_LOOP('',(#6412,#6413,#6414,#6415));
#1454=EDGE_LOOP('',(#6416,#6417,#6418));
#1455=EDGE_LOOP('',(#6419,#6420,#6421,#6422));
#1456=EDGE_LOOP('',(#6423,#6424,#6425,#6426));
#1457=EDGE_LOOP('',(#6427,#6428,#6429));
#1458=EDGE_LOOP('',(#6430,#6431,#6432,#6433));
#1459=EDGE_LOOP('',(#6434,#6435,#6436));
#1460=EDGE_LOOP('',(#6437,#6438,#6439,#6440));
#1461=EDGE_LOOP('',(#6441,#6442,#6443,#6444));
#1462=EDGE_LOOP('',(#6445,#6446,#6447,#6448));
#1463=EDGE_LOOP('',(#6449,#6450,#6451,#6452));
#1464=EDGE_LOOP('',(#6453,#6454,#6455,#6456,#6457,#6458,#6459,#6460));
#1465=EDGE_LOOP('',(#6461,#6462,#6463,#6464));
#1466=EDGE_LOOP('',(#6465,#6466,#6467,#6468));
#1467=EDGE_LOOP('',(#6469,#6470,#6471,#6472));
#1468=EDGE_LOOP('',(#6473,#6474,#6475,#6476));
#1469=EDGE_LOOP('',(#6477,#6478,#6479,#6480));
#1470=EDGE_LOOP('',(#6481,#6482,#6483,#6484));
#1471=EDGE_LOOP('',(#6485,#6486,#6487,#6488));
#1472=EDGE_LOOP('',(#6489,#6490,#6491,#6492));
#1473=EDGE_LOOP('',(#6493,#6494,#6495,#6496));
#1474=EDGE_LOOP('',(#6497,#6498,#6499,#6500));
#1475=EDGE_LOOP('',(#6501,#6502,#6503,#6504));
#1476=EDGE_LOOP('',(#6505,#6506,#6507,#6508));
#1477=EDGE_LOOP('',(#6509,#6510,#6511,#6512));
#1478=EDGE_LOOP('',(#6513,#6514,#6515,#6516));
#1479=EDGE_LOOP('',(#6517,#6518,#6519,#6520));
#1480=EDGE_LOOP('',(#6521,#6522,#6523,#6524));
#1481=EDGE_LOOP('',(#6525,#6526,#6527,#6528));
#1482=EDGE_LOOP('',(#6529,#6530,#6531,#6532,#6533,#6534,#6535,#6536,#6537,
#6538,#6539,#6540,#6541,#6542,#6543,#6544,#6545));
#1483=EDGE_LOOP('',(#6546,#6547,#6548,#6549));
#1484=EDGE_LOOP('',(#6550,#6551,#6552,#6553));
#1485=LINE('',#10145,#2170);
#1486=LINE('',#10147,#2171);
#1487=LINE('',#10149,#2172);
#1488=LINE('',#10150,#2173);
#1489=LINE('',#10153,#2174);
#1490=LINE('',#10155,#2175);
#1491=LINE('',#10156,#2176);
#1492=LINE('',#10159,#2177);
#1493=LINE('',#10161,#2178);
#1494=LINE('',#10162,#2179);
#1495=LINE('',#10164,#2180);
#1496=LINE('',#10165,#2181);
#1497=LINE('',#10169,#2182);
#1498=LINE('',#10171,#2183);
#1499=LINE('',#10173,#2184);
#1500=LINE('',#10175,#2185);
#1501=LINE('',#10176,#2186);
#1502=LINE('',#10191,#2187);
#1503=LINE('',#10192,#2188);
#1504=LINE('',#10200,#2189);
#1505=LINE('',#10215,#2190);
#1506=LINE('',#10216,#2191);
#1507=LINE('',#10225,#2192);
#1508=LINE('',#10226,#2193);
#1509=LINE('',#10228,#2194);
#1510=LINE('',#10229,#2195);
#1511=LINE('',#10237,#2196);
#1512=LINE('',#10239,#2197);
#1513=LINE('',#10248,#2198);
#1514=LINE('',#10249,#2199);
#1515=LINE('',#10251,#2200);
#1516=LINE('',#10252,#2201);
#1517=LINE('',#10254,#2202);
#1518=LINE('',#10255,#2203);
#1519=LINE('',#10257,#2204);
#1520=LINE('',#10258,#2205);
#1521=LINE('',#10260,#2206);
#1522=LINE('',#10269,#2207);
#1523=LINE('',#10271,#2208);
#1524=LINE('',#10273,#2209);
#1525=LINE('',#10274,#2210);
#1526=LINE('',#10277,#2211);
#1527=LINE('',#10279,#2212);
#1528=LINE('',#10280,#2213);
#1529=LINE('',#10283,#2214);
#1530=LINE('',#10285,#2215);
#1531=LINE('',#10286,#2216);
#1532=LINE('',#10288,#2217);
#1533=LINE('',#10289,#2218);
#1534=LINE('',#10295,#2219);
#1535=LINE('',#10297,#2220);
#1536=LINE('',#10299,#2221);
#1537=LINE('',#10300,#2222);
#1538=LINE('',#10303,#2223);
#1539=LINE('',#10305,#2224);
#1540=LINE('',#10306,#2225);
#1541=LINE('',#10309,#2226);
#1542=LINE('',#10311,#2227);
#1543=LINE('',#10312,#2228);
#1544=LINE('',#10314,#2229);
#1545=LINE('',#10318,#2230);
#1546=LINE('',#10320,#2231);
#1547=LINE('',#10322,#2232);
#1548=LINE('',#10323,#2233);
#1549=LINE('',#10326,#2234);
#1550=LINE('',#10328,#2235);
#1551=LINE('',#10329,#2236);
#1552=LINE('',#10332,#2237);
#1553=LINE('',#10334,#2238);
#1554=LINE('',#10335,#2239);
#1555=LINE('',#10337,#2240);
#1556=LINE('',#10341,#2241);
#1557=LINE('',#10343,#2242);
#1558=LINE('',#10345,#2243);
#1559=LINE('',#10346,#2244);
#1560=LINE('',#10349,#2245);
#1561=LINE('',#10350,#2246);
#1562=LINE('',#10352,#2247);
#1563=LINE('',#10353,#2248);
#1564=LINE('',#10356,#2249);
#1565=LINE('',#10358,#2250);
#1566=LINE('',#10359,#2251);
#1567=LINE('',#10361,#2252);
#1568=LINE('',#10362,#2253);
#1569=LINE('',#10363,#2254);
#1570=LINE('',#10369,#2255);
#1571=LINE('',#10371,#2256);
#1572=LINE('',#10373,#2257);
#1573=LINE('',#10374,#2258);
#1574=LINE('',#10380,#2259);
#1575=LINE('',#10386,#2260);
#1576=LINE('',#10392,#2261);
#1577=LINE('',#10400,#2262);
#1578=LINE('',#10409,#2263);
#1579=LINE('',#10412,#2264);
#1580=LINE('',#10415,#2265);
#1581=LINE('',#10416,#2266);
#1582=LINE('',#10419,#2267);
#1583=LINE('',#10423,#2268);
#1584=LINE('',#10432,#2269);
#1585=LINE('',#10441,#2270);
#1586=LINE('',#10443,#2271);
#1587=LINE('',#10445,#2272);
#1588=LINE('',#10447,#2273);
#1589=LINE('',#10449,#2274);
#1590=LINE('',#10453,#2275);
#1591=LINE('',#10455,#2276);
#1592=LINE('',#10457,#2277);
#1593=LINE('',#10459,#2278);
#1594=LINE('',#10461,#2279);
#1595=LINE('',#10465,#2280);
#1596=LINE('',#10467,#2281);
#1597=LINE('',#10469,#2282);
#1598=LINE('',#10471,#2283);
#1599=LINE('',#10473,#2284);
#1600=LINE('',#10482,#2285);
#1601=LINE('',#10491,#2286);
#1602=LINE('',#10493,#2287);
#1603=LINE('',#10494,#2288);
#1604=LINE('',#10498,#2289);
#1605=LINE('',#10500,#2290);
#1606=LINE('',#10502,#2291);
#1607=LINE('',#10503,#2292);
#1608=LINE('',#10506,#2293);
#1609=LINE('',#10507,#2294);
#1610=LINE('',#10518,#2295);
#1611=LINE('',#10521,#2296);
#1612=LINE('',#10529,#2297);
#1613=LINE('',#10532,#2298);
#1614=LINE('',#10542,#2299);
#1615=LINE('',#10550,#2300);
#1616=LINE('',#10554,#2301);
#1617=LINE('',#10556,#2302);
#1618=LINE('',#10558,#2303);
#1619=LINE('',#10560,#2304);
#1620=LINE('',#10562,#2305);
#1621=LINE('',#10566,#2306);
#1622=LINE('',#10568,#2307);
#1623=LINE('',#10570,#2308);
#1624=LINE('',#10572,#2309);
#1625=LINE('',#10574,#2310);
#1626=LINE('',#10583,#2311);
#1627=LINE('',#10591,#2312);
#1628=LINE('',#10593,#2313);
#1629=LINE('',#10597,#2314);
#1630=LINE('',#10599,#2315);
#1631=LINE('',#10614,#2316);
#1632=LINE('',#10616,#2317);
#1633=LINE('',#10617,#2318);
#1634=LINE('',#10619,#2319);
#1635=LINE('',#10622,#2320);
#1636=LINE('',#10623,#2321);
#1637=LINE('',#10628,#2322);
#1638=LINE('',#10630,#2323);
#1639=LINE('',#10633,#2324);
#1640=LINE('',#10637,#2325);
#1641=LINE('',#10638,#2326);
#1642=LINE('',#10643,#2327);
#1643=LINE('',#10646,#2328);
#1644=LINE('',#10654,#2329);
#1645=LINE('',#10678,#2330);
#1646=LINE('',#10687,#2331);
#1647=LINE('',#10690,#2332);
#1648=LINE('',#10691,#2333);
#1649=LINE('',#10693,#2334);
#1650=LINE('',#10695,#2335);
#1651=LINE('',#10697,#2336);
#1652=LINE('',#10699,#2337);
#1653=LINE('',#10705,#2338);
#1654=LINE('',#10707,#2339);
#1655=LINE('',#10709,#2340);
#1656=LINE('',#10710,#2341);
#1657=LINE('',#10713,#2342);
#1658=LINE('',#10715,#2343);
#1659=LINE('',#10716,#2344);
#1660=LINE('',#10719,#2345);
#1661=LINE('',#10721,#2346);
#1662=LINE('',#10722,#2347);
#1663=LINE('',#10724,#2348);
#1664=LINE('',#10725,#2349);
#1665=LINE('',#10729,#2350);
#1666=LINE('',#10731,#2351);
#1667=LINE('',#10733,#2352);
#1668=LINE('',#10734,#2353);
#1669=LINE('',#10737,#2354);
#1670=LINE('',#10739,#2355);
#1671=LINE('',#10740,#2356);
#1672=LINE('',#10743,#2357);
#1673=LINE('',#10745,#2358);
#1674=LINE('',#10746,#2359);
#1675=LINE('',#10748,#2360);
#1676=LINE('',#10749,#2361);
#1677=LINE('',#10754,#2362);
#1678=LINE('',#10756,#2363);
#1679=LINE('',#10758,#2364);
#1680=LINE('',#10759,#2365);
#1681=LINE('',#10762,#2366);
#1682=LINE('',#10764,#2367);
#1683=LINE('',#10765,#2368);
#1684=LINE('',#10768,#2369);
#1685=LINE('',#10770,#2370);
#1686=LINE('',#10771,#2371);
#1687=LINE('',#10773,#2372);
#1688=LINE('',#10774,#2373);
#1689=LINE('',#10778,#2374);
#1690=LINE('',#10780,#2375);
#1691=LINE('',#10782,#2376);
#1692=LINE('',#10783,#2377);
#1693=LINE('',#10786,#2378);
#1694=LINE('',#10788,#2379);
#1695=LINE('',#10789,#2380);
#1696=LINE('',#10792,#2381);
#1697=LINE('',#10794,#2382);
#1698=LINE('',#10795,#2383);
#1699=LINE('',#10797,#2384);
#1700=LINE('',#10798,#2385);
#1701=LINE('',#10805,#2386);
#1702=LINE('',#10809,#2387);
#1703=LINE('',#10813,#2388);
#1704=LINE('',#10816,#2389);
#1705=LINE('',#10819,#2390);
#1706=LINE('',#10822,#2391);
#1707=LINE('',#10825,#2392);
#1708=LINE('',#10826,#2393);
#1709=LINE('',#10829,#2394);
#1710=LINE('',#10834,#2395);
#1711=LINE('',#10836,#2396);
#1712=LINE('',#10839,#2397);
#1713=LINE('',#10840,#2398);
#1714=LINE('',#10848,#2399);
#1715=LINE('',#10854,#2400);
#1716=LINE('',#10862,#2401);
#1717=LINE('',#10873,#2402);
#1718=LINE('',#10874,#2403);
#1719=LINE('',#10876,#2404);
#1720=LINE('',#10877,#2405);
#1721=LINE('',#10881,#2406);
#1722=LINE('',#10885,#2407);
#1723=LINE('',#10886,#2408);
#1724=LINE('',#10889,#2409);
#1725=LINE('',#10890,#2410);
#1726=LINE('',#10894,#2411);
#1727=LINE('',#10897,#2412);
#1728=LINE('',#10898,#2413);
#1729=LINE('',#10905,#2414);
#1730=LINE('',#10907,#2415);
#1731=LINE('',#10909,#2416);
#1732=LINE('',#10910,#2417);
#1733=LINE('',#10915,#2418);
#1734=LINE('',#10919,#2419);
#1735=LINE('',#10921,#2420);
#1736=LINE('',#10922,#2421);
#1737=LINE('',#10927,#2422);
#1738=LINE('',#10931,#2423);
#1739=LINE('',#10933,#2424);
#1740=LINE('',#10934,#2425);
#1741=LINE('',#10937,#2426);
#1742=LINE('',#10939,#2427);
#1743=LINE('',#10940,#2428);
#1744=LINE('',#10944,#2429);
#1745=LINE('',#10946,#2430);
#1746=LINE('',#10948,#2431);
#1747=LINE('',#10949,#2432);
#1748=LINE('',#10952,#2433);
#1749=LINE('',#10954,#2434);
#1750=LINE('',#10955,#2435);
#1751=LINE('',#10958,#2436);
#1752=LINE('',#10960,#2437);
#1753=LINE('',#10961,#2438);
#1754=LINE('',#10963,#2439);
#1755=LINE('',#10964,#2440);
#1756=LINE('',#10968,#2441);
#1757=LINE('',#10970,#2442);
#1758=LINE('',#10972,#2443);
#1759=LINE('',#10973,#2444);
#1760=LINE('',#10976,#2445);
#1761=LINE('',#10978,#2446);
#1762=LINE('',#10979,#2447);
#1763=LINE('',#10982,#2448);
#1764=LINE('',#10984,#2449);
#1765=LINE('',#10985,#2450);
#1766=LINE('',#10988,#2451);
#1767=LINE('',#10990,#2452);
#1768=LINE('',#10991,#2453);
#1769=LINE('',#10994,#2454);
#1770=LINE('',#10996,#2455);
#1771=LINE('',#10997,#2456);
#1772=LINE('',#11000,#2457);
#1773=LINE('',#11002,#2458);
#1774=LINE('',#11003,#2459);
#1775=LINE('',#11006,#2460);
#1776=LINE('',#11008,#2461);
#1777=LINE('',#11009,#2462);
#1778=LINE('',#11012,#2463);
#1779=LINE('',#11014,#2464);
#1780=LINE('',#11015,#2465);
#1781=LINE('',#11018,#2466);
#1782=LINE('',#11020,#2467);
#1783=LINE('',#11021,#2468);
#1784=LINE('',#11024,#2469);
#1785=LINE('',#11026,#2470);
#1786=LINE('',#11027,#2471);
#1787=LINE('',#11029,#2472);
#1788=LINE('',#11030,#2473);
#1789=LINE('',#11033,#2474);
#1790=LINE('',#11037,#2475);
#1791=LINE('',#11041,#2476);
#1792=LINE('',#11043,#2477);
#1793=LINE('',#11044,#2478);
#1794=LINE('',#11047,#2479);
#1795=LINE('',#11049,#2480);
#1796=LINE('',#11051,#2481);
#1797=LINE('',#11055,#2482);
#1798=LINE('',#11058,#2483);
#1799=LINE('',#11060,#2484);
#1800=LINE('',#11062,#2485);
#1801=LINE('',#11064,#2486);
#1802=LINE('',#11066,#2487);
#1803=LINE('',#11068,#2488);
#1804=LINE('',#11070,#2489);
#1805=LINE('',#11110,#2490);
#1806=LINE('',#11124,#2491);
#1807=LINE('',#11126,#2492);
#1808=LINE('',#11130,#2493);
#1809=LINE('',#11132,#2494);
#1810=LINE('',#11133,#2495);
#1811=LINE('',#11136,#2496);
#1812=LINE('',#11140,#2497);
#1813=LINE('',#11142,#2498);
#1814=LINE('',#11144,#2499);
#1815=LINE('',#11148,#2500);
#1816=LINE('',#11150,#2501);
#1817=LINE('',#11166,#2502);
#1818=LINE('',#11212,#2503);
#1819=LINE('',#11216,#2504);
#1820=LINE('',#11254,#2505);
#1821=LINE('',#11258,#2506);
#1822=LINE('',#11260,#2507);
#1823=LINE('',#11262,#2508);
#1824=LINE('',#11267,#2509);
#1825=LINE('',#11268,#2510);
#1826=LINE('',#11269,#2511);
#1827=LINE('',#11273,#2512);
#1828=LINE('',#11275,#2513);
#1829=LINE('',#11277,#2514);
#1830=LINE('',#11283,#2515);
#1831=LINE('',#11284,#2516);
#1832=LINE('',#11286,#2517);
#1833=LINE('',#11291,#2518);
#1834=LINE('',#11293,#2519);
#1835=LINE('',#11295,#2520);
#1836=LINE('',#11296,#2521);
#1837=LINE('',#11300,#2522);
#1838=LINE('',#11301,#2523);
#1839=LINE('',#11303,#2524);
#1840=LINE('',#11304,#2525);
#1841=LINE('',#11307,#2526);
#1842=LINE('',#11308,#2527);
#1843=LINE('',#11309,#2528);
#1844=LINE('',#11312,#2529);
#1845=LINE('',#11313,#2530);
#1846=LINE('',#11314,#2531);
#1847=LINE('',#11317,#2532);
#1848=LINE('',#11318,#2533);
#1849=LINE('',#11319,#2534);
#1850=LINE('',#11321,#2535);
#1851=LINE('',#11324,#2536);
#1852=LINE('',#11325,#2537);
#1853=LINE('',#11327,#2538);
#1854=LINE('',#11330,#2539);
#1855=LINE('',#11331,#2540);
#1856=LINE('',#11334,#2541);
#1857=LINE('',#11335,#2542);
#1858=LINE('',#11339,#2543);
#1859=LINE('',#11341,#2544);
#1860=LINE('',#11343,#2545);
#1861=LINE('',#11344,#2546);
#1862=LINE('',#11347,#2547);
#1863=LINE('',#11349,#2548);
#1864=LINE('',#11350,#2549);
#1865=LINE('',#11353,#2550);
#1866=LINE('',#11355,#2551);
#1867=LINE('',#11356,#2552);
#1868=LINE('',#11358,#2553);
#1869=LINE('',#11359,#2554);
#1870=LINE('',#11364,#2555);
#1871=LINE('',#11368,#2556);
#1872=LINE('',#11371,#2557);
#1873=LINE('',#11374,#2558);
#1874=LINE('',#11378,#2559);
#1875=LINE('',#11379,#2560);
#1876=LINE('',#11401,#2561);
#1877=LINE('',#11402,#2562);
#1878=LINE('',#11406,#2563);
#1879=LINE('',#11418,#2564);
#1880=LINE('',#11419,#2565);
#1881=LINE('',#11421,#2566);
#1882=LINE('',#11427,#2567);
#1883=LINE('',#11429,#2568);
#1884=LINE('',#11430,#2569);
#1885=LINE('',#11432,#2570);
#1886=LINE('',#11433,#2571);
#1887=LINE('',#11435,#2572);
#1888=LINE('',#11447,#2573);
#1889=LINE('',#11449,#2574);
#1890=LINE('',#11451,#2575);
#1891=LINE('',#11455,#2576);
#1892=LINE('',#11456,#2577);
#1893=LINE('',#11464,#2578);
#1894=LINE('',#11466,#2579);
#1895=LINE('',#11468,#2580);
#1896=LINE('',#11469,#2581);
#1897=LINE('',#11475,#2582);
#1898=LINE('',#11481,#2583);
#1899=LINE('',#11487,#2584);
#1900=LINE('',#11495,#2585);
#1901=LINE('',#11504,#2586);
#1902=LINE('',#11507,#2587);
#1903=LINE('',#11510,#2588);
#1904=LINE('',#11511,#2589);
#1905=LINE('',#11514,#2590);
#1906=LINE('',#11518,#2591);
#1907=LINE('',#11527,#2592);
#1908=LINE('',#11536,#2593);
#1909=LINE('',#11538,#2594);
#1910=LINE('',#11540,#2595);
#1911=LINE('',#11542,#2596);
#1912=LINE('',#11544,#2597);
#1913=LINE('',#11548,#2598);
#1914=LINE('',#11550,#2599);
#1915=LINE('',#11552,#2600);
#1916=LINE('',#11554,#2601);
#1917=LINE('',#11556,#2602);
#1918=LINE('',#11560,#2603);
#1919=LINE('',#11562,#2604);
#1920=LINE('',#11564,#2605);
#1921=LINE('',#11566,#2606);
#1922=LINE('',#11568,#2607);
#1923=LINE('',#11577,#2608);
#1924=LINE('',#11586,#2609);
#1925=LINE('',#11588,#2610);
#1926=LINE('',#11589,#2611);
#1927=LINE('',#11593,#2612);
#1928=LINE('',#11595,#2613);
#1929=LINE('',#11597,#2614);
#1930=LINE('',#11598,#2615);
#1931=LINE('',#11601,#2616);
#1932=LINE('',#11602,#2617);
#1933=LINE('',#11613,#2618);
#1934=LINE('',#11616,#2619);
#1935=LINE('',#11624,#2620);
#1936=LINE('',#11627,#2621);
#1937=LINE('',#11637,#2622);
#1938=LINE('',#11645,#2623);
#1939=LINE('',#11649,#2624);
#1940=LINE('',#11651,#2625);
#1941=LINE('',#11653,#2626);
#1942=LINE('',#11655,#2627);
#1943=LINE('',#11657,#2628);
#1944=LINE('',#11661,#2629);
#1945=LINE('',#11663,#2630);
#1946=LINE('',#11665,#2631);
#1947=LINE('',#11667,#2632);
#1948=LINE('',#11669,#2633);
#1949=LINE('',#11678,#2634);
#1950=LINE('',#11686,#2635);
#1951=LINE('',#11688,#2636);
#1952=LINE('',#11692,#2637);
#1953=LINE('',#11694,#2638);
#1954=LINE('',#11709,#2639);
#1955=LINE('',#11711,#2640);
#1956=LINE('',#11712,#2641);
#1957=LINE('',#11714,#2642);
#1958=LINE('',#11717,#2643);
#1959=LINE('',#11718,#2644);
#1960=LINE('',#11723,#2645);
#1961=LINE('',#11725,#2646);
#1962=LINE('',#11728,#2647);
#1963=LINE('',#11732,#2648);
#1964=LINE('',#11733,#2649);
#1965=LINE('',#11738,#2650);
#1966=LINE('',#11741,#2651);
#1967=LINE('',#11749,#2652);
#1968=LINE('',#11773,#2653);
#1969=LINE('',#11782,#2654);
#1970=LINE('',#11785,#2655);
#1971=LINE('',#11786,#2656);
#1972=LINE('',#11788,#2657);
#1973=LINE('',#11790,#2658);
#1974=LINE('',#11792,#2659);
#1975=LINE('',#11794,#2660);
#1976=LINE('',#11802,#2661);
#1977=LINE('',#11806,#2662);
#1978=LINE('',#11808,#2663);
#1979=LINE('',#11809,#2664);
#1980=LINE('',#11815,#2665);
#1981=LINE('',#11817,#2666);
#1982=LINE('',#11819,#2667);
#1983=LINE('',#11822,#2668);
#1984=LINE('',#11824,#2669);
#1985=LINE('',#11826,#2670);
#1986=LINE('',#11830,#2671);
#1987=LINE('',#11833,#2672);
#1988=LINE('',#11836,#2673);
#1989=LINE('',#11838,#2674);
#1990=LINE('',#11840,#2675);
#1991=LINE('',#11841,#2676);
#1992=LINE('',#11844,#2677);
#1993=LINE('',#11846,#2678);
#1994=LINE('',#11847,#2679);
#1995=LINE('',#11850,#2680);
#1996=LINE('',#11851,#2681);
#1997=LINE('',#11854,#2682);
#1998=LINE('',#11856,#2683);
#1999=LINE('',#11858,#2684);
#2000=LINE('',#11859,#2685);
#2001=LINE('',#11862,#2686);
#2002=LINE('',#11863,#2687);
#2003=LINE('',#11865,#2688);
#2004=LINE('',#11868,#2689);
#2005=LINE('',#11870,#2690);
#2006=LINE('',#11872,#2691);
#2007=LINE('',#11873,#2692);
#2008=LINE('',#11876,#2693);
#2009=LINE('',#11877,#2694);
#2010=LINE('',#11880,#2695);
#2011=LINE('',#11881,#2696);
#2012=LINE('',#11884,#2697);
#2013=LINE('',#11885,#2698);
#2014=LINE('',#11886,#2699);
#2015=LINE('',#11888,#2700);
#2016=LINE('',#11889,#2701);
#2017=LINE('',#11892,#2702);
#2018=LINE('',#11893,#2703);
#2019=LINE('',#11894,#2704);
#2020=LINE('',#11896,#2705);
#2021=LINE('',#11897,#2706);
#2022=LINE('',#11899,#2707);
#2023=LINE('',#11901,#2708);
#2024=LINE('',#11908,#2709);
#2025=LINE('',#11909,#2710);
#2026=LINE('',#11914,#2711);
#2027=LINE('',#11915,#2712);
#2028=LINE('',#11919,#2713);
#2029=LINE('',#11921,#2714);
#2030=LINE('',#11922,#2715);
#2031=LINE('',#11925,#2716);
#2032=LINE('',#11929,#2717);
#2033=LINE('',#11931,#2718);
#2034=LINE('',#11933,#2719);
#2035=LINE('',#11935,#2720);
#2036=LINE('',#11939,#2721);
#2037=LINE('',#11944,#2722);
#2038=LINE('',#11950,#2723);
#2039=LINE('',#11959,#2724);
#2040=LINE('',#11960,#2725);
#2041=LINE('',#11964,#2726);
#2042=LINE('',#11966,#2727);
#2043=LINE('',#11968,#2728);
#2044=LINE('',#11969,#2729);
#2045=LINE('',#11975,#2730);
#2046=LINE('',#11977,#2731);
#2047=LINE('',#11989,#2732);
#2048=LINE('',#11990,#2733);
#2049=LINE('',#11994,#2734);
#2050=LINE('',#11997,#2735);
#2051=LINE('',#11998,#2736);
#2052=LINE('',#12004,#2737);
#2053=LINE('',#12006,#2738);
#2054=LINE('',#12008,#2739);
#2055=LINE('',#12009,#2740);
#2056=LINE('',#12013,#2741);
#2057=LINE('',#12015,#2742);
#2058=LINE('',#12017,#2743);
#2059=LINE('',#12018,#2744);
#2060=LINE('',#12020,#2745);
#2061=LINE('',#12021,#2746);
#2062=LINE('',#12024,#2747);
#2063=LINE('',#12026,#2748);
#2064=LINE('',#12028,#2749);
#2065=LINE('',#12029,#2750);
#2066=LINE('',#12031,#2751);
#2067=LINE('',#12033,#2752);
#2068=LINE('',#12036,#2753);
#2069=LINE('',#12038,#2754);
#2070=LINE('',#12040,#2755);
#2071=LINE('',#12041,#2756);
#2072=LINE('',#12044,#2757);
#2073=LINE('',#12045,#2758);
#2074=LINE('',#12047,#2759);
#2075=LINE('',#12049,#2760);
#2076=LINE('',#12088,#2761);
#2077=LINE('',#12092,#2762);
#2078=LINE('',#12095,#2763);
#2079=LINE('',#12100,#2764);
#2080=LINE('',#12169,#2765);
#2081=LINE('',#12170,#2766);
#2082=LINE('',#12175,#2767);
#2083=LINE('',#12210,#2768);
#2084=LINE('',#12214,#2769);
#2085=LINE('',#12217,#2770);
#2086=LINE('',#12220,#2771);
#2087=LINE('',#12222,#2772);
#2088=LINE('',#12223,#2773);
#2089=LINE('',#12226,#2774);
#2090=LINE('',#12230,#2775);
#2091=LINE('',#12232,#2776);
#2092=LINE('',#12236,#2777);
#2093=LINE('',#12238,#2778);
#2094=LINE('',#12240,#2779);
#2095=LINE('',#12244,#2780);
#2096=LINE('',#12246,#2781);
#2097=LINE('',#12248,#2782);
#2098=LINE('',#12252,#2783);
#2099=LINE('',#12254,#2784);
#2100=LINE('',#12256,#2785);
#2101=LINE('',#12257,#2786);
#2102=LINE('',#12260,#2787);
#2103=LINE('',#12265,#2788);
#2104=LINE('',#12267,#2789);
#2105=LINE('',#12269,#2790);
#2106=LINE('',#12270,#2791);
#2107=LINE('',#12274,#2792);
#2108=LINE('',#12279,#2793);
#2109=LINE('',#12289,#2794);
#2110=LINE('',#12290,#2795);
#2111=LINE('',#12294,#2796);
#2112=LINE('',#12296,#2797);
#2113=LINE('',#12298,#2798);
#2114=LINE('',#12299,#2799);
#2115=LINE('',#12303,#2800);
#2116=LINE('',#12305,#2801);
#2117=LINE('',#12307,#2802);
#2118=LINE('',#12308,#2803);
#2119=LINE('',#12312,#2804);
#2120=LINE('',#12314,#2805);
#2121=LINE('',#12316,#2806);
#2122=LINE('',#12317,#2807);
#2123=LINE('',#12321,#2808);
#2124=LINE('',#12323,#2809);
#2125=LINE('',#12325,#2810);
#2126=LINE('',#12326,#2811);
#2127=LINE('',#12332,#2812);
#2128=LINE('',#12337,#2813);
#2129=LINE('',#12350,#2814);
#2130=LINE('',#12362,#2815);
#2131=LINE('',#12382,#2816);
#2132=LINE('',#12393,#2817);
#2133=LINE('',#12400,#2818);
#2134=LINE('',#12403,#2819);
#2135=LINE('',#12407,#2820);
#2136=LINE('',#12408,#2821);
#2137=LINE('',#12413,#2822);
#2138=LINE('',#12416,#2823);
#2139=LINE('',#12419,#2824);
#2140=LINE('',#12421,#2825);
#2141=LINE('',#12423,#2826);
#2142=LINE('',#12424,#2827);
#2143=LINE('',#12426,#2828);
#2144=LINE('',#12427,#2829);
#2145=LINE('',#12430,#2830);
#2146=LINE('',#12432,#2831);
#2147=LINE('',#12434,#2832);
#2148=LINE('',#12435,#2833);
#2149=LINE('',#12437,#2834);
#2150=LINE('',#12439,#2835);
#2151=LINE('',#12442,#2836);
#2152=LINE('',#12444,#2837);
#2153=LINE('',#12446,#2838);
#2154=LINE('',#12447,#2839);
#2155=LINE('',#12450,#2840);
#2156=LINE('',#12451,#2841);
#2157=LINE('',#12453,#2842);
#2158=LINE('',#12456,#2843);
#2159=LINE('',#12458,#2844);
#2160=LINE('',#12459,#2845);
#2161=LINE('',#12461,#2846);
#2162=LINE('',#12464,#2847);
#2163=LINE('',#12465,#2848);
#2164=LINE('',#12468,#2849);
#2165=LINE('',#12469,#2850);
#2166=LINE('',#12472,#2851);
#2167=LINE('',#12474,#2852);
#2168=LINE('',#12476,#2853);
#2169=LINE('',#12478,#2854);
#2170=VECTOR('',#7976,10.);
#2171=VECTOR('',#7977,10.);
#2172=VECTOR('',#7978,10.);
#2173=VECTOR('',#7979,10.);
#2174=VECTOR('',#7982,10.);
#2175=VECTOR('',#7983,10.);
#2176=VECTOR('',#7984,10.);
#2177=VECTOR('',#7987,10.);
#2178=VECTOR('',#7988,10.);
#2179=VECTOR('',#7989,10.);
#2180=VECTOR('',#7992,10.);
#2181=VECTOR('',#7993,10.);
#2182=VECTOR('',#7998,10.);
#2183=VECTOR('',#7999,10.);
#2184=VECTOR('',#8000,10.);
#2185=VECTOR('',#8001,10.);
#2186=VECTOR('',#8002,10.);
#2187=VECTOR('',#8021,10.);
#2188=VECTOR('',#8022,10.);
#2189=VECTOR('',#8033,10.);
#2190=VECTOR('',#8052,10.);
#2191=VECTOR('',#8053,10.);
#2192=VECTOR('',#8064,10.);
#2193=VECTOR('',#8065,10.);
#2194=VECTOR('',#8068,10.);
#2195=VECTOR('',#8069,10.);
#2196=VECTOR('',#8080,10.);
#2197=VECTOR('',#8083,10.);
#2198=VECTOR('',#8094,10.);
#2199=VECTOR('',#8095,10.);
#2200=VECTOR('',#8098,10.);
#2201=VECTOR('',#8099,10.);
#2202=VECTOR('',#8102,10.);
#2203=VECTOR('',#8103,10.);
#2204=VECTOR('',#8106,10.);
#2205=VECTOR('',#8107,10.);
#2206=VECTOR('',#8110,10.);
#2207=VECTOR('',#8123,10.);
#2208=VECTOR('',#8124,10.);
#2209=VECTOR('',#8125,10.);
#2210=VECTOR('',#8126,10.);
#2211=VECTOR('',#8129,10.);
#2212=VECTOR('',#8130,10.);
#2213=VECTOR('',#8131,10.);
#2214=VECTOR('',#8134,10.);
#2215=VECTOR('',#8135,10.);
#2216=VECTOR('',#8136,10.);
#2217=VECTOR('',#8139,10.);
#2218=VECTOR('',#8140,10.);
#2219=VECTOR('',#8147,10.);
#2220=VECTOR('',#8148,10.);
#2221=VECTOR('',#8149,10.);
#2222=VECTOR('',#8150,10.);
#2223=VECTOR('',#8153,10.);
#2224=VECTOR('',#8154,10.);
#2225=VECTOR('',#8155,10.);
#2226=VECTOR('',#8158,10.);
#2227=VECTOR('',#8159,10.);
#2228=VECTOR('',#8160,10.);
#2229=VECTOR('',#8163,10.);
#2230=VECTOR('',#8166,10.);
#2231=VECTOR('',#8167,10.);
#2232=VECTOR('',#8168,10.);
#2233=VECTOR('',#8169,10.);
#2234=VECTOR('',#8172,10.);
#2235=VECTOR('',#8173,10.);
#2236=VECTOR('',#8174,10.);
#2237=VECTOR('',#8177,10.);
#2238=VECTOR('',#8178,10.);
#2239=VECTOR('',#8179,10.);
#2240=VECTOR('',#8182,10.);
#2241=VECTOR('',#8185,10.);
#2242=VECTOR('',#8186,10.);
#2243=VECTOR('',#8187,10.);
#2244=VECTOR('',#8188,10.);
#2245=VECTOR('',#8191,10.);
#2246=VECTOR('',#8192,10.);
#2247=VECTOR('',#8193,10.);
#2248=VECTOR('',#8194,10.);
#2249=VECTOR('',#8197,10.);
#2250=VECTOR('',#8198,10.);
#2251=VECTOR('',#8199,10.);
#2252=VECTOR('',#8202,10.);
#2253=VECTOR('',#8203,10.);
#2254=VECTOR('',#8204,10.);
#2255=VECTOR('',#8211,10.);
#2256=VECTOR('',#8212,10.);
#2257=VECTOR('',#8213,10.);
#2258=VECTOR('',#8214,10.);
#2259=VECTOR('',#8221,10.);
#2260=VECTOR('',#8228,10.);
#2261=VECTOR('',#8235,10.);
#2262=VECTOR('',#8246,10.);
#2263=VECTOR('',#8261,10.);
#2264=VECTOR('',#8264,10.);
#2265=VECTOR('',#8267,10.);
#2266=VECTOR('',#8268,10.);
#2267=VECTOR('',#8271,10.);
#2268=VECTOR('',#8276,10.);
#2269=VECTOR('',#8277,10.);
#2270=VECTOR('',#8278,10.);
#2271=VECTOR('',#8279,10.);
#2272=VECTOR('',#8280,10.);
#2273=VECTOR('',#8281,10.);
#2274=VECTOR('',#8282,10.);
#2275=VECTOR('',#8285,10.);
#2276=VECTOR('',#8286,10.);
#2277=VECTOR('',#8287,10.);
#2278=VECTOR('',#8288,10.);
#2279=VECTOR('',#8289,10.);
#2280=VECTOR('',#8292,10.);
#2281=VECTOR('',#8293,10.);
#2282=VECTOR('',#8294,10.);
#2283=VECTOR('',#8295,10.);
#2284=VECTOR('',#8296,10.);
#2285=VECTOR('',#8297,10.);
#2286=VECTOR('',#8300,10.);
#2287=VECTOR('',#8301,10.);
#2288=VECTOR('',#8302,10.);
#2289=VECTOR('',#8305,10.);
#2290=VECTOR('',#8306,10.);
#2291=VECTOR('',#8307,10.);
#2292=VECTOR('',#8308,10.);
#2293=VECTOR('',#8311,10.);
#2294=VECTOR('',#8312,10.);
#2295=VECTOR('',#8329,10.);
#2296=VECTOR('',#8332,10.);
#2297=VECTOR('',#8345,10.);
#2298=VECTOR('',#8348,10.);
#2299=VECTOR('',#8351,10.);
#2300=VECTOR('',#8352,10.);
#2301=VECTOR('',#8355,10.);
#2302=VECTOR('',#8356,10.);
#2303=VECTOR('',#8357,10.);
#2304=VECTOR('',#8358,10.);
#2305=VECTOR('',#8359,10.);
#2306=VECTOR('',#8362,10.);
#2307=VECTOR('',#8363,10.);
#2308=VECTOR('',#8364,10.);
#2309=VECTOR('',#8365,10.);
#2310=VECTOR('',#8366,10.);
#2311=VECTOR('',#8367,10.);
#2312=VECTOR('',#8368,10.);
#2313=VECTOR('',#8371,10.);
#2314=VECTOR('',#8374,10.);
#2315=VECTOR('',#8377,10.);
#2316=VECTOR('',#8398,10.);
#2317=VECTOR('',#8401,10.);
#2318=VECTOR('',#8402,10.);
#2319=VECTOR('',#8405,10.);
#2320=VECTOR('',#8410,10.);
#2321=VECTOR('',#8411,10.);
#2322=VECTOR('',#8418,10.);
#2323=VECTOR('',#8421,10.);
#2324=VECTOR('',#8424,10.);
#2325=VECTOR('',#8429,10.);
#2326=VECTOR('',#8430,10.);
#2327=VECTOR('',#8437,10.);
#2328=VECTOR('',#8442,10.);
#2329=VECTOR('',#8453,10.);
#2330=VECTOR('',#8494,10.);
#2331=VECTOR('',#8511,10.);
#2332=VECTOR('',#8516,10.);
#2333=VECTOR('',#8517,10.);
#2334=VECTOR('',#8520,10.);
#2335=VECTOR('',#8523,10.);
#2336=VECTOR('',#8526,10.);
#2337=VECTOR('',#8529,10.);
#2338=VECTOR('',#8536,10.);
#2339=VECTOR('',#8537,10.);
#2340=VECTOR('',#8538,10.);
#2341=VECTOR('',#8539,10.);
#2342=VECTOR('',#8542,10.);
#2343=VECTOR('',#8543,10.);
#2344=VECTOR('',#8544,10.);
#2345=VECTOR('',#8547,10.);
#2346=VECTOR('',#8548,10.);
#2347=VECTOR('',#8549,10.);
#2348=VECTOR('',#8552,10.);
#2349=VECTOR('',#8553,10.);
#2350=VECTOR('',#8556,10.);
#2351=VECTOR('',#8557,10.);
#2352=VECTOR('',#8558,10.);
#2353=VECTOR('',#8559,10.);
#2354=VECTOR('',#8562,10.);
#2355=VECTOR('',#8563,10.);
#2356=VECTOR('',#8564,10.);
#2357=VECTOR('',#8567,10.);
#2358=VECTOR('',#8568,10.);
#2359=VECTOR('',#8569,10.);
#2360=VECTOR('',#8572,10.);
#2361=VECTOR('',#8573,10.);
#2362=VECTOR('',#8578,10.);
#2363=VECTOR('',#8579,10.);
#2364=VECTOR('',#8580,10.);
#2365=VECTOR('',#8581,10.);
#2366=VECTOR('',#8584,10.);
#2367=VECTOR('',#8585,10.);
#2368=VECTOR('',#8586,10.);
#2369=VECTOR('',#8589,10.);
#2370=VECTOR('',#8590,10.);
#2371=VECTOR('',#8591,10.);
#2372=VECTOR('',#8594,10.);
#2373=VECTOR('',#8595,10.);
#2374=VECTOR('',#8598,10.);
#2375=VECTOR('',#8599,10.);
#2376=VECTOR('',#8600,10.);
#2377=VECTOR('',#8601,10.);
#2378=VECTOR('',#8604,10.);
#2379=VECTOR('',#8605,10.);
#2380=VECTOR('',#8606,10.);
#2381=VECTOR('',#8609,10.);
#2382=VECTOR('',#8610,10.);
#2383=VECTOR('',#8611,10.);
#2384=VECTOR('',#8614,10.);
#2385=VECTOR('',#8615,10.);
#2386=VECTOR('',#8622,10.);
#2387=VECTOR('',#8625,10.);
#2388=VECTOR('',#8628,10.);
#2389=VECTOR('',#8631,10.);
#2390=VECTOR('',#8634,10.);
#2391=VECTOR('',#8637,10.);
#2392=VECTOR('',#8640,10.);
#2393=VECTOR('',#8641,10.);
#2394=VECTOR('',#8644,10.);
#2395=VECTOR('',#8649,10.);
#2396=VECTOR('',#8650,10.);
#2397=VECTOR('',#8653,10.);
#2398=VECTOR('',#8654,10.);
#2399=VECTOR('',#8665,10.);
#2400=VECTOR('',#8674,10.);
#2401=VECTOR('',#8685,10.);
#2402=VECTOR('',#8698,10.);
#2403=VECTOR('',#8699,10.);
#2404=VECTOR('',#8702,10.);
#2405=VECTOR('',#8703,10.);
#2406=VECTOR('',#8708,10.);
#2407=VECTOR('',#8713,10.);
#2408=VECTOR('',#8714,10.);
#2409=VECTOR('',#8717,10.);
#2410=VECTOR('',#8718,10.);
#2411=VECTOR('',#8723,10.);
#2412=VECTOR('',#8726,10.);
#2413=VECTOR('',#8727,10.);
#2414=VECTOR('',#8736,10.);
#2415=VECTOR('',#8737,10.);
#2416=VECTOR('',#8738,10.);
#2417=VECTOR('',#8739,10.);
#2418=VECTOR('',#8744,10.);
#2419=VECTOR('',#8749,10.);
#2420=VECTOR('',#8750,10.);
#2421=VECTOR('',#8751,10.);
#2422=VECTOR('',#8756,10.);
#2423=VECTOR('',#8761,10.);
#2424=VECTOR('',#8762,10.);
#2425=VECTOR('',#8763,10.);
#2426=VECTOR('',#8766,10.);
#2427=VECTOR('',#8767,10.);
#2428=VECTOR('',#8768,10.);
#2429=VECTOR('',#8771,10.);
#2430=VECTOR('',#8772,10.);
#2431=VECTOR('',#8773,10.);
#2432=VECTOR('',#8774,10.);
#2433=VECTOR('',#8777,10.);
#2434=VECTOR('',#8778,10.);
#2435=VECTOR('',#8779,10.);
#2436=VECTOR('',#8782,10.);
#2437=VECTOR('',#8783,10.);
#2438=VECTOR('',#8784,10.);
#2439=VECTOR('',#8787,10.);
#2440=VECTOR('',#8788,10.);
#2441=VECTOR('',#8791,10.);
#2442=VECTOR('',#8792,10.);
#2443=VECTOR('',#8793,10.);
#2444=VECTOR('',#8794,10.);
#2445=VECTOR('',#8797,10.);
#2446=VECTOR('',#8798,10.);
#2447=VECTOR('',#8799,10.);
#2448=VECTOR('',#8802,10.);
#2449=VECTOR('',#8803,10.);
#2450=VECTOR('',#8804,10.);
#2451=VECTOR('',#8807,10.);
#2452=VECTOR('',#8808,10.);
#2453=VECTOR('',#8809,10.);
#2454=VECTOR('',#8812,10.);
#2455=VECTOR('',#8813,10.);
#2456=VECTOR('',#8814,10.);
#2457=VECTOR('',#8817,10.);
#2458=VECTOR('',#8818,10.);
#2459=VECTOR('',#8819,10.);
#2460=VECTOR('',#8822,10.);
#2461=VECTOR('',#8823,10.);
#2462=VECTOR('',#8824,10.);
#2463=VECTOR('',#8827,10.);
#2464=VECTOR('',#8828,10.);
#2465=VECTOR('',#8829,10.);
#2466=VECTOR('',#8832,10.);
#2467=VECTOR('',#8833,10.);
#2468=VECTOR('',#8834,10.);
#2469=VECTOR('',#8837,10.);
#2470=VECTOR('',#8838,10.);
#2471=VECTOR('',#8839,10.);
#2472=VECTOR('',#8842,10.);
#2473=VECTOR('',#8843,10.);
#2474=VECTOR('',#8846,10.);
#2475=VECTOR('',#8849,10.);
#2476=VECTOR('',#8852,10.);
#2477=VECTOR('',#8853,10.);
#2478=VECTOR('',#8854,10.);
#2479=VECTOR('',#8857,10.);
#2480=VECTOR('',#8858,10.);
#2481=VECTOR('',#8859,10.);
#2482=VECTOR('',#8862,10.);
#2483=VECTOR('',#8865,10.);
#2484=VECTOR('',#8868,10.);
#2485=VECTOR('',#8871,10.);
#2486=VECTOR('',#8874,10.);
#2487=VECTOR('',#8877,10.);
#2488=VECTOR('',#8880,10.);
#2489=VECTOR('',#8883,10.);
#2490=VECTOR('',#8900,10.);
#2491=VECTOR('',#8901,10.);
#2492=VECTOR('',#8902,10.);
#2493=VECTOR('',#8905,10.);
#2494=VECTOR('',#8906,10.);
#2495=VECTOR('',#8907,10.);
#2496=VECTOR('',#8910,10.);
#2497=VECTOR('',#8915,10.);
#2498=VECTOR('',#8916,10.);
#2499=VECTOR('',#8917,10.);
#2500=VECTOR('',#8920,10.);
#2501=VECTOR('',#8921,10.);
#2502=VECTOR('',#8924,4.00000005960464);
#2503=VECTOR('',#8949,10.);
#2504=VECTOR('',#8954,4.00000005960464);
#2505=VECTOR('',#8967,10.);
#2506=VECTOR('',#8970,10.);
#2507=VECTOR('',#8971,10.);
#2508=VECTOR('',#8972,10.);
#2509=VECTOR('',#8977,10.);
#2510=VECTOR('',#8978,10.);
#2511=VECTOR('',#8979,10.);
#2512=VECTOR('',#8982,10.);
#2513=VECTOR('',#8983,10.);
#2514=VECTOR('',#8984,10.);
#2515=VECTOR('',#8991,10.);
#2516=VECTOR('',#8992,10.);
#2517=VECTOR('',#8993,10.);
#2518=VECTOR('',#8998,10.);
#2519=VECTOR('',#8999,10.);
#2520=VECTOR('',#9000,10.);
#2521=VECTOR('',#9001,10.);
#2522=VECTOR('',#9004,10.);
#2523=VECTOR('',#9005,10.);
#2524=VECTOR('',#9006,10.);
#2525=VECTOR('',#9007,10.);
#2526=VECTOR('',#9010,10.);
#2527=VECTOR('',#9011,10.);
#2528=VECTOR('',#9012,10.);
#2529=VECTOR('',#9015,10.);
#2530=VECTOR('',#9016,10.);
#2531=VECTOR('',#9017,10.);
#2532=VECTOR('',#9020,10.);
#2533=VECTOR('',#9021,10.);
#2534=VECTOR('',#9022,10.);
#2535=VECTOR('',#9025,10.);
#2536=VECTOR('',#9028,10.);
#2537=VECTOR('',#9029,10.);
#2538=VECTOR('',#9032,10.);
#2539=VECTOR('',#9035,10.);
#2540=VECTOR('',#9036,10.);
#2541=VECTOR('',#9039,10.);
#2542=VECTOR('',#9040,10.);
#2543=VECTOR('',#9043,10.);
#2544=VECTOR('',#9044,10.);
#2545=VECTOR('',#9045,10.);
#2546=VECTOR('',#9046,10.);
#2547=VECTOR('',#9049,10.);
#2548=VECTOR('',#9050,10.);
#2549=VECTOR('',#9051,10.);
#2550=VECTOR('',#9054,10.);
#2551=VECTOR('',#9055,10.);
#2552=VECTOR('',#9056,10.);
#2553=VECTOR('',#9059,10.);
#2554=VECTOR('',#9060,10.);
#2555=VECTOR('',#9065,10.);
#2556=VECTOR('',#9070,10.);
#2557=VECTOR('',#9073,10.);
#2558=VECTOR('',#9076,10.);
#2559=VECTOR('',#9081,10.);
#2560=VECTOR('',#9082,10.);
#2561=VECTOR('',#9113,10.);
#2562=VECTOR('',#9114,10.);
#2563=VECTOR('',#9119,10.);
#2564=VECTOR('',#9136,10.);
#2565=VECTOR('',#9137,10.);
#2566=VECTOR('',#9140,10.);
#2567=VECTOR('',#9149,10.);
#2568=VECTOR('',#9152,10.);
#2569=VECTOR('',#9153,10.);
#2570=VECTOR('',#9156,10.);
#2571=VECTOR('',#9157,10.);
#2572=VECTOR('',#9160,10.);
#2573=VECTOR('',#9179,10.);
#2574=VECTOR('',#9182,10.);
#2575=VECTOR('',#9185,10.);
#2576=VECTOR('',#9190,10.);
#2577=VECTOR('',#9191,10.);
#2578=VECTOR('',#9202,10.);
#2579=VECTOR('',#9203,10.);
#2580=VECTOR('',#9204,10.);
#2581=VECTOR('',#9205,10.);
#2582=VECTOR('',#9212,10.);
#2583=VECTOR('',#9219,10.);
#2584=VECTOR('',#9226,10.);
#2585=VECTOR('',#9237,10.);
#2586=VECTOR('',#9252,10.);
#2587=VECTOR('',#9255,10.);
#2588=VECTOR('',#9258,10.);
#2589=VECTOR('',#9259,10.);
#2590=VECTOR('',#9262,10.);
#2591=VECTOR('',#9267,10.);
#2592=VECTOR('',#9268,10.);
#2593=VECTOR('',#9269,10.);
#2594=VECTOR('',#9270,10.);
#2595=VECTOR('',#9271,10.);
#2596=VECTOR('',#9272,10.);
#2597=VECTOR('',#9273,10.);
#2598=VECTOR('',#9276,10.);
#2599=VECTOR('',#9277,10.);
#2600=VECTOR('',#9278,10.);
#2601=VECTOR('',#9279,10.);
#2602=VECTOR('',#9280,10.);
#2603=VECTOR('',#9283,10.);
#2604=VECTOR('',#9284,10.);
#2605=VECTOR('',#9285,10.);
#2606=VECTOR('',#9286,10.);
#2607=VECTOR('',#9287,10.);
#2608=VECTOR('',#9288,10.);
#2609=VECTOR('',#9291,10.);
#2610=VECTOR('',#9292,10.);
#2611=VECTOR('',#9293,10.);
#2612=VECTOR('',#9296,10.);
#2613=VECTOR('',#9297,10.);
#2614=VECTOR('',#9298,10.);
#2615=VECTOR('',#9299,10.);
#2616=VECTOR('',#9302,10.);
#2617=VECTOR('',#9303,10.);
#2618=VECTOR('',#9320,10.);
#2619=VECTOR('',#9323,10.);
#2620=VECTOR('',#9336,10.);
#2621=VECTOR('',#9339,10.);
#2622=VECTOR('',#9342,10.);
#2623=VECTOR('',#9343,10.);
#2624=VECTOR('',#9346,10.);
#2625=VECTOR('',#9347,10.);
#2626=VECTOR('',#9348,10.);
#2627=VECTOR('',#9349,10.);
#2628=VECTOR('',#9350,10.);
#2629=VECTOR('',#9353,10.);
#2630=VECTOR('',#9354,10.);
#2631=VECTOR('',#9355,10.);
#2632=VECTOR('',#9356,10.);
#2633=VECTOR('',#9357,10.);
#2634=VECTOR('',#9358,10.);
#2635=VECTOR('',#9359,10.);
#2636=VECTOR('',#9362,10.);
#2637=VECTOR('',#9365,10.);
#2638=VECTOR('',#9368,10.);
#2639=VECTOR('',#9389,10.);
#2640=VECTOR('',#9392,10.);
#2641=VECTOR('',#9393,10.);
#2642=VECTOR('',#9396,10.);
#2643=VECTOR('',#9401,10.);
#2644=VECTOR('',#9402,10.);
#2645=VECTOR('',#9409,10.);
#2646=VECTOR('',#9412,10.);
#2647=VECTOR('',#9415,10.);
#2648=VECTOR('',#9420,10.);
#2649=VECTOR('',#9421,10.);
#2650=VECTOR('',#9428,10.);
#2651=VECTOR('',#9433,10.);
#2652=VECTOR('',#9444,10.);
#2653=VECTOR('',#9485,10.);
#2654=VECTOR('',#9502,10.);
#2655=VECTOR('',#9507,10.);
#2656=VECTOR('',#9508,10.);
#2657=VECTOR('',#9511,10.);
#2658=VECTOR('',#9514,10.);
#2659=VECTOR('',#9517,10.);
#2660=VECTOR('',#9520,10.);
#2661=VECTOR('',#9529,10.);
#2662=VECTOR('',#9532,10.);
#2663=VECTOR('',#9533,10.);
#2664=VECTOR('',#9534,10.);
#2665=VECTOR('',#9539,10.);
#2666=VECTOR('',#9540,10.);
#2667=VECTOR('',#9541,10.);
#2668=VECTOR('',#9544,10.);
#2669=VECTOR('',#9547,10.);
#2670=VECTOR('',#9548,10.);
#2671=VECTOR('',#9551,10.);
#2672=VECTOR('',#9554,10.);
#2673=VECTOR('',#9555,10.);
#2674=VECTOR('',#9556,10.);
#2675=VECTOR('',#9557,10.);
#2676=VECTOR('',#9558,10.);
#2677=VECTOR('',#9561,10.);
#2678=VECTOR('',#9562,10.);
#2679=VECTOR('',#9563,10.);
#2680=VECTOR('',#9566,10.);
#2681=VECTOR('',#9567,10.);
#2682=VECTOR('',#9568,10.);
#2683=VECTOR('',#9569,10.);
#2684=VECTOR('',#9570,10.);
#2685=VECTOR('',#9571,10.);
#2686=VECTOR('',#9574,10.);
#2687=VECTOR('',#9575,10.);
#2688=VECTOR('',#9578,10.);
#2689=VECTOR('',#9579,10.);
#2690=VECTOR('',#9580,10.);
#2691=VECTOR('',#9581,10.);
#2692=VECTOR('',#9582,10.);
#2693=VECTOR('',#9585,10.);
#2694=VECTOR('',#9586,10.);
#2695=VECTOR('',#9589,10.);
#2696=VECTOR('',#9590,10.);
#2697=VECTOR('',#9593,10.);
#2698=VECTOR('',#9594,10.);
#2699=VECTOR('',#9595,10.);
#2700=VECTOR('',#9598,10.);
#2701=VECTOR('',#9599,10.);
#2702=VECTOR('',#9602,10.);
#2703=VECTOR('',#9603,10.);
#2704=VECTOR('',#9604,10.);
#2705=VECTOR('',#9607,10.);
#2706=VECTOR('',#9608,10.);
#2707=VECTOR('',#9611,10.);
#2708=VECTOR('',#9614,10.);
#2709=VECTOR('',#9623,10.);
#2710=VECTOR('',#9624,10.);
#2711=VECTOR('',#9629,10.);
#2712=VECTOR('',#9630,10.);
#2713=VECTOR('',#9635,10.);
#2714=VECTOR('',#9636,10.);
#2715=VECTOR('',#9637,10.);
#2716=VECTOR('',#9640,10.);
#2717=VECTOR('',#9645,10.);
#2718=VECTOR('',#9646,10.);
#2719=VECTOR('',#9647,10.);
#2720=VECTOR('',#9648,10.);
#2721=VECTOR('',#9653,10.);
#2722=VECTOR('',#9660,10.);
#2723=VECTOR('',#9667,10.);
#2724=VECTOR('',#9680,10.);
#2725=VECTOR('',#9681,10.);
#2726=VECTOR('',#9684,10.);
#2727=VECTOR('',#9685,10.);
#2728=VECTOR('',#9686,10.);
#2729=VECTOR('',#9687,10.);
#2730=VECTOR('',#9694,10.);
#2731=VECTOR('',#9697,10.);
#2732=VECTOR('',#9718,10.);
#2733=VECTOR('',#9719,10.);
#2734=VECTOR('',#9724,10.);
#2735=VECTOR('',#9727,10.);
#2736=VECTOR('',#9728,10.);
#2737=VECTOR('',#9735,10.);
#2738=VECTOR('',#9736,10.);
#2739=VECTOR('',#9737,10.);
#2740=VECTOR('',#9738,10.);
#2741=VECTOR('',#9741,10.);
#2742=VECTOR('',#9742,10.);
#2743=VECTOR('',#9743,10.);
#2744=VECTOR('',#9744,10.);
#2745=VECTOR('',#9747,10.);
#2746=VECTOR('',#9748,10.);
#2747=VECTOR('',#9749,10.);
#2748=VECTOR('',#9750,10.);
#2749=VECTOR('',#9751,10.);
#2750=VECTOR('',#9752,10.);
#2751=VECTOR('',#9755,10.);
#2752=VECTOR('',#9758,10.);
#2753=VECTOR('',#9759,10.);
#2754=VECTOR('',#9760,10.);
#2755=VECTOR('',#9761,10.);
#2756=VECTOR('',#9762,10.);
#2757=VECTOR('',#9767,10.);
#2758=VECTOR('',#9768,10.);
#2759=VECTOR('',#9771,10.);
#2760=VECTOR('',#9774,10.);
#2761=VECTOR('',#9791,10.);
#2762=VECTOR('',#9794,10.);
#2763=VECTOR('',#9797,10.);
#2764=VECTOR('',#9802,4.00000005960464);
#2765=VECTOR('',#9825,10.);
#2766=VECTOR('',#9826,10.);
#2767=VECTOR('',#9831,4.00000005960464);
#2768=VECTOR('',#9842,10.);
#2769=VECTOR('',#9845,10.);
#2770=VECTOR('',#9848,10.);
#2771=VECTOR('',#9851,10.);
#2772=VECTOR('',#9852,10.);
#2773=VECTOR('',#9853,10.);
#2774=VECTOR('',#9856,10.);
#2775=VECTOR('',#9861,10.);
#2776=VECTOR('',#9862,10.);
#2777=VECTOR('',#9865,10.);
#2778=VECTOR('',#9866,10.);
#2779=VECTOR('',#9867,10.);
#2780=VECTOR('',#9870,10.);
#2781=VECTOR('',#9871,10.);
#2782=VECTOR('',#9872,10.);
#2783=VECTOR('',#9875,10.);
#2784=VECTOR('',#9876,10.);
#2785=VECTOR('',#9877,10.);
#2786=VECTOR('',#9878,10.);
#2787=VECTOR('',#9881,10.);
#2788=VECTOR('',#9886,10.);
#2789=VECTOR('',#9887,10.);
#2790=VECTOR('',#9888,10.);
#2791=VECTOR('',#9889,10.);
#2792=VECTOR('',#9894,10.);
#2793=VECTOR('',#9899,10.);
#2794=VECTOR('',#9914,10.);
#2795=VECTOR('',#9915,10.);
#2796=VECTOR('',#9918,10.);
#2797=VECTOR('',#9919,10.);
#2798=VECTOR('',#9920,10.);
#2799=VECTOR('',#9921,10.);
#2800=VECTOR('',#9924,10.);
#2801=VECTOR('',#9925,10.);
#2802=VECTOR('',#9926,10.);
#2803=VECTOR('',#9927,10.);
#2804=VECTOR('',#9930,10.);
#2805=VECTOR('',#9931,10.);
#2806=VECTOR('',#9932,10.);
#2807=VECTOR('',#9933,10.);
#2808=VECTOR('',#9936,10.);
#2809=VECTOR('',#9937,10.);
#2810=VECTOR('',#9938,10.);
#2811=VECTOR('',#9939,10.);
#2812=VECTOR('',#9946,10.);
#2813=VECTOR('',#9955,10.);
#2814=VECTOR('',#9976,10.);
#2815=VECTOR('',#9995,10.);
#2816=VECTOR('',#10030,10.);
#2817=VECTOR('',#10049,10.);
#2818=VECTOR('',#10060,10.);
#2819=VECTOR('',#10063,10.);
#2820=VECTOR('',#10068,10.);
#2821=VECTOR('',#10069,10.);
#2822=VECTOR('',#10074,10.);
#2823=VECTOR('',#10077,10.);
#2824=VECTOR('',#10078,10.);
#2825=VECTOR('',#10079,10.);
#2826=VECTOR('',#10080,10.);
#2827=VECTOR('',#10081,10.);
#2828=VECTOR('',#10084,10.);
#2829=VECTOR('',#10085,10.);
#2830=VECTOR('',#10086,10.);
#2831=VECTOR('',#10087,10.);
#2832=VECTOR('',#10088,10.);
#2833=VECTOR('',#10089,10.);
#2834=VECTOR('',#10092,10.);
#2835=VECTOR('',#10095,10.);
#2836=VECTOR('',#10096,10.);
#2837=VECTOR('',#10097,10.);
#2838=VECTOR('',#10098,10.);
#2839=VECTOR('',#10099,10.);
#2840=VECTOR('',#10104,10.);
#2841=VECTOR('',#10105,10.);
#2842=VECTOR('',#10108,10.);
#2843=VECTOR('',#10111,10.);
#2844=VECTOR('',#10112,10.);
#2845=VECTOR('',#10113,10.);
#2846=VECTOR('',#10116,10.);
#2847=VECTOR('',#10119,10.);
#2848=VECTOR('',#10120,10.);
#2849=VECTOR('',#10123,10.);
#2850=VECTOR('',#10124,10.);
#2851=VECTOR('',#10129,10.);
#2852=VECTOR('',#10132,10.);
#2853=VECTOR('',#10135,10.);
#2854=VECTOR('',#10138,10.);
#2855=VERTEX_POINT('',#10143);
#2856=VERTEX_POINT('',#10144);
#2857=VERTEX_POINT('',#10146);
#2858=VERTEX_POINT('',#10148);
#2859=VERTEX_POINT('',#10152);
#2860=VERTEX_POINT('',#10154);
#2861=VERTEX_POINT('',#10158);
#2862=VERTEX_POINT('',#10160);
#2863=VERTEX_POINT('',#10168);
#2864=VERTEX_POINT('',#10170);
#2865=VERTEX_POINT('',#10172);
#2866=VERTEX_POINT('',#10174);
#2867=VERTEX_POINT('',#10178);
#2868=VERTEX_POINT('',#10180);
#2869=VERTEX_POINT('',#10184);
#2870=VERTEX_POINT('',#10185);
#2871=VERTEX_POINT('',#10187);
#2872=VERTEX_POINT('',#10194);
#2873=VERTEX_POINT('',#10196);
#2874=VERTEX_POINT('',#10202);
#2875=VERTEX_POINT('',#10204);
#2876=VERTEX_POINT('',#10208);
#2877=VERTEX_POINT('',#10209);
#2878=VERTEX_POINT('',#10211);
#2879=VERTEX_POINT('',#10218);
#2880=VERTEX_POINT('',#10219);
#2881=VERTEX_POINT('',#10221);
#2882=VERTEX_POINT('',#10231);
#2883=VERTEX_POINT('',#10232);
#2884=VERTEX_POINT('',#10241);
#2885=VERTEX_POINT('',#10242);
#2886=VERTEX_POINT('',#10244);
#2887=VERTEX_POINT('',#10267);
#2888=VERTEX_POINT('',#10268);
#2889=VERTEX_POINT('',#10270);
#2890=VERTEX_POINT('',#10272);
#2891=VERTEX_POINT('',#10276);
#2892=VERTEX_POINT('',#10278);
#2893=VERTEX_POINT('',#10282);
#2894=VERTEX_POINT('',#10284);
#2895=VERTEX_POINT('',#10293);
#2896=VERTEX_POINT('',#10294);
#2897=VERTEX_POINT('',#10296);
#2898=VERTEX_POINT('',#10298);
#2899=VERTEX_POINT('',#10302);
#2900=VERTEX_POINT('',#10304);
#2901=VERTEX_POINT('',#10308);
#2902=VERTEX_POINT('',#10310);
#2903=VERTEX_POINT('',#10316);
#2904=VERTEX_POINT('',#10317);
#2905=VERTEX_POINT('',#10319);
#2906=VERTEX_POINT('',#10321);
#2907=VERTEX_POINT('',#10325);
#2908=VERTEX_POINT('',#10327);
#2909=VERTEX_POINT('',#10331);
#2910=VERTEX_POINT('',#10333);
#2911=VERTEX_POINT('',#10339);
#2912=VERTEX_POINT('',#10340);
#2913=VERTEX_POINT('',#10342);
#2914=VERTEX_POINT('',#10344);
#2915=VERTEX_POINT('',#10348);
#2916=VERTEX_POINT('',#10351);
#2917=VERTEX_POINT('',#10355);
#2918=VERTEX_POINT('',#10357);
#2919=VERTEX_POINT('',#10367);
#2920=VERTEX_POINT('',#10368);
#2921=VERTEX_POINT('',#10370);
#2922=VERTEX_POINT('',#10372);
#2923=VERTEX_POINT('',#10376);
#2924=VERTEX_POINT('',#10378);
#2925=VERTEX_POINT('',#10382);
#2926=VERTEX_POINT('',#10384);
#2927=VERTEX_POINT('',#10388);
#2928=VERTEX_POINT('',#10390);
#2929=VERTEX_POINT('',#10396);
#2930=VERTEX_POINT('',#10398);
#2931=VERTEX_POINT('',#10408);
#2932=VERTEX_POINT('',#10410);
#2933=VERTEX_POINT('',#10414);
#2934=VERTEX_POINT('',#10418);
#2935=VERTEX_POINT('',#10422);
#2936=VERTEX_POINT('',#10424);
#2937=VERTEX_POINT('',#10431);
#2938=VERTEX_POINT('',#10433);
#2939=VERTEX_POINT('',#10440);
#2940=VERTEX_POINT('',#10442);
#2941=VERTEX_POINT('',#10444);
#2942=VERTEX_POINT('',#10446);
#2943=VERTEX_POINT('',#10448);
#2944=VERTEX_POINT('',#10450);
#2945=VERTEX_POINT('',#10452);
#2946=VERTEX_POINT('',#10454);
#2947=VERTEX_POINT('',#10456);
#2948=VERTEX_POINT('',#10458);
#2949=VERTEX_POINT('',#10460);
#2950=VERTEX_POINT('',#10462);
#2951=VERTEX_POINT('',#10464);
#2952=VERTEX_POINT('',#10466);
#2953=VERTEX_POINT('',#10468);
#2954=VERTEX_POINT('',#10470);
#2955=VERTEX_POINT('',#10472);
#2956=VERTEX_POINT('',#10474);
#2957=VERTEX_POINT('',#10481);
#2958=VERTEX_POINT('',#10490);
#2959=VERTEX_POINT('',#10492);
#2960=VERTEX_POINT('',#10496);
#2961=VERTEX_POINT('',#10497);
#2962=VERTEX_POINT('',#10499);
#2963=VERTEX_POINT('',#10501);
#2964=VERTEX_POINT('',#10505);
#2965=VERTEX_POINT('',#10514);
#2966=VERTEX_POINT('',#10516);
#2967=VERTEX_POINT('',#10520);
#2968=VERTEX_POINT('',#10528);
#2969=VERTEX_POINT('',#10530);
#2970=VERTEX_POINT('',#10534);
#2971=VERTEX_POINT('',#10541);
#2972=VERTEX_POINT('',#10549);
#2973=VERTEX_POINT('',#10551);
#2974=VERTEX_POINT('',#10553);
#2975=VERTEX_POINT('',#10555);
#2976=VERTEX_POINT('',#10557);
#2977=VERTEX_POINT('',#10559);
#2978=VERTEX_POINT('',#10561);
#2979=VERTEX_POINT('',#10563);
#2980=VERTEX_POINT('',#10565);
#2981=VERTEX_POINT('',#10567);
#2982=VERTEX_POINT('',#10569);
#2983=VERTEX_POINT('',#10571);
#2984=VERTEX_POINT('',#10573);
#2985=VERTEX_POINT('',#10575);
#2986=VERTEX_POINT('',#10582);
#2987=VERTEX_POINT('',#10584);
#2988=VERTEX_POINT('',#10595);
#2989=VERTEX_POINT('',#10596);
#2990=VERTEX_POINT('',#10602);
#2991=VERTEX_POINT('',#10604);
#2992=VERTEX_POINT('',#10608);
#2993=VERTEX_POINT('',#10610);
#2994=VERTEX_POINT('',#10626);
#2995=VERTEX_POINT('',#10632);
#2996=VERTEX_POINT('',#10636);
#2997=VERTEX_POINT('',#10642);
#2998=VERTEX_POINT('',#10648);
#2999=VERTEX_POINT('',#10652);
#3000=VERTEX_POINT('',#10662);
#3001=VERTEX_POINT('',#10666);
#3002=VERTEX_POINT('',#10676);
#3003=VERTEX_POINT('',#10703);
#3004=VERTEX_POINT('',#10704);
#3005=VERTEX_POINT('',#10706);
#3006=VERTEX_POINT('',#10708);
#3007=VERTEX_POINT('',#10712);
#3008=VERTEX_POINT('',#10714);
#3009=VERTEX_POINT('',#10718);
#3010=VERTEX_POINT('',#10720);
#3011=VERTEX_POINT('',#10727);
#3012=VERTEX_POINT('',#10728);
#3013=VERTEX_POINT('',#10730);
#3014=VERTEX_POINT('',#10732);
#3015=VERTEX_POINT('',#10736);
#3016=VERTEX_POINT('',#10738);
#3017=VERTEX_POINT('',#10742);
#3018=VERTEX_POINT('',#10744);
#3019=VERTEX_POINT('',#10752);
#3020=VERTEX_POINT('',#10753);
#3021=VERTEX_POINT('',#10755);
#3022=VERTEX_POINT('',#10757);
#3023=VERTEX_POINT('',#10761);
#3024=VERTEX_POINT('',#10763);
#3025=VERTEX_POINT('',#10767);
#3026=VERTEX_POINT('',#10769);
#3027=VERTEX_POINT('',#10776);
#3028=VERTEX_POINT('',#10777);
#3029=VERTEX_POINT('',#10779);
#3030=VERTEX_POINT('',#10781);
#3031=VERTEX_POINT('',#10785);
#3032=VERTEX_POINT('',#10787);
#3033=VERTEX_POINT('',#10791);
#3034=VERTEX_POINT('',#10793);
#3035=VERTEX_POINT('',#10801);
#3036=VERTEX_POINT('',#10802);
#3037=VERTEX_POINT('',#10804);
#3038=VERTEX_POINT('',#10806);
#3039=VERTEX_POINT('',#10808);
#3040=VERTEX_POINT('',#10810);
#3041=VERTEX_POINT('',#10812);
#3042=VERTEX_POINT('',#10814);
#3043=VERTEX_POINT('',#10818);
#3044=VERTEX_POINT('',#10820);
#3045=VERTEX_POINT('',#10824);
#3046=VERTEX_POINT('',#10828);
#3047=VERTEX_POINT('',#10832);
#3048=VERTEX_POINT('',#10833);
#3049=VERTEX_POINT('',#10835);
#3050=VERTEX_POINT('',#10837);
#3051=VERTEX_POINT('',#10842);
#3052=VERTEX_POINT('',#10846);
#3053=VERTEX_POINT('',#10850);
#3054=VERTEX_POINT('',#10856);
#3055=VERTEX_POINT('',#10857);
#3056=VERTEX_POINT('',#10864);
#3057=VERTEX_POINT('',#10865);
#3058=VERTEX_POINT('',#10867);
#3059=VERTEX_POINT('',#10869);
#3060=VERTEX_POINT('',#10879);
#3061=VERTEX_POINT('',#10884);
#3062=VERTEX_POINT('',#10888);
#3063=VERTEX_POINT('',#10892);
#3064=VERTEX_POINT('',#10896);
#3065=VERTEX_POINT('',#10903);
#3066=VERTEX_POINT('',#10904);
#3067=VERTEX_POINT('',#10906);
#3068=VERTEX_POINT('',#10908);
#3069=VERTEX_POINT('',#10912);
#3070=VERTEX_POINT('',#10914);
#3071=VERTEX_POINT('',#10918);
#3072=VERTEX_POINT('',#10920);
#3073=VERTEX_POINT('',#10924);
#3074=VERTEX_POINT('',#10926);
#3075=VERTEX_POINT('',#10930);
#3076=VERTEX_POINT('',#10932);
#3077=VERTEX_POINT('',#10936);
#3078=VERTEX_POINT('',#10938);
#3079=VERTEX_POINT('',#10942);
#3080=VERTEX_POINT('',#10943);
#3081=VERTEX_POINT('',#10945);
#3082=VERTEX_POINT('',#10947);
#3083=VERTEX_POINT('',#10951);
#3084=VERTEX_POINT('',#10953);
#3085=VERTEX_POINT('',#10957);
#3086=VERTEX_POINT('',#10959);
#3087=VERTEX_POINT('',#10966);
#3088=VERTEX_POINT('',#10967);
#3089=VERTEX_POINT('',#10969);
#3090=VERTEX_POINT('',#10971);
#3091=VERTEX_POINT('',#10975);
#3092=VERTEX_POINT('',#10977);
#3093=VERTEX_POINT('',#10981);
#3094=VERTEX_POINT('',#10983);
#3095=VERTEX_POINT('',#10987);
#3096=VERTEX_POINT('',#10989);
#3097=VERTEX_POINT('',#10993);
#3098=VERTEX_POINT('',#10995);
#3099=VERTEX_POINT('',#10999);
#3100=VERTEX_POINT('',#11001);
#3101=VERTEX_POINT('',#11005);
#3102=VERTEX_POINT('',#11007);
#3103=VERTEX_POINT('',#11011);
#3104=VERTEX_POINT('',#11013);
#3105=VERTEX_POINT('',#11017);
#3106=VERTEX_POINT('',#11019);
#3107=VERTEX_POINT('',#11023);
#3108=VERTEX_POINT('',#11025);
#3109=VERTEX_POINT('',#11032);
#3110=VERTEX_POINT('',#11034);
#3111=VERTEX_POINT('',#11036);
#3112=VERTEX_POINT('',#11038);
#3113=VERTEX_POINT('',#11040);
#3114=VERTEX_POINT('',#11042);
#3115=VERTEX_POINT('',#11046);
#3116=VERTEX_POINT('',#11048);
#3117=VERTEX_POINT('',#11050);
#3118=VERTEX_POINT('',#11052);
#3119=VERTEX_POINT('',#11054);
#3120=VERTEX_POINT('',#11056);
#3121=VERTEX_POINT('',#11073);
#3122=VERTEX_POINT('',#11074);
#3123=VERTEX_POINT('',#11086);
#3124=VERTEX_POINT('',#11088);
#3125=VERTEX_POINT('',#11095);
#3126=VERTEX_POINT('',#11097);
#3127=VERTEX_POINT('',#11100);
#3128=VERTEX_POINT('',#11109);
#3129=VERTEX_POINT('',#11111);
#3130=VERTEX_POINT('',#11123);
#3131=VERTEX_POINT('',#11125);
#3132=VERTEX_POINT('',#11127);
#3133=VERTEX_POINT('',#11129);
#3134=VERTEX_POINT('',#11131);
#3135=VERTEX_POINT('',#11135);
#3136=VERTEX_POINT('',#11139);
#3137=VERTEX_POINT('',#11141);
#3138=VERTEX_POINT('',#11143);
#3139=VERTEX_POINT('',#11145);
#3140=VERTEX_POINT('',#11147);
#3141=VERTEX_POINT('',#11149);
#3142=VERTEX_POINT('',#11151);
#3143=VERTEX_POINT('',#11165);
#3144=VERTEX_POINT('',#11167);
#3145=VERTEX_POINT('',#11197);
#3146=VERTEX_POINT('',#11202);
#3147=VERTEX_POINT('',#11204);
#3148=VERTEX_POINT('',#11209);
#3149=VERTEX_POINT('',#11211);
#3150=VERTEX_POINT('',#11215);
#3151=VERTEX_POINT('',#11217);
#3152=VERTEX_POINT('',#11247);
#3153=VERTEX_POINT('',#11252);
#3154=VERTEX_POINT('',#11253);
#3155=VERTEX_POINT('',#11255);
#3156=VERTEX_POINT('',#11257);
#3157=VERTEX_POINT('',#11259);
#3158=VERTEX_POINT('',#11261);
#3159=VERTEX_POINT('',#11265);
#3160=VERTEX_POINT('',#11266);
#3161=VERTEX_POINT('',#11271);
#3162=VERTEX_POINT('',#11272);
#3163=VERTEX_POINT('',#11274);
#3164=VERTEX_POINT('',#11276);
#3165=VERTEX_POINT('',#11281);
#3166=VERTEX_POINT('',#11282);
#3167=VERTEX_POINT('',#11285);
#3168=VERTEX_POINT('',#11289);
#3169=VERTEX_POINT('',#11290);
#3170=VERTEX_POINT('',#11292);
#3171=VERTEX_POINT('',#11294);
#3172=VERTEX_POINT('',#11298);
#3173=VERTEX_POINT('',#11299);
#3174=VERTEX_POINT('',#11302);
#3175=VERTEX_POINT('',#11306);
#3176=VERTEX_POINT('',#11311);
#3177=VERTEX_POINT('',#11316);
#3178=VERTEX_POINT('',#11323);
#3179=VERTEX_POINT('',#11329);
#3180=VERTEX_POINT('',#11333);
#3181=VERTEX_POINT('',#11337);
#3182=VERTEX_POINT('',#11338);
#3183=VERTEX_POINT('',#11340);
#3184=VERTEX_POINT('',#11342);
#3185=VERTEX_POINT('',#11346);
#3186=VERTEX_POINT('',#11348);
#3187=VERTEX_POINT('',#11352);
#3188=VERTEX_POINT('',#11354);
#3189=VERTEX_POINT('',#11361);
#3190=VERTEX_POINT('',#11363);
#3191=VERTEX_POINT('',#11367);
#3192=VERTEX_POINT('',#11369);
#3193=VERTEX_POINT('',#11373);
#3194=VERTEX_POINT('',#11377);
#3195=VERTEX_POINT('',#11383);
#3196=VERTEX_POINT('',#11384);
#3197=VERTEX_POINT('',#11389);
#3198=VERTEX_POINT('',#11390);
#3199=VERTEX_POINT('',#11395);
#3200=VERTEX_POINT('',#11397);
#3201=VERTEX_POINT('',#11404);
#3202=VERTEX_POINT('',#11408);
#3203=VERTEX_POINT('',#11412);
#3204=VERTEX_POINT('',#11414);
#3205=VERTEX_POINT('',#11423);
#3206=VERTEX_POINT('',#11439);
#3207=VERTEX_POINT('',#11443);
#3208=VERTEX_POINT('',#11454);
#3209=VERTEX_POINT('',#11462);
#3210=VERTEX_POINT('',#11463);
#3211=VERTEX_POINT('',#11465);
#3212=VERTEX_POINT('',#11467);
#3213=VERTEX_POINT('',#11471);
#3214=VERTEX_POINT('',#11473);
#3215=VERTEX_POINT('',#11477);
#3216=VERTEX_POINT('',#11479);
#3217=VERTEX_POINT('',#11483);
#3218=VERTEX_POINT('',#11485);
#3219=VERTEX_POINT('',#11491);
#3220=VERTEX_POINT('',#11493);
#3221=VERTEX_POINT('',#11503);
#3222=VERTEX_POINT('',#11505);
#3223=VERTEX_POINT('',#11509);
#3224=VERTEX_POINT('',#11513);
#3225=VERTEX_POINT('',#11517);
#3226=VERTEX_POINT('',#11519);
#3227=VERTEX_POINT('',#11526);
#3228=VERTEX_POINT('',#11528);
#3229=VERTEX_POINT('',#11535);
#3230=VERTEX_POINT('',#11537);
#3231=VERTEX_POINT('',#11539);
#3232=VERTEX_POINT('',#11541);
#3233=VERTEX_POINT('',#11543);
#3234=VERTEX_POINT('',#11545);
#3235=VERTEX_POINT('',#11547);
#3236=VERTEX_POINT('',#11549);
#3237=VERTEX_POINT('',#11551);
#3238=VERTEX_POINT('',#11553);
#3239=VERTEX_POINT('',#11555);
#3240=VERTEX_POINT('',#11557);
#3241=VERTEX_POINT('',#11559);
#3242=VERTEX_POINT('',#11561);
#3243=VERTEX_POINT('',#11563);
#3244=VERTEX_POINT('',#11565);
#3245=VERTEX_POINT('',#11567);
#3246=VERTEX_POINT('',#11569);
#3247=VERTEX_POINT('',#11576);
#3248=VERTEX_POINT('',#11585);
#3249=VERTEX_POINT('',#11587);
#3250=VERTEX_POINT('',#11591);
#3251=VERTEX_POINT('',#11592);
#3252=VERTEX_POINT('',#11594);
#3253=VERTEX_POINT('',#11596);
#3254=VERTEX_POINT('',#11600);
#3255=VERTEX_POINT('',#11609);
#3256=VERTEX_POINT('',#11611);
#3257=VERTEX_POINT('',#11615);
#3258=VERTEX_POINT('',#11623);
#3259=VERTEX_POINT('',#11625);
#3260=VERTEX_POINT('',#11629);
#3261=VERTEX_POINT('',#11636);
#3262=VERTEX_POINT('',#11644);
#3263=VERTEX_POINT('',#11646);
#3264=VERTEX_POINT('',#11648);
#3265=VERTEX_POINT('',#11650);
#3266=VERTEX_POINT('',#11652);
#3267=VERTEX_POINT('',#11654);
#3268=VERTEX_POINT('',#11656);
#3269=VERTEX_POINT('',#11658);
#3270=VERTEX_POINT('',#11660);
#3271=VERTEX_POINT('',#11662);
#3272=VERTEX_POINT('',#11664);
#3273=VERTEX_POINT('',#11666);
#3274=VERTEX_POINT('',#11668);
#3275=VERTEX_POINT('',#11670);
#3276=VERTEX_POINT('',#11677);
#3277=VERTEX_POINT('',#11679);
#3278=VERTEX_POINT('',#11690);
#3279=VERTEX_POINT('',#11691);
#3280=VERTEX_POINT('',#11697);
#3281=VERTEX_POINT('',#11699);
#3282=VERTEX_POINT('',#11703);
#3283=VERTEX_POINT('',#11705);
#3284=VERTEX_POINT('',#11721);
#3285=VERTEX_POINT('',#11727);
#3286=VERTEX_POINT('',#11731);
#3287=VERTEX_POINT('',#11737);
#3288=VERTEX_POINT('',#11743);
#3289=VERTEX_POINT('',#11747);
#3290=VERTEX_POINT('',#11757);
#3291=VERTEX_POINT('',#11761);
#3292=VERTEX_POINT('',#11771);
#3293=VERTEX_POINT('',#11798);
#3294=VERTEX_POINT('',#11799);
#3295=VERTEX_POINT('',#11801);
#3296=VERTEX_POINT('',#11803);
#3297=VERTEX_POINT('',#11805);
#3298=VERTEX_POINT('',#11807);
#3299=VERTEX_POINT('',#11811);
#3300=VERTEX_POINT('',#11812);
#3301=VERTEX_POINT('',#11814);
#3302=VERTEX_POINT('',#11816);
#3303=VERTEX_POINT('',#11818);
#3304=VERTEX_POINT('',#11820);
#3305=VERTEX_POINT('',#11825);
#3306=VERTEX_POINT('',#11827);
#3307=VERTEX_POINT('',#11829);
#3308=VERTEX_POINT('',#11831);
#3309=VERTEX_POINT('',#11834);
#3310=VERTEX_POINT('',#11835);
#3311=VERTEX_POINT('',#11837);
#3312=VERTEX_POINT('',#11839);
#3313=VERTEX_POINT('',#11843);
#3314=VERTEX_POINT('',#11845);
#3315=VERTEX_POINT('',#11849);
#3316=VERTEX_POINT('',#11852);
#3317=VERTEX_POINT('',#11853);
#3318=VERTEX_POINT('',#11855);
#3319=VERTEX_POINT('',#11857);
#3320=VERTEX_POINT('',#11861);
#3321=VERTEX_POINT('',#11866);
#3322=VERTEX_POINT('',#11867);
#3323=VERTEX_POINT('',#11869);
#3324=VERTEX_POINT('',#11871);
#3325=VERTEX_POINT('',#11875);
#3326=VERTEX_POINT('',#11879);
#3327=VERTEX_POINT('',#11883);
#3328=VERTEX_POINT('',#11891);
#3329=VERTEX_POINT('',#11905);
#3330=VERTEX_POINT('',#11906);
#3331=VERTEX_POINT('',#11911);
#3332=VERTEX_POINT('',#11912);
#3333=VERTEX_POINT('',#11918);
#3334=VERTEX_POINT('',#11920);
#3335=VERTEX_POINT('',#11924);
#3336=VERTEX_POINT('',#11928);
#3337=VERTEX_POINT('',#11930);
#3338=VERTEX_POINT('',#11932);
#3339=VERTEX_POINT('',#11934);
#3340=VERTEX_POINT('',#11938);
#3341=VERTEX_POINT('',#11942);
#3342=VERTEX_POINT('',#11946);
#3343=VERTEX_POINT('',#11948);
#3344=VERTEX_POINT('',#11952);
#3345=VERTEX_POINT('',#11958);
#3346=VERTEX_POINT('',#11962);
#3347=VERTEX_POINT('',#11963);
#3348=VERTEX_POINT('',#11965);
#3349=VERTEX_POINT('',#11967);
#3350=VERTEX_POINT('',#11971);
#3351=VERTEX_POINT('',#11973);
#3352=VERTEX_POINT('',#11988);
#3353=VERTEX_POINT('',#11992);
#3354=VERTEX_POINT('',#11996);
#3355=VERTEX_POINT('',#12002);
#3356=VERTEX_POINT('',#12003);
#3357=VERTEX_POINT('',#12005);
#3358=VERTEX_POINT('',#12007);
#3359=VERTEX_POINT('',#12011);
#3360=VERTEX_POINT('',#12012);
#3361=VERTEX_POINT('',#12014);
#3362=VERTEX_POINT('',#12016);
#3363=VERTEX_POINT('',#12022);
#3364=VERTEX_POINT('',#12023);
#3365=VERTEX_POINT('',#12025);
#3366=VERTEX_POINT('',#12027);
#3367=VERTEX_POINT('',#12034);
#3368=VERTEX_POINT('',#12035);
#3369=VERTEX_POINT('',#12037);
#3370=VERTEX_POINT('',#12039);
#3371=VERTEX_POINT('',#12052);
#3372=VERTEX_POINT('',#12053);
#3373=VERTEX_POINT('',#12055);
#3374=VERTEX_POINT('',#12057);
#3375=VERTEX_POINT('',#12064);
#3376=VERTEX_POINT('',#12066);
#3377=VERTEX_POINT('',#12077);
#3378=VERTEX_POINT('',#12087);
#3379=VERTEX_POINT('',#12089);
#3380=VERTEX_POINT('',#12091);
#3381=VERTEX_POINT('',#12093);
#3382=VERTEX_POINT('',#12097);
#3383=VERTEX_POINT('',#12098);
#3384=VERTEX_POINT('',#12129);
#3385=VERTEX_POINT('',#12134);
#3386=VERTEX_POINT('',#12135);
#3387=VERTEX_POINT('',#12137);
#3388=VERTEX_POINT('',#12139);
#3389=VERTEX_POINT('',#12146);
#3390=VERTEX_POINT('',#12148);
#3391=VERTEX_POINT('',#12159);
#3392=VERTEX_POINT('',#12172);
#3393=VERTEX_POINT('',#12173);
#3394=VERTEX_POINT('',#12204);
#3395=VERTEX_POINT('',#12209);
#3396=VERTEX_POINT('',#12211);
#3397=VERTEX_POINT('',#12213);
#3398=VERTEX_POINT('',#12215);
#3399=VERTEX_POINT('',#12219);
#3400=VERTEX_POINT('',#12221);
#3401=VERTEX_POINT('',#12225);
#3402=VERTEX_POINT('',#12229);
#3403=VERTEX_POINT('',#12231);
#3404=VERTEX_POINT('',#12233);
#3405=VERTEX_POINT('',#12235);
#3406=VERTEX_POINT('',#12237);
#3407=VERTEX_POINT('',#12239);
#3408=VERTEX_POINT('',#12241);
#3409=VERTEX_POINT('',#12243);
#3410=VERTEX_POINT('',#12245);
#3411=VERTEX_POINT('',#12247);
#3412=VERTEX_POINT('',#12250);
#3413=VERTEX_POINT('',#12251);
#3414=VERTEX_POINT('',#12253);
#3415=VERTEX_POINT('',#12255);
#3416=VERTEX_POINT('',#12259);
#3417=VERTEX_POINT('',#12263);
#3418=VERTEX_POINT('',#12264);
#3419=VERTEX_POINT('',#12266);
#3420=VERTEX_POINT('',#12268);
#3421=VERTEX_POINT('',#12272);
#3422=VERTEX_POINT('',#12276);
#3423=VERTEX_POINT('',#12278);
#3424=VERTEX_POINT('',#12284);
#3425=VERTEX_POINT('',#12288);
#3426=VERTEX_POINT('',#12292);
#3427=VERTEX_POINT('',#12293);
#3428=VERTEX_POINT('',#12295);
#3429=VERTEX_POINT('',#12297);
#3430=VERTEX_POINT('',#12301);
#3431=VERTEX_POINT('',#12302);
#3432=VERTEX_POINT('',#12304);
#3433=VERTEX_POINT('',#12306);
#3434=VERTEX_POINT('',#12310);
#3435=VERTEX_POINT('',#12311);
#3436=VERTEX_POINT('',#12313);
#3437=VERTEX_POINT('',#12315);
#3438=VERTEX_POINT('',#12319);
#3439=VERTEX_POINT('',#12320);
#3440=VERTEX_POINT('',#12322);
#3441=VERTEX_POINT('',#12324);
#3442=VERTEX_POINT('',#12328);
#3443=VERTEX_POINT('',#12330);
#3444=VERTEX_POINT('',#12346);
#3445=VERTEX_POINT('',#12348);
#3446=VERTEX_POINT('',#12358);
#3447=VERTEX_POINT('',#12360);
#3448=VERTEX_POINT('',#12364);
#3449=VERTEX_POINT('',#12380);
#3450=VERTEX_POINT('',#12391);
#3451=VERTEX_POINT('',#12398);
#3452=VERTEX_POINT('',#12402);
#3453=VERTEX_POINT('',#12406);
#3454=VERTEX_POINT('',#12410);
#3455=VERTEX_POINT('',#12412);
#3456=VERTEX_POINT('',#12414);
#3457=VERTEX_POINT('',#12417);
#3458=VERTEX_POINT('',#12418);
#3459=VERTEX_POINT('',#12420);
#3460=VERTEX_POINT('',#12422);
#3461=VERTEX_POINT('',#12428);
#3462=VERTEX_POINT('',#12429);
#3463=VERTEX_POINT('',#12431);
#3464=VERTEX_POINT('',#12433);
#3465=VERTEX_POINT('',#12440);
#3466=VERTEX_POINT('',#12441);
#3467=VERTEX_POINT('',#12443);
#3468=VERTEX_POINT('',#12445);
#3469=VERTEX_POINT('',#12455);
#3470=VERTEX_POINT('',#12457);
#3471=VERTEX_POINT('',#12463);
#3472=VERTEX_POINT('',#12467);
#3473=EDGE_CURVE('',#2855,#2856,#1485,.T.);
#3474=EDGE_CURVE('',#2855,#2857,#1486,.T.);
#3475=EDGE_CURVE('',#2857,#2858,#1487,.T.);
#3476=EDGE_CURVE('',#2856,#2858,#1488,.T.);
#3477=EDGE_CURVE('',#2859,#2855,#1489,.T.);
#3478=EDGE_CURVE('',#2859,#2860,#1490,.T.);
#3479=EDGE_CURVE('',#2860,#2857,#1491,.T.);
#3480=EDGE_CURVE('',#2861,#2859,#1492,.T.);
#3481=EDGE_CURVE('',#2861,#2862,#1493,.T.);
#3482=EDGE_CURVE('',#2862,#2860,#1494,.T.);
#3483=EDGE_CURVE('',#2856,#2861,#1495,.T.);
#3484=EDGE_CURVE('',#2858,#2862,#1496,.T.);
#3485=EDGE_CURVE('',#2863,#2856,#1497,.T.);
#3486=EDGE_CURVE('',#2864,#2863,#1498,.T.);
#3487=EDGE_CURVE('',#2865,#2864,#1499,.T.);
#3488=EDGE_CURVE('',#2866,#2865,#1500,.T.);
#3489=EDGE_CURVE('',#2861,#2866,#1501,.T.);
#3490=EDGE_CURVE('',#2867,#2863,#259,.F.);
#3491=EDGE_CURVE('',#2868,#2867,#260,.F.);
#3492=EDGE_CURVE('',#2863,#2868,#261,.F.);
#3493=EDGE_CURVE('',#2869,#2870,#262,.F.);
#3494=EDGE_CURVE('',#2871,#2869,#263,.F.);
#3495=EDGE_CURVE('',#2870,#2871,#264,.F.);
#3496=EDGE_CURVE('',#2867,#2871,#1502,.T.);
#3497=EDGE_CURVE('',#2869,#2868,#1503,.T.);
#3498=EDGE_CURVE('',#2864,#2872,#265,.F.);
#3499=EDGE_CURVE('',#2873,#2864,#266,.F.);
#3500=EDGE_CURVE('',#2872,#2873,#267,.F.);
#3501=EDGE_CURVE('',#2868,#2873,#1504,.T.);
#3502=EDGE_CURVE('',#2874,#2866,#268,.F.);
#3503=EDGE_CURVE('',#2875,#2874,#269,.F.);
#3504=EDGE_CURVE('',#2866,#2875,#270,.F.);
#3505=EDGE_CURVE('',#2876,#2877,#271,.F.);
#3506=EDGE_CURVE('',#2878,#2876,#272,.F.);
#3507=EDGE_CURVE('',#2877,#2878,#273,.F.);
#3508=EDGE_CURVE('',#2876,#2869,#1505,.T.);
#3509=EDGE_CURVE('',#2870,#2878,#1506,.T.);
#3510=EDGE_CURVE('',#2879,#2880,#274,.F.);
#3511=EDGE_CURVE('',#2881,#2879,#275,.F.);
#3512=EDGE_CURVE('',#2880,#2881,#276,.F.);
#3513=EDGE_CURVE('',#2871,#2881,#1507,.T.);
#3514=EDGE_CURVE('',#2879,#2870,#1508,.T.);
#3515=EDGE_CURVE('',#2881,#2875,#1509,.T.);
#3516=EDGE_CURVE('',#2874,#2880,#1510,.T.);
#3517=EDGE_CURVE('',#2882,#2883,#277,.F.);
#3518=EDGE_CURVE('',#2865,#2882,#278,.F.);
#3519=EDGE_CURVE('',#2883,#2865,#279,.F.);
#3520=EDGE_CURVE('',#2882,#2874,#1511,.T.);
#3521=EDGE_CURVE('',#2872,#2883,#1512,.T.);
#3522=EDGE_CURVE('',#2884,#2885,#280,.F.);
#3523=EDGE_CURVE('',#2886,#2884,#281,.F.);
#3524=EDGE_CURVE('',#2885,#2886,#282,.F.);
#3525=EDGE_CURVE('',#2884,#2879,#1513,.T.);
#3526=EDGE_CURVE('',#2880,#2886,#1514,.T.);
#3527=EDGE_CURVE('',#2883,#2885,#1515,.T.);
#3528=EDGE_CURVE('',#2886,#2882,#1516,.T.);
#3529=EDGE_CURVE('',#2885,#2877,#1517,.T.);
#3530=EDGE_CURVE('',#2878,#2884,#1518,.T.);
#3531=EDGE_CURVE('',#2877,#2872,#1519,.T.);
#3532=EDGE_CURVE('',#2873,#2876,#1520,.T.);
#3533=EDGE_CURVE('',#2875,#2867,#1521,.T.);
#3534=EDGE_CURVE('',#2887,#2888,#1522,.T.);
#3535=EDGE_CURVE('',#2887,#2889,#1523,.T.);
#3536=EDGE_CURVE('',#2890,#2889,#1524,.T.);
#3537=EDGE_CURVE('',#2888,#2890,#1525,.T.);
#3538=EDGE_CURVE('',#2888,#2891,#1526,.T.);
#3539=EDGE_CURVE('',#2892,#2890,#1527,.T.);
#3540=EDGE_CURVE('',#2891,#2892,#1528,.T.);
#3541=EDGE_CURVE('',#2891,#2893,#1529,.T.);
#3542=EDGE_CURVE('',#2894,#2892,#1530,.T.);
#3543=EDGE_CURVE('',#2893,#2894,#1531,.T.);
#3544=EDGE_CURVE('',#2893,#2887,#1532,.T.);
#3545=EDGE_CURVE('',#2889,#2894,#1533,.T.);
#3546=EDGE_CURVE('',#2895,#2896,#1534,.T.);
#3547=EDGE_CURVE('',#2895,#2897,#1535,.T.);
#3548=EDGE_CURVE('',#2898,#2897,#1536,.T.);
#3549=EDGE_CURVE('',#2896,#2898,#1537,.T.);
#3550=EDGE_CURVE('',#2899,#2895,#1538,.T.);
#3551=EDGE_CURVE('',#2899,#2900,#1539,.T.);
#3552=EDGE_CURVE('',#2897,#2900,#1540,.T.);
#3553=EDGE_CURVE('',#2901,#2899,#1541,.T.);
#3554=EDGE_CURVE('',#2901,#2902,#1542,.T.);
#3555=EDGE_CURVE('',#2900,#2902,#1543,.T.);
#3556=EDGE_CURVE('',#2902,#2898,#1544,.T.);
#3557=EDGE_CURVE('',#2903,#2904,#1545,.T.);
#3558=EDGE_CURVE('',#2903,#2905,#1546,.T.);
#3559=EDGE_CURVE('',#2906,#2905,#1547,.T.);
#3560=EDGE_CURVE('',#2904,#2906,#1548,.T.);
#3561=EDGE_CURVE('',#2904,#2907,#1549,.T.);
#3562=EDGE_CURVE('',#2908,#2906,#1550,.T.);
#3563=EDGE_CURVE('',#2907,#2908,#1551,.T.);
#3564=EDGE_CURVE('',#2907,#2909,#1552,.T.);
#3565=EDGE_CURVE('',#2910,#2908,#1553,.T.);
#3566=EDGE_CURVE('',#2909,#2910,#1554,.T.);
#3567=EDGE_CURVE('',#2905,#2910,#1555,.T.);
#3568=EDGE_CURVE('',#2911,#2912,#1556,.T.);
#3569=EDGE_CURVE('',#2911,#2913,#1557,.T.);
#3570=EDGE_CURVE('',#2914,#2913,#1558,.T.);
#3571=EDGE_CURVE('',#2912,#2914,#1559,.T.);
#3572=EDGE_CURVE('',#2912,#2915,#1560,.T.);
#3573=EDGE_CURVE('',#2909,#2914,#1561,.T.);
#3574=EDGE_CURVE('',#2916,#2903,#1562,.T.);
#3575=EDGE_CURVE('',#2915,#2916,#1563,.T.);
#3576=EDGE_CURVE('',#2915,#2917,#1564,.T.);
#3577=EDGE_CURVE('',#2918,#2916,#1565,.T.);
#3578=EDGE_CURVE('',#2917,#2918,#1566,.T.);
#3579=EDGE_CURVE('',#2917,#2911,#1567,.T.);
#3580=EDGE_CURVE('',#2896,#2918,#1568,.T.);
#3581=EDGE_CURVE('',#2913,#2901,#1569,.T.);
#3582=EDGE_CURVE('',#2919,#2920,#1570,.T.);
#3583=EDGE_CURVE('',#2921,#2919,#1571,.T.);
#3584=EDGE_CURVE('',#2922,#2921,#1572,.T.);
#3585=EDGE_CURVE('',#2920,#2922,#1573,.T.);
#3586=EDGE_CURVE('',#2923,#2921,#283,.F.);
#3587=EDGE_CURVE('',#2919,#2924,#284,.F.);
#3588=EDGE_CURVE('',#2924,#2923,#1574,.T.);
#3589=EDGE_CURVE('',#2925,#2922,#285,.F.);
#3590=EDGE_CURVE('',#2921,#2926,#286,.F.);
#3591=EDGE_CURVE('',#2926,#2925,#1575,.T.);
#3592=EDGE_CURVE('',#2927,#2920,#287,.F.);
#3593=EDGE_CURVE('',#2922,#2928,#288,.F.);
#3594=EDGE_CURVE('',#2928,#2927,#1576,.T.);
#3595=EDGE_CURVE('',#2928,#2925,#289,.F.);
#3596=EDGE_CURVE('',#2929,#2919,#290,.F.);
#3597=EDGE_CURVE('',#2920,#2930,#291,.F.);
#3598=EDGE_CURVE('',#2930,#2929,#1577,.T.);
#3599=EDGE_CURVE('',#2930,#2927,#292,.F.);
#3600=EDGE_CURVE('',#2926,#2923,#293,.F.);
#3601=EDGE_CURVE('',#2924,#2929,#294,.F.);
#3602=EDGE_CURVE('',#2923,#2931,#1578,.T.);
#3603=EDGE_CURVE('',#2932,#2931,#295,.T.);
#3604=EDGE_CURVE('',#2932,#2926,#1579,.T.);
#3605=EDGE_CURVE('',#2933,#2924,#1580,.T.);
#3606=EDGE_CURVE('',#2931,#2933,#1581,.T.);
#3607=EDGE_CURVE('',#2929,#2934,#1582,.T.);
#3608=EDGE_CURVE('',#2933,#2934,#296,.T.);
#3609=EDGE_CURVE('',#2935,#2930,#1583,.T.);
#3610=EDGE_CURVE('',#2936,#2935,#79,.T.);
#3611=EDGE_CURVE('',#2936,#2937,#1584,.T.);
#3612=EDGE_CURVE('',#2938,#2937,#80,.T.);
#3613=EDGE_CURVE('',#2939,#2938,#1585,.T.);
#3614=EDGE_CURVE('',#2940,#2939,#1586,.T.);
#3615=EDGE_CURVE('',#2940,#2941,#1587,.T.);
#3616=EDGE_CURVE('',#2941,#2942,#1588,.T.);
#3617=EDGE_CURVE('',#2943,#2942,#1589,.T.);
#3618=EDGE_CURVE('',#2944,#2943,#297,.T.);
#3619=EDGE_CURVE('',#2945,#2944,#1590,.T.);
#3620=EDGE_CURVE('',#2946,#2945,#1591,.T.);
#3621=EDGE_CURVE('',#2947,#2946,#1592,.T.);
#3622=EDGE_CURVE('',#2948,#2947,#1593,.T.);
#3623=EDGE_CURVE('',#2949,#2948,#1594,.T.);
#3624=EDGE_CURVE('',#2950,#2949,#298,.T.);
#3625=EDGE_CURVE('',#2950,#2951,#1595,.T.);
#3626=EDGE_CURVE('',#2951,#2952,#1596,.T.);
#3627=EDGE_CURVE('',#2952,#2953,#1597,.T.);
#3628=EDGE_CURVE('',#2954,#2953,#1598,.T.);
#3629=EDGE_CURVE('',#2955,#2954,#1599,.T.);
#3630=EDGE_CURVE('',#2956,#2955,#81,.T.);
#3631=EDGE_CURVE('',#2956,#2957,#1600,.T.);
#3632=EDGE_CURVE('',#2934,#2957,#82,.T.);
#3633=EDGE_CURVE('',#2951,#2958,#1601,.T.);
#3634=EDGE_CURVE('',#2958,#2959,#1602,.T.);
#3635=EDGE_CURVE('',#2959,#2952,#1603,.T.);
#3636=EDGE_CURVE('',#2960,#2961,#1604,.T.);
#3637=EDGE_CURVE('',#2962,#2960,#1605,.T.);
#3638=EDGE_CURVE('',#2963,#2962,#1606,.T.);
#3639=EDGE_CURVE('',#2961,#2963,#1607,.T.);
#3640=EDGE_CURVE('',#2953,#2964,#1608,.T.);
#3641=EDGE_CURVE('',#2959,#2964,#1609,.T.);
#3642=EDGE_CURVE('',#2961,#2964,#71,.T.);
#3643=EDGE_CURVE('',#2963,#2953,#72,.T.);
#3644=EDGE_CURVE('',#2962,#2954,#299,.F.);
#3645=EDGE_CURVE('',#2965,#2962,#300,.F.);
#3646=EDGE_CURVE('',#2960,#2966,#301,.F.);
#3647=EDGE_CURVE('',#2966,#2965,#1610,.T.);
#3648=EDGE_CURVE('',#2964,#2967,#1611,.T.);
#3649=EDGE_CURVE('',#2967,#2960,#302,.F.);
#3650=EDGE_CURVE('',#2966,#2967,#303,.F.);
#3651=EDGE_CURVE('',#2954,#2965,#304,.F.);
#3652=EDGE_CURVE('',#2967,#2968,#1612,.T.);
#3653=EDGE_CURVE('',#2969,#2968,#305,.T.);
#3654=EDGE_CURVE('',#2969,#2966,#1613,.T.);
#3655=EDGE_CURVE('',#2970,#2932,#83,.T.);
#3656=EDGE_CURVE('',#2970,#2971,#1614,.T.);
#3657=EDGE_CURVE('',#2968,#2971,#84,.T.);
#3658=EDGE_CURVE('',#2972,#2958,#1615,.T.);
#3659=EDGE_CURVE('',#2972,#2973,#306,.T.);
#3660=EDGE_CURVE('',#2973,#2974,#1616,.T.);
#3661=EDGE_CURVE('',#2974,#2975,#1617,.T.);
#3662=EDGE_CURVE('',#2975,#2976,#1618,.T.);
#3663=EDGE_CURVE('',#2976,#2977,#1619,.T.);
#3664=EDGE_CURVE('',#2977,#2978,#1620,.T.);
#3665=EDGE_CURVE('',#2978,#2979,#307,.T.);
#3666=EDGE_CURVE('',#2979,#2980,#1621,.T.);
#3667=EDGE_CURVE('',#2980,#2981,#1622,.T.);
#3668=EDGE_CURVE('',#2981,#2982,#1623,.T.);
#3669=EDGE_CURVE('',#2983,#2982,#1624,.T.);
#3670=EDGE_CURVE('',#2984,#2983,#1625,.T.);
#3671=EDGE_CURVE('',#2985,#2984,#85,.T.);
#3672=EDGE_CURVE('',#2985,#2986,#1626,.T.);
#3673=EDGE_CURVE('',#2987,#2986,#86,.T.);
#3674=EDGE_CURVE('',#2925,#2987,#1627,.T.);
#3675=EDGE_CURVE('',#2950,#2972,#1628,.T.);
#3676=EDGE_CURVE('',#2988,#2989,#1629,.T.);
#3677=EDGE_CURVE('',#2989,#2982,#73,.T.);
#3678=EDGE_CURVE('',#2982,#2940,#1630,.T.);
#3679=EDGE_CURVE('',#2940,#2988,#74,.T.);
#3680=EDGE_CURVE('',#2990,#2939,#308,.F.);
#3681=EDGE_CURVE('',#2991,#2990,#309,.F.);
#3682=EDGE_CURVE('',#2939,#2991,#310,.F.);
#3683=EDGE_CURVE('',#2983,#2992,#311,.F.);
#3684=EDGE_CURVE('',#2993,#2983,#312,.F.);
#3685=EDGE_CURVE('',#2992,#2993,#313,.F.);
#3686=EDGE_CURVE('',#2989,#2993,#1631,.T.);
#3687=EDGE_CURVE('',#2990,#2992,#1632,.T.);
#3688=EDGE_CURVE('',#2993,#2991,#1633,.T.);
#3689=EDGE_CURVE('',#2991,#2988,#1634,.T.);
#3690=EDGE_CURVE('',#2980,#2942,#1635,.T.);
#3691=EDGE_CURVE('',#2981,#2941,#1636,.T.);
#3692=EDGE_CURVE('',#2994,#2938,#314,.T.);
#3693=EDGE_CURVE('',#2994,#2990,#1637,.T.);
#3694=EDGE_CURVE('',#2943,#2979,#1638,.T.);
#3695=EDGE_CURVE('',#2927,#2995,#1639,.T.);
#3696=EDGE_CURVE('',#2935,#2995,#315,.T.);
#3697=EDGE_CURVE('',#2996,#2928,#1640,.T.);
#3698=EDGE_CURVE('',#2995,#2996,#1641,.T.);
#3699=EDGE_CURVE('',#2996,#2987,#316,.T.);
#3700=EDGE_CURVE('',#2992,#2997,#1642,.T.);
#3701=EDGE_CURVE('',#2984,#2997,#317,.T.);
#3702=EDGE_CURVE('',#2997,#2994,#1643,.T.);
#3703=EDGE_CURVE('',#2998,#2933,#318,.T.);
#3704=EDGE_CURVE('',#2957,#2998,#319,.T.);
#3705=EDGE_CURVE('',#2999,#2931,#320,.T.);
#3706=EDGE_CURVE('',#2999,#2998,#1644,.T.);
#3707=EDGE_CURVE('',#2999,#2970,#321,.T.);
#3708=EDGE_CURVE('',#2998,#2956,#322,.T.);
#3709=EDGE_CURVE('',#2971,#2999,#323,.T.);
#3710=EDGE_CURVE('',#3000,#2996,#324,.T.);
#3711=EDGE_CURVE('',#2986,#3000,#325,.T.);
#3712=EDGE_CURVE('',#3001,#2995,#326,.T.);
#3713=EDGE_CURVE('',#3001,#2936,#327,.T.);
#3714=EDGE_CURVE('',#3000,#2985,#328,.T.);
#3715=EDGE_CURVE('',#2937,#3001,#329,.T.);
#3716=EDGE_CURVE('',#2999,#2969,#330,.T.);
#3717=EDGE_CURVE('',#2998,#3002,#331,.T.);
#3718=EDGE_CURVE('',#3002,#2969,#1645,.T.);
#3719=EDGE_CURVE('',#2955,#3002,#332,.T.);
#3720=EDGE_CURVE('',#3001,#2994,#333,.T.);
#3721=EDGE_CURVE('',#3000,#2997,#334,.T.);
#3722=EDGE_CURVE('',#2965,#3002,#1646,.T.);
#3723=EDGE_CURVE('',#2975,#2947,#1647,.T.);
#3724=EDGE_CURVE('',#2976,#2946,#1648,.T.);
#3725=EDGE_CURVE('',#2944,#2978,#1649,.T.);
#3726=EDGE_CURVE('',#2949,#2973,#1650,.T.);
#3727=EDGE_CURVE('',#2977,#2945,#1651,.T.);
#3728=EDGE_CURVE('',#2948,#2974,#1652,.T.);
#3729=EDGE_CURVE('',#3003,#3004,#1653,.T.);
#3730=EDGE_CURVE('',#3003,#3005,#1654,.T.);
#3731=EDGE_CURVE('',#3006,#3005,#1655,.T.);
#3732=EDGE_CURVE('',#3004,#3006,#1656,.T.);
#3733=EDGE_CURVE('',#3007,#3003,#1657,.T.);
#3734=EDGE_CURVE('',#3007,#3008,#1658,.T.);
#3735=EDGE_CURVE('',#3005,#3008,#1659,.T.);
#3736=EDGE_CURVE('',#3009,#3007,#1660,.T.);
#3737=EDGE_CURVE('',#3009,#3010,#1661,.T.);
#3738=EDGE_CURVE('',#3008,#3010,#1662,.T.);
#3739=EDGE_CURVE('',#3004,#3009,#1663,.T.);
#3740=EDGE_CURVE('',#3010,#3006,#1664,.T.);
#3741=EDGE_CURVE('',#3011,#3012,#1665,.T.);
#3742=EDGE_CURVE('',#3011,#3013,#1666,.T.);
#3743=EDGE_CURVE('',#3014,#3013,#1667,.T.);
#3744=EDGE_CURVE('',#3012,#3014,#1668,.T.);
#3745=EDGE_CURVE('',#3012,#3015,#1669,.T.);
#3746=EDGE_CURVE('',#3016,#3014,#1670,.T.);
#3747=EDGE_CURVE('',#3015,#3016,#1671,.T.);
#3748=EDGE_CURVE('',#3015,#3017,#1672,.T.);
#3749=EDGE_CURVE('',#3018,#3016,#1673,.T.);
#3750=EDGE_CURVE('',#3017,#3018,#1674,.T.);
#3751=EDGE_CURVE('',#3017,#3011,#1675,.T.);
#3752=EDGE_CURVE('',#3013,#3018,#1676,.T.);
#3753=EDGE_CURVE('',#3019,#3020,#1677,.T.);
#3754=EDGE_CURVE('',#3019,#3021,#1678,.T.);
#3755=EDGE_CURVE('',#3022,#3021,#1679,.T.);
#3756=EDGE_CURVE('',#3020,#3022,#1680,.T.);
#3757=EDGE_CURVE('',#3023,#3019,#1681,.T.);
#3758=EDGE_CURVE('',#3023,#3024,#1682,.T.);
#3759=EDGE_CURVE('',#3021,#3024,#1683,.T.);
#3760=EDGE_CURVE('',#3025,#3023,#1684,.T.);
#3761=EDGE_CURVE('',#3025,#3026,#1685,.T.);
#3762=EDGE_CURVE('',#3024,#3026,#1686,.T.);
#3763=EDGE_CURVE('',#3020,#3025,#1687,.T.);
#3764=EDGE_CURVE('',#3026,#3022,#1688,.T.);
#3765=EDGE_CURVE('',#3027,#3028,#1689,.T.);
#3766=EDGE_CURVE('',#3027,#3029,#1690,.T.);
#3767=EDGE_CURVE('',#3030,#3029,#1691,.T.);
#3768=EDGE_CURVE('',#3028,#3030,#1692,.T.);
#3769=EDGE_CURVE('',#3028,#3031,#1693,.T.);
#3770=EDGE_CURVE('',#3032,#3030,#1694,.T.);
#3771=EDGE_CURVE('',#3031,#3032,#1695,.T.);
#3772=EDGE_CURVE('',#3031,#3033,#1696,.T.);
#3773=EDGE_CURVE('',#3034,#3032,#1697,.T.);
#3774=EDGE_CURVE('',#3033,#3034,#1698,.T.);
#3775=EDGE_CURVE('',#3033,#3027,#1699,.T.);
#3776=EDGE_CURVE('',#3029,#3034,#1700,.T.);
#3777=EDGE_CURVE('',#3035,#3036,#335,.T.);
#3778=EDGE_CURVE('',#3037,#3035,#1701,.T.);
#3779=EDGE_CURVE('',#3038,#3037,#336,.T.);
#3780=EDGE_CURVE('',#3039,#3038,#1702,.T.);
#3781=EDGE_CURVE('',#3040,#3039,#337,.T.);
#3782=EDGE_CURVE('',#3041,#3040,#1703,.T.);
#3783=EDGE_CURVE('',#3042,#3041,#338,.T.);
#3784=EDGE_CURVE('',#3036,#3042,#1704,.T.);
#3785=EDGE_CURVE('',#3039,#3043,#1705,.T.);
#3786=EDGE_CURVE('',#3043,#3044,#339,.F.);
#3787=EDGE_CURVE('',#3044,#3040,#1706,.T.);
#3788=EDGE_CURVE('',#3045,#3038,#1707,.T.);
#3789=EDGE_CURVE('',#3043,#3045,#1708,.T.);
#3790=EDGE_CURVE('',#3037,#3046,#1709,.T.);
#3791=EDGE_CURVE('',#3046,#3045,#340,.F.);
#3792=EDGE_CURVE('',#3047,#3048,#1710,.T.);
#3793=EDGE_CURVE('',#3049,#3047,#1711,.T.);
#3794=EDGE_CURVE('',#3050,#3049,#341,.T.);
#3795=EDGE_CURVE('',#3041,#3050,#1712,.T.);
#3796=EDGE_CURVE('',#3048,#3044,#1713,.T.);
#3797=EDGE_CURVE('',#3051,#3043,#342,.F.);
#3798=EDGE_CURVE('',#3044,#3051,#343,.F.);
#3799=EDGE_CURVE('',#3048,#3052,#344,.T.);
#3800=EDGE_CURVE('',#3051,#3052,#1714,.T.);
#3801=EDGE_CURVE('',#3053,#3046,#345,.F.);
#3802=EDGE_CURVE('',#3045,#3053,#346,.F.);
#3803=EDGE_CURVE('',#3053,#3051,#1715,.T.);
#3804=EDGE_CURVE('',#3054,#3055,#347,.F.);
#3805=EDGE_CURVE('',#3050,#3054,#348,.T.);
#3806=EDGE_CURVE('',#3055,#3049,#349,.T.);
#3807=EDGE_CURVE('',#3054,#3042,#1716,.T.);
#3808=EDGE_CURVE('',#3056,#3057,#350,.T.);
#3809=EDGE_CURVE('',#3058,#3056,#351,.F.);
#3810=EDGE_CURVE('',#3059,#3058,#352,.T.);
#3811=EDGE_CURVE('',#3059,#3057,#353,.T.);
#3812=EDGE_CURVE('',#3056,#3054,#1717,.T.);
#3813=EDGE_CURVE('',#3055,#3058,#1718,.T.);
#3814=EDGE_CURVE('',#3036,#3056,#1719,.T.);
#3815=EDGE_CURVE('',#3057,#3035,#1720,.T.);
#3816=EDGE_CURVE('',#3060,#3047,#354,.T.);
#3817=EDGE_CURVE('',#3060,#3055,#1721,.T.);
#3818=EDGE_CURVE('',#3061,#3060,#1722,.T.);
#3819=EDGE_CURVE('',#3058,#3061,#1723,.T.);
#3820=EDGE_CURVE('',#3052,#3062,#1724,.T.);
#3821=EDGE_CURVE('',#3062,#3053,#1725,.T.);
#3822=EDGE_CURVE('',#3062,#3063,#355,.T.);
#3823=EDGE_CURVE('',#3046,#3063,#1726,.T.);
#3824=EDGE_CURVE('',#3063,#3064,#1727,.T.);
#3825=EDGE_CURVE('',#3064,#3059,#1728,.T.);
#3826=EDGE_CURVE('',#3064,#3061,#356,.T.);
#3827=EDGE_CURVE('',#3065,#3066,#1729,.T.);
#3828=EDGE_CURVE('',#3067,#3066,#1730,.T.);
#3829=EDGE_CURVE('',#3068,#3067,#1731,.T.);
#3830=EDGE_CURVE('',#3068,#3065,#1732,.T.);
#3831=EDGE_CURVE('',#3066,#3069,#357,.T.);
#3832=EDGE_CURVE('',#3070,#3069,#1733,.T.);
#3833=EDGE_CURVE('',#3067,#3070,#358,.T.);
#3834=EDGE_CURVE('',#3069,#3071,#1734,.T.);
#3835=EDGE_CURVE('',#3072,#3071,#1735,.T.);
#3836=EDGE_CURVE('',#3070,#3072,#1736,.T.);
#3837=EDGE_CURVE('',#3071,#3073,#359,.T.);
#3838=EDGE_CURVE('',#3073,#3074,#1737,.T.);
#3839=EDGE_CURVE('',#3072,#3074,#360,.T.);
#3840=EDGE_CURVE('',#3073,#3075,#1738,.T.);
#3841=EDGE_CURVE('',#3075,#3076,#1739,.T.);
#3842=EDGE_CURVE('',#3074,#3076,#1740,.T.);
#3843=EDGE_CURVE('',#3075,#3077,#1741,.T.);
#3844=EDGE_CURVE('',#3078,#3077,#1742,.T.);
#3845=EDGE_CURVE('',#3076,#3078,#1743,.T.);
#3846=EDGE_CURVE('',#3079,#3080,#1744,.T.);
#3847=EDGE_CURVE('',#3079,#3081,#1745,.T.);
#3848=EDGE_CURVE('',#3082,#3081,#1746,.T.);
#3849=EDGE_CURVE('',#3080,#3082,#1747,.T.);
#3850=EDGE_CURVE('',#3080,#3083,#1748,.T.);
#3851=EDGE_CURVE('',#3084,#3082,#1749,.T.);
#3852=EDGE_CURVE('',#3083,#3084,#1750,.T.);
#3853=EDGE_CURVE('',#3083,#3085,#1751,.T.);
#3854=EDGE_CURVE('',#3086,#3084,#1752,.T.);
#3855=EDGE_CURVE('',#3085,#3086,#1753,.T.);
#3856=EDGE_CURVE('',#3085,#3068,#1754,.T.);
#3857=EDGE_CURVE('',#3065,#3086,#1755,.T.);
#3858=EDGE_CURVE('',#3087,#3088,#1756,.T.);
#3859=EDGE_CURVE('',#3089,#3087,#1757,.T.);
#3860=EDGE_CURVE('',#3090,#3089,#1758,.T.);
#3861=EDGE_CURVE('',#3088,#3090,#1759,.T.);
#3862=EDGE_CURVE('',#3088,#3091,#1760,.T.);
#3863=EDGE_CURVE('',#3092,#3090,#1761,.T.);
#3864=EDGE_CURVE('',#3091,#3092,#1762,.T.);
#3865=EDGE_CURVE('',#3091,#3093,#1763,.T.);
#3866=EDGE_CURVE('',#3094,#3092,#1764,.T.);
#3867=EDGE_CURVE('',#3093,#3094,#1765,.T.);
#3868=EDGE_CURVE('',#3093,#3095,#1766,.T.);
#3869=EDGE_CURVE('',#3096,#3094,#1767,.T.);
#3870=EDGE_CURVE('',#3095,#3096,#1768,.T.);
#3871=EDGE_CURVE('',#3097,#3095,#1769,.T.);
#3872=EDGE_CURVE('',#3098,#3096,#1770,.T.);
#3873=EDGE_CURVE('',#3097,#3098,#1771,.T.);
#3874=EDGE_CURVE('',#3097,#3099,#1772,.T.);
#3875=EDGE_CURVE('',#3100,#3098,#1773,.T.);
#3876=EDGE_CURVE('',#3099,#3100,#1774,.T.);
#3877=EDGE_CURVE('',#3099,#3101,#1775,.T.);
#3878=EDGE_CURVE('',#3102,#3100,#1776,.T.);
#3879=EDGE_CURVE('',#3101,#3102,#1777,.T.);
#3880=EDGE_CURVE('',#3101,#3103,#1778,.T.);
#3881=EDGE_CURVE('',#3104,#3102,#1779,.T.);
#3882=EDGE_CURVE('',#3103,#3104,#1780,.T.);
#3883=EDGE_CURVE('',#3105,#3103,#1781,.T.);
#3884=EDGE_CURVE('',#3106,#3104,#1782,.T.);
#3885=EDGE_CURVE('',#3105,#3106,#1783,.T.);
#3886=EDGE_CURVE('',#3107,#3105,#1784,.T.);
#3887=EDGE_CURVE('',#3108,#3106,#1785,.T.);
#3888=EDGE_CURVE('',#3107,#3108,#1786,.T.);
#3889=EDGE_CURVE('',#3107,#3079,#1787,.T.);
#3890=EDGE_CURVE('',#3081,#3108,#1788,.T.);
#3891=EDGE_CURVE('',#3109,#3089,#1789,.T.);
#3892=EDGE_CURVE('',#3110,#3109,#361,.T.);
#3893=EDGE_CURVE('',#3111,#3110,#1790,.T.);
#3894=EDGE_CURVE('',#3112,#3111,#362,.T.);
#3895=EDGE_CURVE('',#3113,#3112,#1791,.T.);
#3896=EDGE_CURVE('',#3114,#3113,#1792,.T.);
#3897=EDGE_CURVE('',#3077,#3114,#1793,.T.);
#3898=EDGE_CURVE('',#3078,#3115,#1794,.T.);
#3899=EDGE_CURVE('',#3115,#3116,#1795,.T.);
#3900=EDGE_CURVE('',#3116,#3117,#1796,.T.);
#3901=EDGE_CURVE('',#3117,#3118,#363,.T.);
#3902=EDGE_CURVE('',#3118,#3119,#1797,.T.);
#3903=EDGE_CURVE('',#3119,#3120,#364,.T.);
#3904=EDGE_CURVE('',#3120,#3087,#1798,.T.);
#3905=EDGE_CURVE('',#3114,#3115,#1799,.T.);
#3906=EDGE_CURVE('',#3116,#3113,#1800,.T.);
#3907=EDGE_CURVE('',#3117,#3112,#1801,.T.);
#3908=EDGE_CURVE('',#3118,#3111,#1802,.T.);
#3909=EDGE_CURVE('',#3119,#3110,#1803,.T.);
#3910=EDGE_CURVE('',#3120,#3109,#1804,.T.);
#3911=EDGE_CURVE('',#3121,#3122,#87,.T.);
#3912=EDGE_CURVE('',#3122,#3123,#365,.T.);
#3913=EDGE_CURVE('',#3123,#3124,#88,.T.);
#3914=EDGE_CURVE('',#3124,#3125,#366,.T.);
#3915=EDGE_CURVE('',#3125,#3126,#367,.T.);
#3916=EDGE_CURVE('',#3126,#3125,#368,.T.);
#3917=EDGE_CURVE('',#3124,#3127,#89,.T.);
#3918=EDGE_CURVE('',#3127,#3121,#369,.T.);
#3919=EDGE_CURVE('',#3128,#3121,#1805,.T.);
#3920=EDGE_CURVE('',#3129,#3128,#90,.T.);
#3921=EDGE_CURVE('',#3130,#3129,#1806,.T.);
#3922=EDGE_CURVE('',#3131,#3130,#1807,.T.);
#3923=EDGE_CURVE('',#3132,#3131,#370,.T.);
#3924=EDGE_CURVE('',#3133,#3132,#1808,.T.);
#3925=EDGE_CURVE('',#3134,#3133,#1809,.T.);
#3926=EDGE_CURVE('',#3122,#3134,#1810,.T.);
#3927=EDGE_CURVE('',#3127,#3135,#1811,.T.);
#3928=EDGE_CURVE('',#3128,#3135,#371,.T.);
#3929=EDGE_CURVE('',#3136,#3123,#1812,.T.);
#3930=EDGE_CURVE('',#3137,#3136,#1813,.T.);
#3931=EDGE_CURVE('',#3138,#3137,#1814,.T.);
#3932=EDGE_CURVE('',#3139,#3138,#372,.T.);
#3933=EDGE_CURVE('',#3140,#3139,#1815,.T.);
#3934=EDGE_CURVE('',#3141,#3140,#1816,.T.);
#3935=EDGE_CURVE('',#3142,#3141,#91,.T.);
#3936=EDGE_CURVE('',#3135,#3142,#92,.T.);
#3937=EDGE_CURVE('',#3126,#3143,#1817,.T.);
#3938=EDGE_CURVE('',#3144,#3143,#373,.T.);
#3939=EDGE_CURVE('',#3143,#3144,#374,.T.);
#3940=EDGE_CURVE('',#3145,#3145,#375,.T.);
#3941=EDGE_CURVE('',#3145,#3144,#376,.T.);
#3942=EDGE_CURVE('',#3142,#3146,#377,.T.);
#3943=EDGE_CURVE('',#3146,#3147,#378,.T.);
#3944=EDGE_CURVE('',#3147,#3146,#379,.T.);
#3945=EDGE_CURVE('',#3141,#3129,#380,.T.);
#3946=EDGE_CURVE('',#3140,#3148,#381,.T.);
#3947=EDGE_CURVE('',#3148,#3149,#1818,.T.);
#3948=EDGE_CURVE('',#3149,#3130,#382,.T.);
#3949=EDGE_CURVE('',#3147,#3150,#1819,.T.);
#3950=EDGE_CURVE('',#3151,#3150,#383,.T.);
#3951=EDGE_CURVE('',#3150,#3151,#384,.T.);
#3952=EDGE_CURVE('',#3152,#3152,#385,.T.);
#3953=EDGE_CURVE('',#3152,#3151,#386,.T.);
#3954=EDGE_CURVE('',#3153,#3154,#1820,.T.);
#3955=EDGE_CURVE('',#3155,#3154,#387,.T.);
#3956=EDGE_CURVE('',#3155,#3156,#1821,.T.);
#3957=EDGE_CURVE('',#3156,#3157,#1822,.T.);
#3958=EDGE_CURVE('',#3157,#3158,#1823,.T.);
#3959=EDGE_CURVE('',#3158,#3153,#388,.F.);
#3960=EDGE_CURVE('',#3159,#3160,#1824,.T.);
#3961=EDGE_CURVE('',#3154,#3159,#1825,.T.);
#3962=EDGE_CURVE('',#3160,#3153,#1826,.T.);
#3963=EDGE_CURVE('',#3161,#3162,#1827,.T.);
#3964=EDGE_CURVE('',#3162,#3163,#1828,.T.);
#3965=EDGE_CURVE('',#3163,#3164,#1829,.T.);
#3966=EDGE_CURVE('',#3159,#3164,#389,.T.);
#3967=EDGE_CURVE('',#3160,#3161,#390,.F.);
#3968=EDGE_CURVE('',#3165,#3166,#1830,.T.);
#3969=EDGE_CURVE('',#3165,#3162,#1831,.T.);
#3970=EDGE_CURVE('',#3167,#3161,#1832,.T.);
#3971=EDGE_CURVE('',#3166,#3167,#391,.T.);
#3972=EDGE_CURVE('',#3168,#3169,#1833,.T.);
#3973=EDGE_CURVE('',#3168,#3170,#1834,.T.);
#3974=EDGE_CURVE('',#3171,#3170,#1835,.T.);
#3975=EDGE_CURVE('',#3169,#3171,#1836,.T.);
#3976=EDGE_CURVE('',#3172,#3173,#1837,.T.);
#3977=EDGE_CURVE('',#3165,#3172,#1838,.T.);
#3978=EDGE_CURVE('',#3174,#3165,#1839,.T.);
#3979=EDGE_CURVE('',#3174,#3173,#1840,.T.);
#3980=EDGE_CURVE('',#3175,#3168,#1841,.T.);
#3981=EDGE_CURVE('',#3175,#3156,#1842,.T.);
#3982=EDGE_CURVE('',#3170,#3156,#1843,.T.);
#3983=EDGE_CURVE('',#3173,#3176,#1844,.T.);
#3984=EDGE_CURVE('',#3163,#3174,#1845,.T.);
#3985=EDGE_CURVE('',#3163,#3176,#1846,.T.);
#3986=EDGE_CURVE('',#3169,#3177,#1847,.T.);
#3987=EDGE_CURVE('',#3157,#3171,#1848,.T.);
#3988=EDGE_CURVE('',#3177,#3157,#1849,.T.);
#3989=EDGE_CURVE('',#3177,#3175,#1850,.T.);
#3990=EDGE_CURVE('',#3176,#3178,#1851,.T.);
#3991=EDGE_CURVE('',#3162,#3178,#1852,.T.);
#3992=EDGE_CURVE('',#3178,#3172,#1853,.T.);
#3993=EDGE_CURVE('',#3179,#3174,#1854,.T.);
#3994=EDGE_CURVE('',#3164,#3179,#1855,.T.);
#3995=EDGE_CURVE('',#3180,#3155,#1856,.T.);
#3996=EDGE_CURVE('',#3170,#3180,#1857,.T.);
#3997=EDGE_CURVE('',#3181,#3182,#1858,.T.);
#3998=EDGE_CURVE('',#3181,#3183,#1859,.T.);
#3999=EDGE_CURVE('',#3184,#3183,#1860,.T.);
#4000=EDGE_CURVE('',#3182,#3184,#1861,.T.);
#4001=EDGE_CURVE('',#3182,#3185,#1862,.T.);
#4002=EDGE_CURVE('',#3186,#3184,#1863,.T.);
#4003=EDGE_CURVE('',#3185,#3186,#1864,.T.);
#4004=EDGE_CURVE('',#3185,#3187,#1865,.T.);
#4005=EDGE_CURVE('',#3188,#3186,#1866,.T.);
#4006=EDGE_CURVE('',#3187,#3188,#1867,.T.);
#4007=EDGE_CURVE('',#3187,#3181,#1868,.T.);
#4008=EDGE_CURVE('',#3183,#3188,#1869,.T.);
#4009=EDGE_CURVE('',#3179,#3189,#392,.T.);
#4010=EDGE_CURVE('',#3189,#3190,#1870,.T.);
#4011=EDGE_CURVE('',#3190,#3180,#393,.T.);
#4012=EDGE_CURVE('',#3191,#3171,#1871,.T.);
#4013=EDGE_CURVE('',#3192,#3191,#394,.T.);
#4014=EDGE_CURVE('',#3158,#3192,#1872,.T.);
#4015=EDGE_CURVE('',#3190,#3193,#1873,.T.);
#4016=EDGE_CURVE('',#3193,#3191,#395,.T.);
#4017=EDGE_CURVE('',#3194,#3189,#1874,.T.);
#4018=EDGE_CURVE('',#3193,#3194,#1875,.T.);
#4019=EDGE_CURVE('',#3166,#3194,#396,.T.);
#4020=EDGE_CURVE('',#3195,#3196,#397,.F.);
#4021=EDGE_CURVE('',#3137,#3195,#398,.F.);
#4022=EDGE_CURVE('',#3196,#3137,#399,.F.);
#4023=EDGE_CURVE('',#3197,#3198,#400,.F.);
#4024=EDGE_CURVE('',#3139,#3197,#401,.T.);
#4025=EDGE_CURVE('',#3198,#3138,#402,.T.);
#4026=EDGE_CURVE('',#3199,#3133,#403,.F.);
#4027=EDGE_CURVE('',#3200,#3199,#404,.F.);
#4028=EDGE_CURVE('',#3133,#3200,#405,.F.);
#4029=EDGE_CURVE('',#3199,#3195,#1876,.T.);
#4030=EDGE_CURVE('',#3196,#3200,#1877,.T.);
#4031=EDGE_CURVE('',#3134,#3201,#406,.T.);
#4032=EDGE_CURVE('',#3200,#3201,#1878,.T.);
#4033=EDGE_CURVE('',#3153,#3202,#407,.F.);
#4034=EDGE_CURVE('',#3202,#3158,#408,.F.);
#4035=EDGE_CURVE('',#3203,#3131,#409,.T.);
#4036=EDGE_CURVE('',#3204,#3203,#410,.F.);
#4037=EDGE_CURVE('',#3132,#3204,#411,.T.);
#4038=EDGE_CURVE('',#3203,#3197,#1879,.T.);
#4039=EDGE_CURVE('',#3198,#3204,#1880,.T.);
#4040=EDGE_CURVE('',#3204,#3199,#1881,.T.);
#4041=EDGE_CURVE('',#3205,#3160,#412,.F.);
#4042=EDGE_CURVE('',#3161,#3205,#413,.F.);
#4043=EDGE_CURVE('',#3202,#3205,#1882,.T.);
#4044=EDGE_CURVE('',#3167,#3131,#1883,.T.);
#4045=EDGE_CURVE('',#3205,#3203,#1884,.T.);
#4046=EDGE_CURVE('',#3197,#3202,#1885,.T.);
#4047=EDGE_CURVE('',#3139,#3192,#1886,.T.);
#4048=EDGE_CURVE('',#3195,#3198,#1887,.T.);
#4049=EDGE_CURVE('',#3206,#3193,#414,.F.);
#4050=EDGE_CURVE('',#3192,#3206,#415,.T.);
#4051=EDGE_CURVE('',#3207,#3167,#416,.T.);
#4052=EDGE_CURVE('',#3194,#3207,#417,.F.);
#4053=EDGE_CURVE('',#3207,#3206,#1888,.T.);
#4054=EDGE_CURVE('',#3149,#3207,#1889,.T.);
#4055=EDGE_CURVE('',#3206,#3148,#1890,.T.);
#4056=EDGE_CURVE('',#3201,#3208,#1891,.T.);
#4057=EDGE_CURVE('',#3208,#3196,#1892,.T.);
#4058=EDGE_CURVE('',#3208,#3136,#418,.T.);
#4059=EDGE_CURVE('',#3209,#3210,#1893,.T.);
#4060=EDGE_CURVE('',#3211,#3209,#1894,.T.);
#4061=EDGE_CURVE('',#3212,#3211,#1895,.T.);
#4062=EDGE_CURVE('',#3210,#3212,#1896,.T.);
#4063=EDGE_CURVE('',#3213,#3211,#419,.F.);
#4064=EDGE_CURVE('',#3209,#3214,#420,.F.);
#4065=EDGE_CURVE('',#3214,#3213,#1897,.T.);
#4066=EDGE_CURVE('',#3215,#3212,#421,.F.);
#4067=EDGE_CURVE('',#3211,#3216,#422,.F.);
#4068=EDGE_CURVE('',#3216,#3215,#1898,.T.);
#4069=EDGE_CURVE('',#3217,#3210,#423,.F.);
#4070=EDGE_CURVE('',#3212,#3218,#424,.F.);
#4071=EDGE_CURVE('',#3218,#3217,#1899,.T.);
#4072=EDGE_CURVE('',#3218,#3215,#425,.F.);
#4073=EDGE_CURVE('',#3219,#3209,#426,.F.);
#4074=EDGE_CURVE('',#3210,#3220,#427,.F.);
#4075=EDGE_CURVE('',#3220,#3219,#1900,.T.);
#4076=EDGE_CURVE('',#3220,#3217,#428,.F.);
#4077=EDGE_CURVE('',#3216,#3213,#429,.F.);
#4078=EDGE_CURVE('',#3214,#3219,#430,.F.);
#4079=EDGE_CURVE('',#3213,#3221,#1901,.T.);
#4080=EDGE_CURVE('',#3222,#3221,#431,.T.);
#4081=EDGE_CURVE('',#3222,#3216,#1902,.T.);
#4082=EDGE_CURVE('',#3223,#3214,#1903,.T.);
#4083=EDGE_CURVE('',#3221,#3223,#1904,.T.);
#4084=EDGE_CURVE('',#3219,#3224,#1905,.T.);
#4085=EDGE_CURVE('',#3223,#3224,#432,.T.);
#4086=EDGE_CURVE('',#3225,#3220,#1906,.T.);
#4087=EDGE_CURVE('',#3226,#3225,#93,.T.);
#4088=EDGE_CURVE('',#3226,#3227,#1907,.T.);
#4089=EDGE_CURVE('',#3228,#3227,#94,.T.);
#4090=EDGE_CURVE('',#3229,#3228,#1908,.T.);
#4091=EDGE_CURVE('',#3230,#3229,#1909,.T.);
#4092=EDGE_CURVE('',#3230,#3231,#1910,.T.);
#4093=EDGE_CURVE('',#3231,#3232,#1911,.T.);
#4094=EDGE_CURVE('',#3233,#3232,#1912,.T.);
#4095=EDGE_CURVE('',#3234,#3233,#433,.T.);
#4096=EDGE_CURVE('',#3235,#3234,#1913,.T.);
#4097=EDGE_CURVE('',#3236,#3235,#1914,.T.);
#4098=EDGE_CURVE('',#3237,#3236,#1915,.T.);
#4099=EDGE_CURVE('',#3238,#3237,#1916,.T.);
#4100=EDGE_CURVE('',#3239,#3238,#1917,.T.);
#4101=EDGE_CURVE('',#3240,#3239,#434,.T.);
#4102=EDGE_CURVE('',#3240,#3241,#1918,.T.);
#4103=EDGE_CURVE('',#3241,#3242,#1919,.T.);
#4104=EDGE_CURVE('',#3242,#3243,#1920,.T.);
#4105=EDGE_CURVE('',#3244,#3243,#1921,.T.);
#4106=EDGE_CURVE('',#3245,#3244,#1922,.T.);
#4107=EDGE_CURVE('',#3246,#3245,#95,.T.);
#4108=EDGE_CURVE('',#3246,#3247,#1923,.T.);
#4109=EDGE_CURVE('',#3224,#3247,#96,.T.);
#4110=EDGE_CURVE('',#3241,#3248,#1924,.T.);
#4111=EDGE_CURVE('',#3248,#3249,#1925,.T.);
#4112=EDGE_CURVE('',#3249,#3242,#1926,.T.);
#4113=EDGE_CURVE('',#3250,#3251,#1927,.T.);
#4114=EDGE_CURVE('',#3252,#3250,#1928,.T.);
#4115=EDGE_CURVE('',#3253,#3252,#1929,.T.);
#4116=EDGE_CURVE('',#3251,#3253,#1930,.T.);
#4117=EDGE_CURVE('',#3243,#3254,#1931,.T.);
#4118=EDGE_CURVE('',#3249,#3254,#1932,.T.);
#4119=EDGE_CURVE('',#3251,#3254,#75,.T.);
#4120=EDGE_CURVE('',#3253,#3243,#76,.T.);
#4121=EDGE_CURVE('',#3252,#3244,#435,.F.);
#4122=EDGE_CURVE('',#3255,#3252,#436,.F.);
#4123=EDGE_CURVE('',#3250,#3256,#437,.F.);
#4124=EDGE_CURVE('',#3256,#3255,#1933,.T.);
#4125=EDGE_CURVE('',#3254,#3257,#1934,.T.);
#4126=EDGE_CURVE('',#3257,#3250,#438,.F.);
#4127=EDGE_CURVE('',#3256,#3257,#439,.F.);
#4128=EDGE_CURVE('',#3244,#3255,#440,.F.);
#4129=EDGE_CURVE('',#3257,#3258,#1935,.T.);
#4130=EDGE_CURVE('',#3259,#3258,#441,.T.);
#4131=EDGE_CURVE('',#3259,#3256,#1936,.T.);
#4132=EDGE_CURVE('',#3260,#3222,#97,.T.);
#4133=EDGE_CURVE('',#3260,#3261,#1937,.T.);
#4134=EDGE_CURVE('',#3258,#3261,#98,.T.);
#4135=EDGE_CURVE('',#3262,#3248,#1938,.T.);
#4136=EDGE_CURVE('',#3262,#3263,#442,.T.);
#4137=EDGE_CURVE('',#3263,#3264,#1939,.T.);
#4138=EDGE_CURVE('',#3264,#3265,#1940,.T.);
#4139=EDGE_CURVE('',#3265,#3266,#1941,.T.);
#4140=EDGE_CURVE('',#3266,#3267,#1942,.T.);
#4141=EDGE_CURVE('',#3267,#3268,#1943,.T.);
#4142=EDGE_CURVE('',#3268,#3269,#443,.T.);
#4143=EDGE_CURVE('',#3269,#3270,#1944,.T.);
#4144=EDGE_CURVE('',#3270,#3271,#1945,.T.);
#4145=EDGE_CURVE('',#3271,#3272,#1946,.T.);
#4146=EDGE_CURVE('',#3273,#3272,#1947,.T.);
#4147=EDGE_CURVE('',#3274,#3273,#1948,.T.);
#4148=EDGE_CURVE('',#3275,#3274,#99,.T.);
#4149=EDGE_CURVE('',#3275,#3276,#1949,.T.);
#4150=EDGE_CURVE('',#3277,#3276,#100,.T.);
#4151=EDGE_CURVE('',#3215,#3277,#1950,.T.);
#4152=EDGE_CURVE('',#3240,#3262,#1951,.T.);
#4153=EDGE_CURVE('',#3278,#3279,#1952,.T.);
#4154=EDGE_CURVE('',#3279,#3272,#77,.T.);
#4155=EDGE_CURVE('',#3272,#3230,#1953,.T.);
#4156=EDGE_CURVE('',#3230,#3278,#78,.T.);
#4157=EDGE_CURVE('',#3280,#3229,#444,.F.);
#4158=EDGE_CURVE('',#3281,#3280,#445,.F.);
#4159=EDGE_CURVE('',#3229,#3281,#446,.F.);
#4160=EDGE_CURVE('',#3273,#3282,#447,.F.);
#4161=EDGE_CURVE('',#3283,#3273,#448,.F.);
#4162=EDGE_CURVE('',#3282,#3283,#449,.F.);
#4163=EDGE_CURVE('',#3279,#3283,#1954,.T.);
#4164=EDGE_CURVE('',#3280,#3282,#1955,.T.);
#4165=EDGE_CURVE('',#3283,#3281,#1956,.T.);
#4166=EDGE_CURVE('',#3281,#3278,#1957,.T.);
#4167=EDGE_CURVE('',#3270,#3232,#1958,.T.);
#4168=EDGE_CURVE('',#3271,#3231,#1959,.T.);
#4169=EDGE_CURVE('',#3284,#3228,#450,.T.);
#4170=EDGE_CURVE('',#3284,#3280,#1960,.T.);
#4171=EDGE_CURVE('',#3233,#3269,#1961,.T.);
#4172=EDGE_CURVE('',#3217,#3285,#1962,.T.);
#4173=EDGE_CURVE('',#3225,#3285,#451,.T.);
#4174=EDGE_CURVE('',#3286,#3218,#1963,.T.);
#4175=EDGE_CURVE('',#3285,#3286,#1964,.T.);
#4176=EDGE_CURVE('',#3286,#3277,#452,.T.);
#4177=EDGE_CURVE('',#3282,#3287,#1965,.T.);
#4178=EDGE_CURVE('',#3274,#3287,#453,.T.);
#4179=EDGE_CURVE('',#3287,#3284,#1966,.T.);
#4180=EDGE_CURVE('',#3288,#3223,#454,.T.);
#4181=EDGE_CURVE('',#3247,#3288,#455,.T.);
#4182=EDGE_CURVE('',#3289,#3221,#456,.T.);
#4183=EDGE_CURVE('',#3289,#3288,#1967,.T.);
#4184=EDGE_CURVE('',#3289,#3260,#457,.T.);
#4185=EDGE_CURVE('',#3288,#3246,#458,.T.);
#4186=EDGE_CURVE('',#3261,#3289,#459,.T.);
#4187=EDGE_CURVE('',#3290,#3286,#460,.T.);
#4188=EDGE_CURVE('',#3276,#3290,#461,.T.);
#4189=EDGE_CURVE('',#3291,#3285,#462,.T.);
#4190=EDGE_CURVE('',#3291,#3226,#463,.T.);
#4191=EDGE_CURVE('',#3290,#3275,#464,.T.);
#4192=EDGE_CURVE('',#3227,#3291,#465,.T.);
#4193=EDGE_CURVE('',#3289,#3259,#466,.T.);
#4194=EDGE_CURVE('',#3288,#3292,#467,.T.);
#4195=EDGE_CURVE('',#3292,#3259,#1968,.T.);
#4196=EDGE_CURVE('',#3245,#3292,#468,.T.);
#4197=EDGE_CURVE('',#3291,#3284,#469,.T.);
#4198=EDGE_CURVE('',#3290,#3287,#470,.T.);
#4199=EDGE_CURVE('',#3255,#3292,#1969,.T.);
#4200=EDGE_CURVE('',#3265,#3237,#1970,.T.);
#4201=EDGE_CURVE('',#3266,#3236,#1971,.T.);
#4202=EDGE_CURVE('',#3234,#3268,#1972,.T.);
#4203=EDGE_CURVE('',#3239,#3263,#1973,.T.);
#4204=EDGE_CURVE('',#3267,#3235,#1974,.T.);
#4205=EDGE_CURVE('',#3238,#3264,#1975,.T.);
#4206=EDGE_CURVE('',#3293,#3294,#471,.T.);
#4207=EDGE_CURVE('',#3293,#3295,#1976,.T.);
#4208=EDGE_CURVE('',#3296,#3295,#472,.T.);
#4209=EDGE_CURVE('',#3296,#3297,#1977,.T.);
#4210=EDGE_CURVE('',#3297,#3298,#1978,.T.);
#4211=EDGE_CURVE('',#3298,#3294,#1979,.T.);
#4212=EDGE_CURVE('',#3299,#3300,#473,.T.);
#4213=EDGE_CURVE('',#3299,#3301,#1980,.T.);
#4214=EDGE_CURVE('',#3301,#3302,#1981,.T.);
#4215=EDGE_CURVE('',#3302,#3303,#1982,.T.);
#4216=EDGE_CURVE('',#3304,#3303,#474,.T.);
#4217=EDGE_CURVE('',#3304,#3300,#1983,.T.);
#4218=EDGE_CURVE('',#3295,#3304,#1984,.T.);
#4219=EDGE_CURVE('',#3303,#3305,#1985,.T.);
#4220=EDGE_CURVE('',#3305,#3306,#475,.T.);
#4221=EDGE_CURVE('',#3306,#3307,#1986,.T.);
#4222=EDGE_CURVE('',#3307,#3308,#476,.T.);
#4223=EDGE_CURVE('',#3308,#3296,#1987,.T.);
#4224=EDGE_CURVE('',#3309,#3310,#1988,.T.);
#4225=EDGE_CURVE('',#3310,#3311,#1989,.T.);
#4226=EDGE_CURVE('',#3311,#3312,#1990,.T.);
#4227=EDGE_CURVE('',#3312,#3309,#1991,.T.);
#4228=EDGE_CURVE('',#3310,#3313,#1992,.T.);
#4229=EDGE_CURVE('',#3314,#3313,#1993,.T.);
#4230=EDGE_CURVE('',#3311,#3314,#1994,.T.);
#4231=EDGE_CURVE('',#3309,#3315,#1995,.T.);
#4232=EDGE_CURVE('',#3313,#3315,#1996,.T.);
#4233=EDGE_CURVE('',#3316,#3317,#1997,.T.);
#4234=EDGE_CURVE('',#3317,#3318,#1998,.T.);
#4235=EDGE_CURVE('',#3318,#3319,#1999,.T.);
#4236=EDGE_CURVE('',#3319,#3316,#2000,.T.);
#4237=EDGE_CURVE('',#3312,#3320,#2001,.T.);
#4238=EDGE_CURVE('',#3315,#3320,#2002,.T.);
#4239=EDGE_CURVE('',#3320,#3314,#2003,.T.);
#4240=EDGE_CURVE('',#3321,#3322,#2004,.T.);
#4241=EDGE_CURVE('',#3322,#3323,#2005,.T.);
#4242=EDGE_CURVE('',#3323,#3324,#2006,.T.);
#4243=EDGE_CURVE('',#3324,#3321,#2007,.T.);
#4244=EDGE_CURVE('',#3302,#3325,#2008,.T.);
#4245=EDGE_CURVE('',#3305,#3325,#2009,.T.);
#4246=EDGE_CURVE('',#3326,#3297,#2010,.T.);
#4247=EDGE_CURVE('',#3326,#3308,#2011,.T.);
#4248=EDGE_CURVE('',#3327,#3322,#2012,.T.);
#4249=EDGE_CURVE('',#3298,#3327,#2013,.T.);
#4250=EDGE_CURVE('',#3298,#3323,#2014,.T.);
#4251=EDGE_CURVE('',#3326,#3321,#2015,.T.);
#4252=EDGE_CURVE('',#3327,#3326,#2016,.T.);
#4253=EDGE_CURVE('',#3316,#3328,#2017,.T.);
#4254=EDGE_CURVE('',#3325,#3328,#2018,.T.);
#4255=EDGE_CURVE('',#3317,#3325,#2019,.T.);
#4256=EDGE_CURVE('',#3319,#3301,#2020,.T.);
#4257=EDGE_CURVE('',#3328,#3301,#2021,.T.);
#4258=EDGE_CURVE('',#3297,#3324,#2022,.T.);
#4259=EDGE_CURVE('',#3318,#3302,#2023,.T.);
#4260=EDGE_CURVE('',#3329,#3330,#477,.T.);
#4261=EDGE_CURVE('',#3329,#3327,#2024,.T.);
#4262=EDGE_CURVE('',#3307,#3330,#2025,.T.);
#4263=EDGE_CURVE('',#3331,#3332,#478,.T.);
#4264=EDGE_CURVE('',#3331,#3306,#2026,.T.);
#4265=EDGE_CURVE('',#3328,#3332,#2027,.T.);
#4266=EDGE_CURVE('',#3333,#3331,#2028,.T.);
#4267=EDGE_CURVE('',#3334,#3333,#2029,.T.);
#4268=EDGE_CURVE('',#3330,#3334,#2030,.T.);
#4269=EDGE_CURVE('',#3332,#3335,#2031,.T.);
#4270=EDGE_CURVE('',#3335,#3333,#479,.T.);
#4271=EDGE_CURVE('',#3336,#3299,#2032,.T.);
#4272=EDGE_CURVE('',#3337,#3336,#2033,.T.);
#4273=EDGE_CURVE('',#3337,#3338,#2034,.T.);
#4274=EDGE_CURVE('',#3339,#3338,#2035,.T.);
#4275=EDGE_CURVE('',#3335,#3339,#480,.T.);
#4276=EDGE_CURVE('',#3300,#3340,#2036,.T.);
#4277=EDGE_CURVE('',#3340,#3336,#481,.F.);
#4278=EDGE_CURVE('',#3334,#3341,#482,.T.);
#4279=EDGE_CURVE('',#3341,#3329,#2037,.T.);
#4280=EDGE_CURVE('',#3342,#3334,#483,.F.);
#4281=EDGE_CURVE('',#3333,#3343,#484,.F.);
#4282=EDGE_CURVE('',#3343,#3342,#2038,.T.);
#4283=EDGE_CURVE('',#3344,#3342,#485,.T.);
#4284=EDGE_CURVE('',#3344,#3341,#486,.T.);
#4285=EDGE_CURVE('',#3343,#3339,#487,.T.);
#4286=EDGE_CURVE('',#3345,#3293,#2039,.T.);
#4287=EDGE_CURVE('',#3340,#3345,#2040,.T.);
#4288=EDGE_CURVE('',#3346,#3347,#2041,.T.);
#4289=EDGE_CURVE('',#3348,#3347,#2042,.T.);
#4290=EDGE_CURVE('',#3349,#3348,#2043,.T.);
#4291=EDGE_CURVE('',#3346,#3349,#2044,.T.);
#4292=EDGE_CURVE('',#3350,#3346,#488,.T.);
#4293=EDGE_CURVE('',#3349,#3351,#489,.F.);
#4294=EDGE_CURVE('',#3351,#3350,#2045,.T.);
#4295=EDGE_CURVE('',#3294,#3351,#2046,.T.);
#4296=EDGE_CURVE('',#3351,#3345,#490,.F.);
#4297=EDGE_CURVE('',#3345,#3349,#491,.F.);
#4298=EDGE_CURVE('',#3348,#3340,#492,.F.);
#4299=EDGE_CURVE('',#3336,#3348,#493,.F.);
#4300=EDGE_CURVE('',#3347,#3337,#494,.T.);
#4301=EDGE_CURVE('',#3352,#3344,#2047,.T.);
#4302=EDGE_CURVE('',#3352,#3350,#2048,.T.);
#4303=EDGE_CURVE('',#3353,#3352,#495,.T.);
#4304=EDGE_CURVE('',#3342,#3353,#2049,.T.);
#4305=EDGE_CURVE('',#3354,#3353,#2050,.T.);
#4306=EDGE_CURVE('',#3354,#3343,#2051,.T.);
#4307=EDGE_CURVE('',#3338,#3354,#496,.T.);
#4308=EDGE_CURVE('',#3355,#3356,#2052,.T.);
#4309=EDGE_CURVE('',#3356,#3357,#2053,.T.);
#4310=EDGE_CURVE('',#3357,#3358,#2054,.T.);
#4311=EDGE_CURVE('',#3358,#3355,#2055,.T.);
#4312=EDGE_CURVE('',#3359,#3360,#2056,.T.);
#4313=EDGE_CURVE('',#3360,#3361,#2057,.T.);
#4314=EDGE_CURVE('',#3361,#3362,#2058,.T.);
#4315=EDGE_CURVE('',#3362,#3359,#2059,.T.);
#4316=EDGE_CURVE('',#3358,#3360,#2060,.T.);
#4317=EDGE_CURVE('',#3355,#3359,#2061,.T.);
#4318=EDGE_CURVE('',#3363,#3364,#2062,.T.);
#4319=EDGE_CURVE('',#3364,#3365,#2063,.T.);
#4320=EDGE_CURVE('',#3365,#3366,#2064,.T.);
#4321=EDGE_CURVE('',#3366,#3363,#2065,.T.);
#4322=EDGE_CURVE('',#3357,#3361,#2066,.T.);
#4323=EDGE_CURVE('',#3356,#3362,#2067,.T.);
#4324=EDGE_CURVE('',#3367,#3368,#2068,.T.);
#4325=EDGE_CURVE('',#3368,#3369,#2069,.T.);
#4326=EDGE_CURVE('',#3369,#3370,#2070,.T.);
#4327=EDGE_CURVE('',#3370,#3367,#2071,.T.);
#4328=EDGE_CURVE('',#3363,#3368,#2072,.T.);
#4329=EDGE_CURVE('',#3366,#3369,#2073,.T.);
#4330=EDGE_CURVE('',#3364,#3367,#2074,.T.);
#4331=EDGE_CURVE('',#3365,#3370,#2075,.T.);
#4332=EDGE_CURVE('',#3371,#3372,#497,.T.);
#4333=EDGE_CURVE('',#3372,#3373,#498,.T.);
#4334=EDGE_CURVE('',#3374,#3373,#101,.F.);
#4335=EDGE_CURVE('',#3374,#3375,#499,.T.);
#4336=EDGE_CURVE('',#3376,#3375,#102,.F.);
#4337=EDGE_CURVE('',#3376,#3377,#500,.T.);
#4338=EDGE_CURVE('',#3373,#3377,#103,.F.);
#4339=EDGE_CURVE('',#3372,#3371,#501,.T.);
#4340=EDGE_CURVE('',#3378,#3376,#2076,.T.);
#4341=EDGE_CURVE('',#3379,#3378,#502,.T.);
#4342=EDGE_CURVE('',#3380,#3379,#2077,.T.);
#4343=EDGE_CURVE('',#3381,#3380,#503,.T.);
#4344=EDGE_CURVE('',#3377,#3381,#2078,.T.);
#4345=EDGE_CURVE('',#3382,#3383,#504,.T.);
#4346=EDGE_CURVE('',#3382,#3371,#2079,.T.);
#4347=EDGE_CURVE('',#3383,#3382,#505,.T.);
#4348=EDGE_CURVE('',#3384,#3384,#506,.T.);
#4349=EDGE_CURVE('',#3384,#3383,#507,.T.);
#4350=EDGE_CURVE('',#3385,#3386,#508,.T.);
#4351=EDGE_CURVE('',#3386,#3387,#509,.T.);
#4352=EDGE_CURVE('',#3388,#3387,#104,.F.);
#4353=EDGE_CURVE('',#3388,#3389,#510,.T.);
#4354=EDGE_CURVE('',#3390,#3389,#105,.F.);
#4355=EDGE_CURVE('',#3390,#3391,#511,.T.);
#4356=EDGE_CURVE('',#3387,#3391,#106,.F.);
#4357=EDGE_CURVE('',#3386,#3385,#512,.T.);
#4358=EDGE_CURVE('',#3391,#3374,#2080,.T.);
#4359=EDGE_CURVE('',#3375,#3390,#2081,.T.);
#4360=EDGE_CURVE('',#3392,#3393,#513,.T.);
#4361=EDGE_CURVE('',#3392,#3385,#2082,.T.);
#4362=EDGE_CURVE('',#3393,#3392,#514,.T.);
#4363=EDGE_CURVE('',#3394,#3394,#515,.T.);
#4364=EDGE_CURVE('',#3394,#3393,#516,.T.);
#4365=EDGE_CURVE('',#3395,#3388,#2083,.T.);
#4366=EDGE_CURVE('',#3396,#3395,#517,.T.);
#4367=EDGE_CURVE('',#3397,#3396,#2084,.T.);
#4368=EDGE_CURVE('',#3398,#3397,#518,.T.);
#4369=EDGE_CURVE('',#3389,#3398,#2085,.T.);
#4370=EDGE_CURVE('',#3399,#3396,#2086,.T.);
#4371=EDGE_CURVE('',#3400,#3399,#2087,.T.);
#4372=EDGE_CURVE('',#3397,#3400,#2088,.T.);
#4373=EDGE_CURVE('',#3395,#3401,#2089,.T.);
#4374=EDGE_CURVE('',#3401,#3399,#519,.T.);
#4375=EDGE_CURVE('',#3402,#3381,#2090,.T.);
#4376=EDGE_CURVE('',#3403,#3402,#2091,.T.);
#4377=EDGE_CURVE('',#3404,#3403,#520,.T.);
#4378=EDGE_CURVE('',#3405,#3404,#2092,.T.);
#4379=EDGE_CURVE('',#3406,#3405,#2093,.T.);
#4380=EDGE_CURVE('',#3407,#3406,#2094,.T.);
#4381=EDGE_CURVE('',#3408,#3407,#521,.T.);
#4382=EDGE_CURVE('',#3409,#3408,#2095,.T.);
#4383=EDGE_CURVE('',#3410,#3409,#2096,.T.);
#4384=EDGE_CURVE('',#3411,#3410,#2097,.T.);
#4385=EDGE_CURVE('',#3401,#3411,#522,.T.);
#4386=EDGE_CURVE('',#3412,#3413,#2098,.T.);
#4387=EDGE_CURVE('',#3413,#3414,#2099,.T.);
#4388=EDGE_CURVE('',#3414,#3415,#2100,.T.);
#4389=EDGE_CURVE('',#3415,#3412,#2101,.T.);
#4390=EDGE_CURVE('',#3380,#3416,#2102,.T.);
#4391=EDGE_CURVE('',#3416,#3402,#523,.F.);
#4392=EDGE_CURVE('',#3417,#3418,#2103,.T.);
#4393=EDGE_CURVE('',#3418,#3419,#2104,.T.);
#4394=EDGE_CURVE('',#3419,#3420,#2105,.T.);
#4395=EDGE_CURVE('',#3420,#3417,#2106,.T.);
#4396=EDGE_CURVE('',#3400,#3421,#524,.T.);
#4397=EDGE_CURVE('',#3421,#3398,#2107,.T.);
#4398=EDGE_CURVE('',#3399,#3422,#525,.F.);
#4399=EDGE_CURVE('',#3422,#3423,#2108,.T.);
#4400=EDGE_CURVE('',#3423,#3400,#526,.F.);
#4401=EDGE_CURVE('',#3422,#3411,#527,.T.);
#4402=EDGE_CURVE('',#3424,#3423,#528,.T.);
#4403=EDGE_CURVE('',#3424,#3421,#529,.T.);
#4404=EDGE_CURVE('',#3425,#3379,#2109,.T.);
#4405=EDGE_CURVE('',#3416,#3425,#2110,.T.);
#4406=EDGE_CURVE('',#3426,#3427,#2111,.T.);
#4407=EDGE_CURVE('',#3428,#3426,#2112,.T.);
#4408=EDGE_CURVE('',#3429,#3428,#2113,.T.);
#4409=EDGE_CURVE('',#3427,#3429,#2114,.T.);
#4410=EDGE_CURVE('',#3430,#3431,#2115,.T.);
#4411=EDGE_CURVE('',#3432,#3430,#2116,.T.);
#4412=EDGE_CURVE('',#3433,#3432,#2117,.T.);
#4413=EDGE_CURVE('',#3431,#3433,#2118,.T.);
#4414=EDGE_CURVE('',#3434,#3435,#2119,.T.);
#4415=EDGE_CURVE('',#3436,#3434,#2120,.T.);
#4416=EDGE_CURVE('',#3437,#3436,#2121,.T.);
#4417=EDGE_CURVE('',#3435,#3437,#2122,.T.);
#4418=EDGE_CURVE('',#3438,#3439,#2123,.T.);
#4419=EDGE_CURVE('',#3440,#3438,#2124,.T.);
#4420=EDGE_CURVE('',#3441,#3440,#2125,.T.);
#4421=EDGE_CURVE('',#3439,#3441,#2126,.T.);
#4422=EDGE_CURVE('',#3442,#3432,#530,.T.);
#4423=EDGE_CURVE('',#3430,#3443,#531,.F.);
#4424=EDGE_CURVE('',#3443,#3442,#2127,.T.);
#4425=EDGE_CURVE('',#3440,#3405,#532,.F.);
#4426=EDGE_CURVE('',#3404,#3441,#533,.T.);
#4427=EDGE_CURVE('',#3378,#3443,#2128,.T.);
#4428=EDGE_CURVE('',#3443,#3425,#534,.F.);
#4429=EDGE_CURVE('',#3436,#3406,#535,.F.);
#4430=EDGE_CURVE('',#3405,#3437,#536,.F.);
#4431=EDGE_CURVE('',#3428,#3407,#537,.T.);
#4432=EDGE_CURVE('',#3406,#3429,#538,.F.);
#4433=EDGE_CURVE('',#3444,#3428,#539,.F.);
#4434=EDGE_CURVE('',#3426,#3445,#540,.F.);
#4435=EDGE_CURVE('',#3445,#3444,#2129,.T.);
#4436=EDGE_CURVE('',#3408,#3444,#541,.T.);
#4437=EDGE_CURVE('',#3429,#3436,#542,.F.);
#4438=EDGE_CURVE('',#3434,#3427,#543,.F.);
#4439=EDGE_CURVE('',#3446,#3426,#544,.T.);
#4440=EDGE_CURVE('',#3427,#3447,#545,.F.);
#4441=EDGE_CURVE('',#3447,#3446,#2130,.T.);
#4442=EDGE_CURVE('',#3446,#3448,#546,.T.);
#4443=EDGE_CURVE('',#3445,#3448,#547,.T.);
#4444=EDGE_CURVE('',#3433,#3403,#548,.T.);
#4445=EDGE_CURVE('',#3402,#3431,#549,.F.);
#4446=EDGE_CURVE('',#3431,#3416,#550,.F.);
#4447=EDGE_CURVE('',#3425,#3430,#551,.F.);
#4448=EDGE_CURVE('',#3437,#3440,#552,.F.);
#4449=EDGE_CURVE('',#3438,#3435,#553,.F.);
#4450=EDGE_CURVE('',#3447,#3434,#554,.F.);
#4451=EDGE_CURVE('',#3435,#3449,#555,.F.);
#4452=EDGE_CURVE('',#3449,#3447,#2131,.T.);
#4453=EDGE_CURVE('',#3441,#3433,#556,.F.);
#4454=EDGE_CURVE('',#3432,#3439,#557,.F.);
#4455=EDGE_CURVE('',#3449,#3438,#558,.F.);
#4456=EDGE_CURVE('',#3439,#3450,#559,.T.);
#4457=EDGE_CURVE('',#3450,#3449,#2132,.T.);
#4458=EDGE_CURVE('',#3442,#3450,#560,.T.);
#4459=EDGE_CURVE('',#3451,#3410,#561,.T.);
#4460=EDGE_CURVE('',#3451,#3422,#2133,.T.);
#4461=EDGE_CURVE('',#3444,#3452,#2134,.T.);
#4462=EDGE_CURVE('',#3409,#3452,#562,.T.);
#4463=EDGE_CURVE('',#3453,#3445,#2135,.T.);
#4464=EDGE_CURVE('',#3452,#3453,#2136,.T.);
#4465=EDGE_CURVE('',#3453,#3454,#563,.T.);
#4466=EDGE_CURVE('',#3454,#3455,#2137,.T.);
#4467=EDGE_CURVE('',#3455,#3456,#564,.T.);
#4468=EDGE_CURVE('',#3456,#3451,#2138,.T.);
#4469=EDGE_CURVE('',#3457,#3458,#2139,.T.);
#4470=EDGE_CURVE('',#3458,#3459,#2140,.T.);
#4471=EDGE_CURVE('',#3459,#3460,#2141,.T.);
#4472=EDGE_CURVE('',#3460,#3457,#2142,.T.);
#4473=EDGE_CURVE('',#3458,#3418,#2143,.T.);
#4474=EDGE_CURVE('',#3459,#3417,#2144,.T.);
#4475=EDGE_CURVE('',#3461,#3462,#2145,.T.);
#4476=EDGE_CURVE('',#3462,#3463,#2146,.T.);
#4477=EDGE_CURVE('',#3463,#3464,#2147,.T.);
#4478=EDGE_CURVE('',#3464,#3461,#2148,.T.);
#4479=EDGE_CURVE('',#3460,#3420,#2149,.T.);
#4480=EDGE_CURVE('',#3457,#3419,#2150,.T.);
#4481=EDGE_CURVE('',#3465,#3466,#2151,.T.);
#4482=EDGE_CURVE('',#3466,#3467,#2152,.T.);
#4483=EDGE_CURVE('',#3467,#3468,#2153,.T.);
#4484=EDGE_CURVE('',#3468,#3465,#2154,.T.);
#4485=EDGE_CURVE('',#3412,#3466,#2155,.T.);
#4486=EDGE_CURVE('',#3415,#3467,#2156,.T.);
#4487=EDGE_CURVE('',#3413,#3465,#2157,.T.);
#4488=EDGE_CURVE('',#3461,#3469,#2158,.T.);
#4489=EDGE_CURVE('',#3470,#3469,#2159,.T.);
#4490=EDGE_CURVE('',#3462,#3470,#2160,.T.);
#4491=EDGE_CURVE('',#3414,#3468,#2161,.T.);
#4492=EDGE_CURVE('',#3471,#3470,#2162,.T.);
#4493=EDGE_CURVE('',#3463,#3471,#2163,.T.);
#4494=EDGE_CURVE('',#3464,#3472,#2164,.T.);
#4495=EDGE_CURVE('',#3469,#3472,#2165,.T.);
#4496=EDGE_CURVE('',#3472,#3471,#2166,.T.);
#4497=EDGE_CURVE('',#3423,#3456,#2167,.T.);
#4498=EDGE_CURVE('',#3455,#3424,#2168,.T.);
#4499=EDGE_CURVE('',#3448,#3454,#2169,.T.);
#4500=ORIENTED_EDGE('',*,*,#3473,.F.);
#4501=ORIENTED_EDGE('',*,*,#3474,.T.);
#4502=ORIENTED_EDGE('',*,*,#3475,.T.);
#4503=ORIENTED_EDGE('',*,*,#3476,.F.);
#4504=ORIENTED_EDGE('',*,*,#3477,.F.);
#4505=ORIENTED_EDGE('',*,*,#3478,.T.);
#4506=ORIENTED_EDGE('',*,*,#3479,.T.);
#4507=ORIENTED_EDGE('',*,*,#3474,.F.);
#4508=ORIENTED_EDGE('',*,*,#3480,.F.);
#4509=ORIENTED_EDGE('',*,*,#3481,.T.);
#4510=ORIENTED_EDGE('',*,*,#3482,.T.);
#4511=ORIENTED_EDGE('',*,*,#3478,.F.);
#4512=ORIENTED_EDGE('',*,*,#3483,.F.);
#4513=ORIENTED_EDGE('',*,*,#3476,.T.);
#4514=ORIENTED_EDGE('',*,*,#3484,.T.);
#4515=ORIENTED_EDGE('',*,*,#3481,.F.);
#4516=ORIENTED_EDGE('',*,*,#3484,.F.);
#4517=ORIENTED_EDGE('',*,*,#3475,.F.);
#4518=ORIENTED_EDGE('',*,*,#3479,.F.);
#4519=ORIENTED_EDGE('',*,*,#3482,.F.);
#4520=ORIENTED_EDGE('',*,*,#3480,.T.);
#4521=ORIENTED_EDGE('',*,*,#3477,.T.);
#4522=ORIENTED_EDGE('',*,*,#3473,.T.);
#4523=ORIENTED_EDGE('',*,*,#3485,.F.);
#4524=ORIENTED_EDGE('',*,*,#3486,.F.);
#4525=ORIENTED_EDGE('',*,*,#3487,.F.);
#4526=ORIENTED_EDGE('',*,*,#3488,.F.);
#4527=ORIENTED_EDGE('',*,*,#3489,.F.);
#4528=ORIENTED_EDGE('',*,*,#3490,.F.);
#4529=ORIENTED_EDGE('',*,*,#3491,.F.);
#4530=ORIENTED_EDGE('',*,*,#3492,.F.);
#4531=ORIENTED_EDGE('',*,*,#3493,.F.);
#4532=ORIENTED_EDGE('',*,*,#3494,.F.);
#4533=ORIENTED_EDGE('',*,*,#3495,.F.);
#4534=ORIENTED_EDGE('',*,*,#3491,.T.);
#4535=ORIENTED_EDGE('',*,*,#3496,.T.);
#4536=ORIENTED_EDGE('',*,*,#3494,.T.);
#4537=ORIENTED_EDGE('',*,*,#3497,.T.);
#4538=ORIENTED_EDGE('',*,*,#3498,.F.);
#4539=ORIENTED_EDGE('',*,*,#3499,.F.);
#4540=ORIENTED_EDGE('',*,*,#3500,.F.);
#4541=ORIENTED_EDGE('',*,*,#3499,.T.);
#4542=ORIENTED_EDGE('',*,*,#3486,.T.);
#4543=ORIENTED_EDGE('',*,*,#3492,.T.);
#4544=ORIENTED_EDGE('',*,*,#3501,.T.);
#4545=ORIENTED_EDGE('',*,*,#3502,.F.);
#4546=ORIENTED_EDGE('',*,*,#3503,.F.);
#4547=ORIENTED_EDGE('',*,*,#3504,.F.);
#4548=ORIENTED_EDGE('',*,*,#3505,.F.);
#4549=ORIENTED_EDGE('',*,*,#3506,.F.);
#4550=ORIENTED_EDGE('',*,*,#3507,.F.);
#4551=ORIENTED_EDGE('',*,*,#3506,.T.);
#4552=ORIENTED_EDGE('',*,*,#3508,.T.);
#4553=ORIENTED_EDGE('',*,*,#3493,.T.);
#4554=ORIENTED_EDGE('',*,*,#3509,.T.);
#4555=ORIENTED_EDGE('',*,*,#3510,.F.);
#4556=ORIENTED_EDGE('',*,*,#3511,.F.);
#4557=ORIENTED_EDGE('',*,*,#3512,.F.);
#4558=ORIENTED_EDGE('',*,*,#3495,.T.);
#4559=ORIENTED_EDGE('',*,*,#3513,.T.);
#4560=ORIENTED_EDGE('',*,*,#3511,.T.);
#4561=ORIENTED_EDGE('',*,*,#3514,.T.);
#4562=ORIENTED_EDGE('',*,*,#3512,.T.);
#4563=ORIENTED_EDGE('',*,*,#3515,.T.);
#4564=ORIENTED_EDGE('',*,*,#3503,.T.);
#4565=ORIENTED_EDGE('',*,*,#3516,.T.);
#4566=ORIENTED_EDGE('',*,*,#3517,.F.);
#4567=ORIENTED_EDGE('',*,*,#3518,.F.);
#4568=ORIENTED_EDGE('',*,*,#3519,.F.);
#4569=ORIENTED_EDGE('',*,*,#3518,.T.);
#4570=ORIENTED_EDGE('',*,*,#3520,.T.);
#4571=ORIENTED_EDGE('',*,*,#3502,.T.);
#4572=ORIENTED_EDGE('',*,*,#3488,.T.);
#4573=ORIENTED_EDGE('',*,*,#3498,.T.);
#4574=ORIENTED_EDGE('',*,*,#3521,.T.);
#4575=ORIENTED_EDGE('',*,*,#3519,.T.);
#4576=ORIENTED_EDGE('',*,*,#3487,.T.);
#4577=ORIENTED_EDGE('',*,*,#3522,.F.);
#4578=ORIENTED_EDGE('',*,*,#3523,.F.);
#4579=ORIENTED_EDGE('',*,*,#3524,.F.);
#4580=ORIENTED_EDGE('',*,*,#3523,.T.);
#4581=ORIENTED_EDGE('',*,*,#3525,.T.);
#4582=ORIENTED_EDGE('',*,*,#3510,.T.);
#4583=ORIENTED_EDGE('',*,*,#3526,.T.);
#4584=ORIENTED_EDGE('',*,*,#3517,.T.);
#4585=ORIENTED_EDGE('',*,*,#3527,.T.);
#4586=ORIENTED_EDGE('',*,*,#3524,.T.);
#4587=ORIENTED_EDGE('',*,*,#3528,.T.);
#4588=ORIENTED_EDGE('',*,*,#3522,.T.);
#4589=ORIENTED_EDGE('',*,*,#3529,.T.);
#4590=ORIENTED_EDGE('',*,*,#3507,.T.);
#4591=ORIENTED_EDGE('',*,*,#3530,.T.);
#4592=ORIENTED_EDGE('',*,*,#3505,.T.);
#4593=ORIENTED_EDGE('',*,*,#3531,.T.);
#4594=ORIENTED_EDGE('',*,*,#3500,.T.);
#4595=ORIENTED_EDGE('',*,*,#3532,.T.);
#4596=ORIENTED_EDGE('',*,*,#3504,.T.);
#4597=ORIENTED_EDGE('',*,*,#3533,.T.);
#4598=ORIENTED_EDGE('',*,*,#3490,.T.);
#4599=ORIENTED_EDGE('',*,*,#3485,.T.);
#4600=ORIENTED_EDGE('',*,*,#3483,.T.);
#4601=ORIENTED_EDGE('',*,*,#3489,.T.);
#4602=ORIENTED_EDGE('',*,*,#3497,.F.);
#4603=ORIENTED_EDGE('',*,*,#3508,.F.);
#4604=ORIENTED_EDGE('',*,*,#3532,.F.);
#4605=ORIENTED_EDGE('',*,*,#3501,.F.);
#4606=ORIENTED_EDGE('',*,*,#3496,.F.);
#4607=ORIENTED_EDGE('',*,*,#3533,.F.);
#4608=ORIENTED_EDGE('',*,*,#3515,.F.);
#4609=ORIENTED_EDGE('',*,*,#3513,.F.);
#4610=ORIENTED_EDGE('',*,*,#3509,.F.);
#4611=ORIENTED_EDGE('',*,*,#3514,.F.);
#4612=ORIENTED_EDGE('',*,*,#3525,.F.);
#4613=ORIENTED_EDGE('',*,*,#3530,.F.);
#4614=ORIENTED_EDGE('',*,*,#3516,.F.);
#4615=ORIENTED_EDGE('',*,*,#3520,.F.);
#4616=ORIENTED_EDGE('',*,*,#3528,.F.);
#4617=ORIENTED_EDGE('',*,*,#3526,.F.);
#4618=ORIENTED_EDGE('',*,*,#3521,.F.);
#4619=ORIENTED_EDGE('',*,*,#3531,.F.);
#4620=ORIENTED_EDGE('',*,*,#3529,.F.);
#4621=ORIENTED_EDGE('',*,*,#3527,.F.);
#4622=ORIENTED_EDGE('',*,*,#3534,.F.);
#4623=ORIENTED_EDGE('',*,*,#3535,.T.);
#4624=ORIENTED_EDGE('',*,*,#3536,.F.);
#4625=ORIENTED_EDGE('',*,*,#3537,.F.);
#4626=ORIENTED_EDGE('',*,*,#3538,.F.);
#4627=ORIENTED_EDGE('',*,*,#3537,.T.);
#4628=ORIENTED_EDGE('',*,*,#3539,.F.);
#4629=ORIENTED_EDGE('',*,*,#3540,.F.);
#4630=ORIENTED_EDGE('',*,*,#3541,.F.);
#4631=ORIENTED_EDGE('',*,*,#3540,.T.);
#4632=ORIENTED_EDGE('',*,*,#3542,.F.);
#4633=ORIENTED_EDGE('',*,*,#3543,.F.);
#4634=ORIENTED_EDGE('',*,*,#3544,.F.);
#4635=ORIENTED_EDGE('',*,*,#3543,.T.);
#4636=ORIENTED_EDGE('',*,*,#3545,.F.);
#4637=ORIENTED_EDGE('',*,*,#3535,.F.);
#4638=ORIENTED_EDGE('',*,*,#3545,.T.);
#4639=ORIENTED_EDGE('',*,*,#3542,.T.);
#4640=ORIENTED_EDGE('',*,*,#3539,.T.);
#4641=ORIENTED_EDGE('',*,*,#3536,.T.);
#4642=ORIENTED_EDGE('',*,*,#3544,.T.);
#4643=ORIENTED_EDGE('',*,*,#3534,.T.);
#4644=ORIENTED_EDGE('',*,*,#3538,.T.);
#4645=ORIENTED_EDGE('',*,*,#3541,.T.);
#4646=ORIENTED_EDGE('',*,*,#3546,.F.);
#4647=ORIENTED_EDGE('',*,*,#3547,.T.);
#4648=ORIENTED_EDGE('',*,*,#3548,.F.);
#4649=ORIENTED_EDGE('',*,*,#3549,.F.);
#4650=ORIENTED_EDGE('',*,*,#3550,.F.);
#4651=ORIENTED_EDGE('',*,*,#3551,.T.);
#4652=ORIENTED_EDGE('',*,*,#3552,.F.);
#4653=ORIENTED_EDGE('',*,*,#3547,.F.);
#4654=ORIENTED_EDGE('',*,*,#3553,.F.);
#4655=ORIENTED_EDGE('',*,*,#3554,.T.);
#4656=ORIENTED_EDGE('',*,*,#3555,.F.);
#4657=ORIENTED_EDGE('',*,*,#3551,.F.);
#4658=ORIENTED_EDGE('',*,*,#3552,.T.);
#4659=ORIENTED_EDGE('',*,*,#3555,.T.);
#4660=ORIENTED_EDGE('',*,*,#3556,.T.);
#4661=ORIENTED_EDGE('',*,*,#3548,.T.);
#4662=ORIENTED_EDGE('',*,*,#3557,.F.);
#4663=ORIENTED_EDGE('',*,*,#3558,.T.);
#4664=ORIENTED_EDGE('',*,*,#3559,.F.);
#4665=ORIENTED_EDGE('',*,*,#3560,.F.);
#4666=ORIENTED_EDGE('',*,*,#3561,.F.);
#4667=ORIENTED_EDGE('',*,*,#3560,.T.);
#4668=ORIENTED_EDGE('',*,*,#3562,.F.);
#4669=ORIENTED_EDGE('',*,*,#3563,.F.);
#4670=ORIENTED_EDGE('',*,*,#3564,.F.);
#4671=ORIENTED_EDGE('',*,*,#3563,.T.);
#4672=ORIENTED_EDGE('',*,*,#3565,.F.);
#4673=ORIENTED_EDGE('',*,*,#3566,.F.);
#4674=ORIENTED_EDGE('',*,*,#3567,.T.);
#4675=ORIENTED_EDGE('',*,*,#3565,.T.);
#4676=ORIENTED_EDGE('',*,*,#3562,.T.);
#4677=ORIENTED_EDGE('',*,*,#3559,.T.);
#4678=ORIENTED_EDGE('',*,*,#3568,.F.);
#4679=ORIENTED_EDGE('',*,*,#3569,.T.);
#4680=ORIENTED_EDGE('',*,*,#3570,.F.);
#4681=ORIENTED_EDGE('',*,*,#3571,.F.);
#4682=ORIENTED_EDGE('',*,*,#3572,.F.);
#4683=ORIENTED_EDGE('',*,*,#3571,.T.);
#4684=ORIENTED_EDGE('',*,*,#3573,.F.);
#4685=ORIENTED_EDGE('',*,*,#3566,.T.);
#4686=ORIENTED_EDGE('',*,*,#3567,.F.);
#4687=ORIENTED_EDGE('',*,*,#3558,.F.);
#4688=ORIENTED_EDGE('',*,*,#3574,.F.);
#4689=ORIENTED_EDGE('',*,*,#3575,.F.);
#4690=ORIENTED_EDGE('',*,*,#3576,.F.);
#4691=ORIENTED_EDGE('',*,*,#3575,.T.);
#4692=ORIENTED_EDGE('',*,*,#3577,.F.);
#4693=ORIENTED_EDGE('',*,*,#3578,.F.);
#4694=ORIENTED_EDGE('',*,*,#3579,.F.);
#4695=ORIENTED_EDGE('',*,*,#3578,.T.);
#4696=ORIENTED_EDGE('',*,*,#3580,.F.);
#4697=ORIENTED_EDGE('',*,*,#3549,.T.);
#4698=ORIENTED_EDGE('',*,*,#3556,.F.);
#4699=ORIENTED_EDGE('',*,*,#3554,.F.);
#4700=ORIENTED_EDGE('',*,*,#3581,.F.);
#4701=ORIENTED_EDGE('',*,*,#3569,.F.);
#4702=ORIENTED_EDGE('',*,*,#3553,.T.);
#4703=ORIENTED_EDGE('',*,*,#3550,.T.);
#4704=ORIENTED_EDGE('',*,*,#3546,.T.);
#4705=ORIENTED_EDGE('',*,*,#3580,.T.);
#4706=ORIENTED_EDGE('',*,*,#3577,.T.);
#4707=ORIENTED_EDGE('',*,*,#3574,.T.);
#4708=ORIENTED_EDGE('',*,*,#3557,.T.);
#4709=ORIENTED_EDGE('',*,*,#3561,.T.);
#4710=ORIENTED_EDGE('',*,*,#3564,.T.);
#4711=ORIENTED_EDGE('',*,*,#3573,.T.);
#4712=ORIENTED_EDGE('',*,*,#3570,.T.);
#4713=ORIENTED_EDGE('',*,*,#3581,.T.);
#4714=ORIENTED_EDGE('',*,*,#3579,.T.);
#4715=ORIENTED_EDGE('',*,*,#3568,.T.);
#4716=ORIENTED_EDGE('',*,*,#3572,.T.);
#4717=ORIENTED_EDGE('',*,*,#3576,.T.);
#4718=ORIENTED_EDGE('',*,*,#3582,.F.);
#4719=ORIENTED_EDGE('',*,*,#3583,.F.);
#4720=ORIENTED_EDGE('',*,*,#3584,.F.);
#4721=ORIENTED_EDGE('',*,*,#3585,.F.);
#4722=ORIENTED_EDGE('',*,*,#3586,.T.);
#4723=ORIENTED_EDGE('',*,*,#3583,.T.);
#4724=ORIENTED_EDGE('',*,*,#3587,.T.);
#4725=ORIENTED_EDGE('',*,*,#3588,.T.);
#4726=ORIENTED_EDGE('',*,*,#3589,.T.);
#4727=ORIENTED_EDGE('',*,*,#3584,.T.);
#4728=ORIENTED_EDGE('',*,*,#3590,.T.);
#4729=ORIENTED_EDGE('',*,*,#3591,.T.);
#4730=ORIENTED_EDGE('',*,*,#3592,.T.);
#4731=ORIENTED_EDGE('',*,*,#3585,.T.);
#4732=ORIENTED_EDGE('',*,*,#3593,.T.);
#4733=ORIENTED_EDGE('',*,*,#3594,.T.);
#4734=ORIENTED_EDGE('',*,*,#3589,.F.);
#4735=ORIENTED_EDGE('',*,*,#3595,.F.);
#4736=ORIENTED_EDGE('',*,*,#3593,.F.);
#4737=ORIENTED_EDGE('',*,*,#3596,.T.);
#4738=ORIENTED_EDGE('',*,*,#3582,.T.);
#4739=ORIENTED_EDGE('',*,*,#3597,.T.);
#4740=ORIENTED_EDGE('',*,*,#3598,.T.);
#4741=ORIENTED_EDGE('',*,*,#3599,.F.);
#4742=ORIENTED_EDGE('',*,*,#3597,.F.);
#4743=ORIENTED_EDGE('',*,*,#3592,.F.);
#4744=ORIENTED_EDGE('',*,*,#3600,.F.);
#4745=ORIENTED_EDGE('',*,*,#3590,.F.);
#4746=ORIENTED_EDGE('',*,*,#3586,.F.);
#4747=ORIENTED_EDGE('',*,*,#3596,.F.);
#4748=ORIENTED_EDGE('',*,*,#3601,.F.);
#4749=ORIENTED_EDGE('',*,*,#3587,.F.);
#4750=ORIENTED_EDGE('',*,*,#3602,.T.);
#4751=ORIENTED_EDGE('',*,*,#3603,.F.);
#4752=ORIENTED_EDGE('',*,*,#3604,.T.);
#4753=ORIENTED_EDGE('',*,*,#3600,.T.);
#4754=ORIENTED_EDGE('',*,*,#3605,.F.);
#4755=ORIENTED_EDGE('',*,*,#3606,.F.);
#4756=ORIENTED_EDGE('',*,*,#3602,.F.);
#4757=ORIENTED_EDGE('',*,*,#3588,.F.);
#4758=ORIENTED_EDGE('',*,*,#3607,.T.);
#4759=ORIENTED_EDGE('',*,*,#3608,.F.);
#4760=ORIENTED_EDGE('',*,*,#3605,.T.);
#4761=ORIENTED_EDGE('',*,*,#3601,.T.);
#4762=ORIENTED_EDGE('',*,*,#3609,.F.);
#4763=ORIENTED_EDGE('',*,*,#3610,.F.);
#4764=ORIENTED_EDGE('',*,*,#3611,.T.);
#4765=ORIENTED_EDGE('',*,*,#3612,.F.);
#4766=ORIENTED_EDGE('',*,*,#3613,.F.);
#4767=ORIENTED_EDGE('',*,*,#3614,.F.);
#4768=ORIENTED_EDGE('',*,*,#3615,.T.);
#4769=ORIENTED_EDGE('',*,*,#3616,.T.);
#4770=ORIENTED_EDGE('',*,*,#3617,.F.);
#4771=ORIENTED_EDGE('',*,*,#3618,.F.);
#4772=ORIENTED_EDGE('',*,*,#3619,.F.);
#4773=ORIENTED_EDGE('',*,*,#3620,.F.);
#4774=ORIENTED_EDGE('',*,*,#3621,.F.);
#4775=ORIENTED_EDGE('',*,*,#3622,.F.);
#4776=ORIENTED_EDGE('',*,*,#3623,.F.);
#4777=ORIENTED_EDGE('',*,*,#3624,.F.);
#4778=ORIENTED_EDGE('',*,*,#3625,.T.);
#4779=ORIENTED_EDGE('',*,*,#3626,.T.);
#4780=ORIENTED_EDGE('',*,*,#3627,.T.);
#4781=ORIENTED_EDGE('',*,*,#3628,.F.);
#4782=ORIENTED_EDGE('',*,*,#3629,.F.);
#4783=ORIENTED_EDGE('',*,*,#3630,.F.);
#4784=ORIENTED_EDGE('',*,*,#3631,.T.);
#4785=ORIENTED_EDGE('',*,*,#3632,.F.);
#4786=ORIENTED_EDGE('',*,*,#3607,.F.);
#4787=ORIENTED_EDGE('',*,*,#3598,.F.);
#4788=ORIENTED_EDGE('',*,*,#3633,.T.);
#4789=ORIENTED_EDGE('',*,*,#3634,.T.);
#4790=ORIENTED_EDGE('',*,*,#3635,.T.);
#4791=ORIENTED_EDGE('',*,*,#3626,.F.);
#4792=ORIENTED_EDGE('',*,*,#3636,.F.);
#4793=ORIENTED_EDGE('',*,*,#3637,.F.);
#4794=ORIENTED_EDGE('',*,*,#3638,.F.);
#4795=ORIENTED_EDGE('',*,*,#3639,.F.);
#4796=ORIENTED_EDGE('',*,*,#3640,.F.);
#4797=ORIENTED_EDGE('',*,*,#3627,.F.);
#4798=ORIENTED_EDGE('',*,*,#3635,.F.);
#4799=ORIENTED_EDGE('',*,*,#3641,.T.);
#4800=ORIENTED_EDGE('',*,*,#3640,.T.);
#4801=ORIENTED_EDGE('',*,*,#3642,.F.);
#4802=ORIENTED_EDGE('',*,*,#3639,.T.);
#4803=ORIENTED_EDGE('',*,*,#3643,.T.);
#4804=ORIENTED_EDGE('',*,*,#3638,.T.);
#4805=ORIENTED_EDGE('',*,*,#3644,.T.);
#4806=ORIENTED_EDGE('',*,*,#3628,.T.);
#4807=ORIENTED_EDGE('',*,*,#3643,.F.);
#4808=ORIENTED_EDGE('',*,*,#3645,.T.);
#4809=ORIENTED_EDGE('',*,*,#3637,.T.);
#4810=ORIENTED_EDGE('',*,*,#3646,.T.);
#4811=ORIENTED_EDGE('',*,*,#3647,.T.);
#4812=ORIENTED_EDGE('',*,*,#3648,.T.);
#4813=ORIENTED_EDGE('',*,*,#3649,.T.);
#4814=ORIENTED_EDGE('',*,*,#3636,.T.);
#4815=ORIENTED_EDGE('',*,*,#3642,.T.);
#4816=ORIENTED_EDGE('',*,*,#3646,.F.);
#4817=ORIENTED_EDGE('',*,*,#3649,.F.);
#4818=ORIENTED_EDGE('',*,*,#3650,.F.);
#4819=ORIENTED_EDGE('',*,*,#3644,.F.);
#4820=ORIENTED_EDGE('',*,*,#3645,.F.);
#4821=ORIENTED_EDGE('',*,*,#3651,.F.);
#4822=ORIENTED_EDGE('',*,*,#3652,.T.);
#4823=ORIENTED_EDGE('',*,*,#3653,.F.);
#4824=ORIENTED_EDGE('',*,*,#3654,.T.);
#4825=ORIENTED_EDGE('',*,*,#3650,.T.);
#4826=ORIENTED_EDGE('',*,*,#3604,.F.);
#4827=ORIENTED_EDGE('',*,*,#3655,.F.);
#4828=ORIENTED_EDGE('',*,*,#3656,.T.);
#4829=ORIENTED_EDGE('',*,*,#3657,.F.);
#4830=ORIENTED_EDGE('',*,*,#3652,.F.);
#4831=ORIENTED_EDGE('',*,*,#3648,.F.);
#4832=ORIENTED_EDGE('',*,*,#3641,.F.);
#4833=ORIENTED_EDGE('',*,*,#3634,.F.);
#4834=ORIENTED_EDGE('',*,*,#3658,.F.);
#4835=ORIENTED_EDGE('',*,*,#3659,.T.);
#4836=ORIENTED_EDGE('',*,*,#3660,.T.);
#4837=ORIENTED_EDGE('',*,*,#3661,.T.);
#4838=ORIENTED_EDGE('',*,*,#3662,.T.);
#4839=ORIENTED_EDGE('',*,*,#3663,.T.);
#4840=ORIENTED_EDGE('',*,*,#3664,.T.);
#4841=ORIENTED_EDGE('',*,*,#3665,.T.);
#4842=ORIENTED_EDGE('',*,*,#3666,.T.);
#4843=ORIENTED_EDGE('',*,*,#3667,.T.);
#4844=ORIENTED_EDGE('',*,*,#3668,.T.);
#4845=ORIENTED_EDGE('',*,*,#3669,.F.);
#4846=ORIENTED_EDGE('',*,*,#3670,.F.);
#4847=ORIENTED_EDGE('',*,*,#3671,.F.);
#4848=ORIENTED_EDGE('',*,*,#3672,.T.);
#4849=ORIENTED_EDGE('',*,*,#3673,.F.);
#4850=ORIENTED_EDGE('',*,*,#3674,.F.);
#4851=ORIENTED_EDGE('',*,*,#3591,.F.);
#4852=ORIENTED_EDGE('',*,*,#3625,.F.);
#4853=ORIENTED_EDGE('',*,*,#3675,.T.);
#4854=ORIENTED_EDGE('',*,*,#3658,.T.);
#4855=ORIENTED_EDGE('',*,*,#3633,.F.);
#4856=ORIENTED_EDGE('',*,*,#3676,.T.);
#4857=ORIENTED_EDGE('',*,*,#3677,.T.);
#4858=ORIENTED_EDGE('',*,*,#3678,.T.);
#4859=ORIENTED_EDGE('',*,*,#3679,.T.);
#4860=ORIENTED_EDGE('',*,*,#3680,.F.);
#4861=ORIENTED_EDGE('',*,*,#3681,.F.);
#4862=ORIENTED_EDGE('',*,*,#3682,.F.);
#4863=ORIENTED_EDGE('',*,*,#3683,.F.);
#4864=ORIENTED_EDGE('',*,*,#3684,.F.);
#4865=ORIENTED_EDGE('',*,*,#3685,.F.);
#4866=ORIENTED_EDGE('',*,*,#3686,.T.);
#4867=ORIENTED_EDGE('',*,*,#3684,.T.);
#4868=ORIENTED_EDGE('',*,*,#3669,.T.);
#4869=ORIENTED_EDGE('',*,*,#3677,.F.);
#4870=ORIENTED_EDGE('',*,*,#3681,.T.);
#4871=ORIENTED_EDGE('',*,*,#3687,.T.);
#4872=ORIENTED_EDGE('',*,*,#3685,.T.);
#4873=ORIENTED_EDGE('',*,*,#3688,.T.);
#4874=ORIENTED_EDGE('',*,*,#3614,.T.);
#4875=ORIENTED_EDGE('',*,*,#3682,.T.);
#4876=ORIENTED_EDGE('',*,*,#3689,.T.);
#4877=ORIENTED_EDGE('',*,*,#3679,.F.);
#4878=ORIENTED_EDGE('',*,*,#3676,.F.);
#4879=ORIENTED_EDGE('',*,*,#3689,.F.);
#4880=ORIENTED_EDGE('',*,*,#3688,.F.);
#4881=ORIENTED_EDGE('',*,*,#3686,.F.);
#4882=ORIENTED_EDGE('',*,*,#3690,.T.);
#4883=ORIENTED_EDGE('',*,*,#3616,.F.);
#4884=ORIENTED_EDGE('',*,*,#3691,.F.);
#4885=ORIENTED_EDGE('',*,*,#3667,.F.);
#4886=ORIENTED_EDGE('',*,*,#3678,.F.);
#4887=ORIENTED_EDGE('',*,*,#3668,.F.);
#4888=ORIENTED_EDGE('',*,*,#3691,.T.);
#4889=ORIENTED_EDGE('',*,*,#3615,.F.);
#4890=ORIENTED_EDGE('',*,*,#3613,.T.);
#4891=ORIENTED_EDGE('',*,*,#3692,.F.);
#4892=ORIENTED_EDGE('',*,*,#3693,.T.);
#4893=ORIENTED_EDGE('',*,*,#3680,.T.);
#4894=ORIENTED_EDGE('',*,*,#3666,.F.);
#4895=ORIENTED_EDGE('',*,*,#3694,.F.);
#4896=ORIENTED_EDGE('',*,*,#3617,.T.);
#4897=ORIENTED_EDGE('',*,*,#3690,.F.);
#4898=ORIENTED_EDGE('',*,*,#3695,.T.);
#4899=ORIENTED_EDGE('',*,*,#3696,.F.);
#4900=ORIENTED_EDGE('',*,*,#3609,.T.);
#4901=ORIENTED_EDGE('',*,*,#3599,.T.);
#4902=ORIENTED_EDGE('',*,*,#3697,.F.);
#4903=ORIENTED_EDGE('',*,*,#3698,.F.);
#4904=ORIENTED_EDGE('',*,*,#3695,.F.);
#4905=ORIENTED_EDGE('',*,*,#3594,.F.);
#4906=ORIENTED_EDGE('',*,*,#3674,.T.);
#4907=ORIENTED_EDGE('',*,*,#3699,.F.);
#4908=ORIENTED_EDGE('',*,*,#3697,.T.);
#4909=ORIENTED_EDGE('',*,*,#3595,.T.);
#4910=ORIENTED_EDGE('',*,*,#3700,.T.);
#4911=ORIENTED_EDGE('',*,*,#3701,.F.);
#4912=ORIENTED_EDGE('',*,*,#3670,.T.);
#4913=ORIENTED_EDGE('',*,*,#3683,.T.);
#4914=ORIENTED_EDGE('',*,*,#3693,.F.);
#4915=ORIENTED_EDGE('',*,*,#3702,.F.);
#4916=ORIENTED_EDGE('',*,*,#3700,.F.);
#4917=ORIENTED_EDGE('',*,*,#3687,.F.);
#4918=ORIENTED_EDGE('',*,*,#3703,.T.);
#4919=ORIENTED_EDGE('',*,*,#3608,.T.);
#4920=ORIENTED_EDGE('',*,*,#3632,.T.);
#4921=ORIENTED_EDGE('',*,*,#3704,.T.);
#4922=ORIENTED_EDGE('',*,*,#3705,.T.);
#4923=ORIENTED_EDGE('',*,*,#3606,.T.);
#4924=ORIENTED_EDGE('',*,*,#3703,.F.);
#4925=ORIENTED_EDGE('',*,*,#3706,.F.);
#4926=ORIENTED_EDGE('',*,*,#3705,.F.);
#4927=ORIENTED_EDGE('',*,*,#3707,.T.);
#4928=ORIENTED_EDGE('',*,*,#3655,.T.);
#4929=ORIENTED_EDGE('',*,*,#3603,.T.);
#4930=ORIENTED_EDGE('',*,*,#3704,.F.);
#4931=ORIENTED_EDGE('',*,*,#3631,.F.);
#4932=ORIENTED_EDGE('',*,*,#3708,.F.);
#4933=ORIENTED_EDGE('',*,*,#3707,.F.);
#4934=ORIENTED_EDGE('',*,*,#3709,.F.);
#4935=ORIENTED_EDGE('',*,*,#3656,.F.);
#4936=ORIENTED_EDGE('',*,*,#3710,.T.);
#4937=ORIENTED_EDGE('',*,*,#3699,.T.);
#4938=ORIENTED_EDGE('',*,*,#3673,.T.);
#4939=ORIENTED_EDGE('',*,*,#3711,.T.);
#4940=ORIENTED_EDGE('',*,*,#3712,.F.);
#4941=ORIENTED_EDGE('',*,*,#3713,.T.);
#4942=ORIENTED_EDGE('',*,*,#3610,.T.);
#4943=ORIENTED_EDGE('',*,*,#3696,.T.);
#4944=ORIENTED_EDGE('',*,*,#3711,.F.);
#4945=ORIENTED_EDGE('',*,*,#3672,.F.);
#4946=ORIENTED_EDGE('',*,*,#3714,.F.);
#4947=ORIENTED_EDGE('',*,*,#3713,.F.);
#4948=ORIENTED_EDGE('',*,*,#3715,.F.);
#4949=ORIENTED_EDGE('',*,*,#3611,.F.);
#4950=ORIENTED_EDGE('',*,*,#3716,.T.);
#4951=ORIENTED_EDGE('',*,*,#3653,.T.);
#4952=ORIENTED_EDGE('',*,*,#3657,.T.);
#4953=ORIENTED_EDGE('',*,*,#3709,.T.);
#4954=ORIENTED_EDGE('',*,*,#3717,.T.);
#4955=ORIENTED_EDGE('',*,*,#3718,.T.);
#4956=ORIENTED_EDGE('',*,*,#3716,.F.);
#4957=ORIENTED_EDGE('',*,*,#3706,.T.);
#4958=ORIENTED_EDGE('',*,*,#3630,.T.);
#4959=ORIENTED_EDGE('',*,*,#3719,.T.);
#4960=ORIENTED_EDGE('',*,*,#3717,.F.);
#4961=ORIENTED_EDGE('',*,*,#3708,.T.);
#4962=ORIENTED_EDGE('',*,*,#3720,.T.);
#4963=ORIENTED_EDGE('',*,*,#3692,.T.);
#4964=ORIENTED_EDGE('',*,*,#3612,.T.);
#4965=ORIENTED_EDGE('',*,*,#3715,.T.);
#4966=ORIENTED_EDGE('',*,*,#3721,.T.);
#4967=ORIENTED_EDGE('',*,*,#3702,.T.);
#4968=ORIENTED_EDGE('',*,*,#3720,.F.);
#4969=ORIENTED_EDGE('',*,*,#3712,.T.);
#4970=ORIENTED_EDGE('',*,*,#3698,.T.);
#4971=ORIENTED_EDGE('',*,*,#3710,.F.);
#4972=ORIENTED_EDGE('',*,*,#3671,.T.);
#4973=ORIENTED_EDGE('',*,*,#3701,.T.);
#4974=ORIENTED_EDGE('',*,*,#3721,.F.);
#4975=ORIENTED_EDGE('',*,*,#3714,.T.);
#4976=ORIENTED_EDGE('',*,*,#3722,.T.);
#4977=ORIENTED_EDGE('',*,*,#3719,.F.);
#4978=ORIENTED_EDGE('',*,*,#3629,.T.);
#4979=ORIENTED_EDGE('',*,*,#3651,.T.);
#4980=ORIENTED_EDGE('',*,*,#3654,.F.);
#4981=ORIENTED_EDGE('',*,*,#3718,.F.);
#4982=ORIENTED_EDGE('',*,*,#3722,.F.);
#4983=ORIENTED_EDGE('',*,*,#3647,.F.);
#4984=ORIENTED_EDGE('',*,*,#3723,.T.);
#4985=ORIENTED_EDGE('',*,*,#3621,.T.);
#4986=ORIENTED_EDGE('',*,*,#3724,.F.);
#4987=ORIENTED_EDGE('',*,*,#3662,.F.);
#4988=ORIENTED_EDGE('',*,*,#3618,.T.);
#4989=ORIENTED_EDGE('',*,*,#3694,.T.);
#4990=ORIENTED_EDGE('',*,*,#3665,.F.);
#4991=ORIENTED_EDGE('',*,*,#3725,.F.);
#4992=ORIENTED_EDGE('',*,*,#3624,.T.);
#4993=ORIENTED_EDGE('',*,*,#3726,.T.);
#4994=ORIENTED_EDGE('',*,*,#3659,.F.);
#4995=ORIENTED_EDGE('',*,*,#3675,.F.);
#4996=ORIENTED_EDGE('',*,*,#3727,.F.);
#4997=ORIENTED_EDGE('',*,*,#3663,.F.);
#4998=ORIENTED_EDGE('',*,*,#3724,.T.);
#4999=ORIENTED_EDGE('',*,*,#3620,.T.);
#5000=ORIENTED_EDGE('',*,*,#3728,.F.);
#5001=ORIENTED_EDGE('',*,*,#3622,.T.);
#5002=ORIENTED_EDGE('',*,*,#3723,.F.);
#5003=ORIENTED_EDGE('',*,*,#3661,.F.);
#5004=ORIENTED_EDGE('',*,*,#3726,.F.);
#5005=ORIENTED_EDGE('',*,*,#3623,.T.);
#5006=ORIENTED_EDGE('',*,*,#3728,.T.);
#5007=ORIENTED_EDGE('',*,*,#3660,.F.);
#5008=ORIENTED_EDGE('',*,*,#3725,.T.);
#5009=ORIENTED_EDGE('',*,*,#3664,.F.);
#5010=ORIENTED_EDGE('',*,*,#3727,.T.);
#5011=ORIENTED_EDGE('',*,*,#3619,.T.);
#5012=ORIENTED_EDGE('',*,*,#3729,.F.);
#5013=ORIENTED_EDGE('',*,*,#3730,.T.);
#5014=ORIENTED_EDGE('',*,*,#3731,.F.);
#5015=ORIENTED_EDGE('',*,*,#3732,.F.);
#5016=ORIENTED_EDGE('',*,*,#3733,.F.);
#5017=ORIENTED_EDGE('',*,*,#3734,.T.);
#5018=ORIENTED_EDGE('',*,*,#3735,.F.);
#5019=ORIENTED_EDGE('',*,*,#3730,.F.);
#5020=ORIENTED_EDGE('',*,*,#3736,.F.);
#5021=ORIENTED_EDGE('',*,*,#3737,.T.);
#5022=ORIENTED_EDGE('',*,*,#3738,.F.);
#5023=ORIENTED_EDGE('',*,*,#3734,.F.);
#5024=ORIENTED_EDGE('',*,*,#3739,.F.);
#5025=ORIENTED_EDGE('',*,*,#3732,.T.);
#5026=ORIENTED_EDGE('',*,*,#3740,.F.);
#5027=ORIENTED_EDGE('',*,*,#3737,.F.);
#5028=ORIENTED_EDGE('',*,*,#3741,.F.);
#5029=ORIENTED_EDGE('',*,*,#3742,.T.);
#5030=ORIENTED_EDGE('',*,*,#3743,.F.);
#5031=ORIENTED_EDGE('',*,*,#3744,.F.);
#5032=ORIENTED_EDGE('',*,*,#3731,.T.);
#5033=ORIENTED_EDGE('',*,*,#3735,.T.);
#5034=ORIENTED_EDGE('',*,*,#3738,.T.);
#5035=ORIENTED_EDGE('',*,*,#3740,.T.);
#5036=ORIENTED_EDGE('',*,*,#3745,.F.);
#5037=ORIENTED_EDGE('',*,*,#3744,.T.);
#5038=ORIENTED_EDGE('',*,*,#3746,.F.);
#5039=ORIENTED_EDGE('',*,*,#3747,.F.);
#5040=ORIENTED_EDGE('',*,*,#3748,.F.);
#5041=ORIENTED_EDGE('',*,*,#3747,.T.);
#5042=ORIENTED_EDGE('',*,*,#3749,.F.);
#5043=ORIENTED_EDGE('',*,*,#3750,.F.);
#5044=ORIENTED_EDGE('',*,*,#3729,.T.);
#5045=ORIENTED_EDGE('',*,*,#3739,.T.);
#5046=ORIENTED_EDGE('',*,*,#3736,.T.);
#5047=ORIENTED_EDGE('',*,*,#3733,.T.);
#5048=ORIENTED_EDGE('',*,*,#3751,.F.);
#5049=ORIENTED_EDGE('',*,*,#3750,.T.);
#5050=ORIENTED_EDGE('',*,*,#3752,.F.);
#5051=ORIENTED_EDGE('',*,*,#3742,.F.);
#5052=ORIENTED_EDGE('',*,*,#3752,.T.);
#5053=ORIENTED_EDGE('',*,*,#3749,.T.);
#5054=ORIENTED_EDGE('',*,*,#3746,.T.);
#5055=ORIENTED_EDGE('',*,*,#3743,.T.);
#5056=ORIENTED_EDGE('',*,*,#3753,.F.);
#5057=ORIENTED_EDGE('',*,*,#3754,.T.);
#5058=ORIENTED_EDGE('',*,*,#3755,.F.);
#5059=ORIENTED_EDGE('',*,*,#3756,.F.);
#5060=ORIENTED_EDGE('',*,*,#3757,.F.);
#5061=ORIENTED_EDGE('',*,*,#3758,.T.);
#5062=ORIENTED_EDGE('',*,*,#3759,.F.);
#5063=ORIENTED_EDGE('',*,*,#3754,.F.);
#5064=ORIENTED_EDGE('',*,*,#3760,.F.);
#5065=ORIENTED_EDGE('',*,*,#3761,.T.);
#5066=ORIENTED_EDGE('',*,*,#3762,.F.);
#5067=ORIENTED_EDGE('',*,*,#3758,.F.);
#5068=ORIENTED_EDGE('',*,*,#3763,.F.);
#5069=ORIENTED_EDGE('',*,*,#3756,.T.);
#5070=ORIENTED_EDGE('',*,*,#3764,.F.);
#5071=ORIENTED_EDGE('',*,*,#3761,.F.);
#5072=ORIENTED_EDGE('',*,*,#3765,.F.);
#5073=ORIENTED_EDGE('',*,*,#3766,.T.);
#5074=ORIENTED_EDGE('',*,*,#3767,.F.);
#5075=ORIENTED_EDGE('',*,*,#3768,.F.);
#5076=ORIENTED_EDGE('',*,*,#3755,.T.);
#5077=ORIENTED_EDGE('',*,*,#3759,.T.);
#5078=ORIENTED_EDGE('',*,*,#3762,.T.);
#5079=ORIENTED_EDGE('',*,*,#3764,.T.);
#5080=ORIENTED_EDGE('',*,*,#3769,.F.);
#5081=ORIENTED_EDGE('',*,*,#3768,.T.);
#5082=ORIENTED_EDGE('',*,*,#3770,.F.);
#5083=ORIENTED_EDGE('',*,*,#3771,.F.);
#5084=ORIENTED_EDGE('',*,*,#3772,.F.);
#5085=ORIENTED_EDGE('',*,*,#3771,.T.);
#5086=ORIENTED_EDGE('',*,*,#3773,.F.);
#5087=ORIENTED_EDGE('',*,*,#3774,.F.);
#5088=ORIENTED_EDGE('',*,*,#3753,.T.);
#5089=ORIENTED_EDGE('',*,*,#3763,.T.);
#5090=ORIENTED_EDGE('',*,*,#3760,.T.);
#5091=ORIENTED_EDGE('',*,*,#3757,.T.);
#5092=ORIENTED_EDGE('',*,*,#3775,.F.);
#5093=ORIENTED_EDGE('',*,*,#3774,.T.);
#5094=ORIENTED_EDGE('',*,*,#3776,.F.);
#5095=ORIENTED_EDGE('',*,*,#3766,.F.);
#5096=ORIENTED_EDGE('',*,*,#3776,.T.);
#5097=ORIENTED_EDGE('',*,*,#3773,.T.);
#5098=ORIENTED_EDGE('',*,*,#3770,.T.);
#5099=ORIENTED_EDGE('',*,*,#3767,.T.);
#5100=ORIENTED_EDGE('',*,*,#3777,.F.);
#5101=ORIENTED_EDGE('',*,*,#3778,.F.);
#5102=ORIENTED_EDGE('',*,*,#3779,.F.);
#5103=ORIENTED_EDGE('',*,*,#3780,.F.);
#5104=ORIENTED_EDGE('',*,*,#3781,.F.);
#5105=ORIENTED_EDGE('',*,*,#3782,.F.);
#5106=ORIENTED_EDGE('',*,*,#3783,.F.);
#5107=ORIENTED_EDGE('',*,*,#3784,.F.);
#5108=ORIENTED_EDGE('',*,*,#3741,.T.);
#5109=ORIENTED_EDGE('',*,*,#3745,.T.);
#5110=ORIENTED_EDGE('',*,*,#3748,.T.);
#5111=ORIENTED_EDGE('',*,*,#3751,.T.);
#5112=ORIENTED_EDGE('',*,*,#3785,.T.);
#5113=ORIENTED_EDGE('',*,*,#3786,.T.);
#5114=ORIENTED_EDGE('',*,*,#3787,.T.);
#5115=ORIENTED_EDGE('',*,*,#3781,.T.);
#5116=ORIENTED_EDGE('',*,*,#3788,.F.);
#5117=ORIENTED_EDGE('',*,*,#3789,.F.);
#5118=ORIENTED_EDGE('',*,*,#3785,.F.);
#5119=ORIENTED_EDGE('',*,*,#3780,.T.);
#5120=ORIENTED_EDGE('',*,*,#3790,.T.);
#5121=ORIENTED_EDGE('',*,*,#3791,.T.);
#5122=ORIENTED_EDGE('',*,*,#3788,.T.);
#5123=ORIENTED_EDGE('',*,*,#3779,.T.);
#5124=ORIENTED_EDGE('',*,*,#3792,.F.);
#5125=ORIENTED_EDGE('',*,*,#3793,.F.);
#5126=ORIENTED_EDGE('',*,*,#3794,.F.);
#5127=ORIENTED_EDGE('',*,*,#3795,.F.);
#5128=ORIENTED_EDGE('',*,*,#3782,.T.);
#5129=ORIENTED_EDGE('',*,*,#3787,.F.);
#5130=ORIENTED_EDGE('',*,*,#3796,.F.);
#5131=ORIENTED_EDGE('',*,*,#3797,.F.);
#5132=ORIENTED_EDGE('',*,*,#3798,.F.);
#5133=ORIENTED_EDGE('',*,*,#3786,.F.);
#5134=ORIENTED_EDGE('',*,*,#3799,.F.);
#5135=ORIENTED_EDGE('',*,*,#3796,.T.);
#5136=ORIENTED_EDGE('',*,*,#3798,.T.);
#5137=ORIENTED_EDGE('',*,*,#3800,.T.);
#5138=ORIENTED_EDGE('',*,*,#3801,.F.);
#5139=ORIENTED_EDGE('',*,*,#3802,.F.);
#5140=ORIENTED_EDGE('',*,*,#3791,.F.);
#5141=ORIENTED_EDGE('',*,*,#3802,.T.);
#5142=ORIENTED_EDGE('',*,*,#3803,.T.);
#5143=ORIENTED_EDGE('',*,*,#3797,.T.);
#5144=ORIENTED_EDGE('',*,*,#3789,.T.);
#5145=ORIENTED_EDGE('',*,*,#3804,.F.);
#5146=ORIENTED_EDGE('',*,*,#3805,.F.);
#5147=ORIENTED_EDGE('',*,*,#3794,.T.);
#5148=ORIENTED_EDGE('',*,*,#3806,.F.);
#5149=ORIENTED_EDGE('',*,*,#3795,.T.);
#5150=ORIENTED_EDGE('',*,*,#3805,.T.);
#5151=ORIENTED_EDGE('',*,*,#3807,.T.);
#5152=ORIENTED_EDGE('',*,*,#3783,.T.);
#5153=ORIENTED_EDGE('',*,*,#3808,.F.);
#5154=ORIENTED_EDGE('',*,*,#3809,.F.);
#5155=ORIENTED_EDGE('',*,*,#3810,.F.);
#5156=ORIENTED_EDGE('',*,*,#3811,.T.);
#5157=ORIENTED_EDGE('',*,*,#3809,.T.);
#5158=ORIENTED_EDGE('',*,*,#3812,.T.);
#5159=ORIENTED_EDGE('',*,*,#3804,.T.);
#5160=ORIENTED_EDGE('',*,*,#3813,.T.);
#5161=ORIENTED_EDGE('',*,*,#3814,.T.);
#5162=ORIENTED_EDGE('',*,*,#3808,.T.);
#5163=ORIENTED_EDGE('',*,*,#3815,.T.);
#5164=ORIENTED_EDGE('',*,*,#3777,.T.);
#5165=ORIENTED_EDGE('',*,*,#3816,.F.);
#5166=ORIENTED_EDGE('',*,*,#3817,.T.);
#5167=ORIENTED_EDGE('',*,*,#3806,.T.);
#5168=ORIENTED_EDGE('',*,*,#3793,.T.);
#5169=ORIENTED_EDGE('',*,*,#3807,.F.);
#5170=ORIENTED_EDGE('',*,*,#3812,.F.);
#5171=ORIENTED_EDGE('',*,*,#3814,.F.);
#5172=ORIENTED_EDGE('',*,*,#3784,.T.);
#5173=ORIENTED_EDGE('',*,*,#3818,.F.);
#5174=ORIENTED_EDGE('',*,*,#3819,.F.);
#5175=ORIENTED_EDGE('',*,*,#3813,.F.);
#5176=ORIENTED_EDGE('',*,*,#3817,.F.);
#5177=ORIENTED_EDGE('',*,*,#3820,.F.);
#5178=ORIENTED_EDGE('',*,*,#3800,.F.);
#5179=ORIENTED_EDGE('',*,*,#3803,.F.);
#5180=ORIENTED_EDGE('',*,*,#3821,.F.);
#5181=ORIENTED_EDGE('',*,*,#3822,.F.);
#5182=ORIENTED_EDGE('',*,*,#3821,.T.);
#5183=ORIENTED_EDGE('',*,*,#3801,.T.);
#5184=ORIENTED_EDGE('',*,*,#3823,.T.);
#5185=ORIENTED_EDGE('',*,*,#3824,.F.);
#5186=ORIENTED_EDGE('',*,*,#3823,.F.);
#5187=ORIENTED_EDGE('',*,*,#3790,.F.);
#5188=ORIENTED_EDGE('',*,*,#3778,.T.);
#5189=ORIENTED_EDGE('',*,*,#3815,.F.);
#5190=ORIENTED_EDGE('',*,*,#3811,.F.);
#5191=ORIENTED_EDGE('',*,*,#3825,.F.);
#5192=ORIENTED_EDGE('',*,*,#3826,.F.);
#5193=ORIENTED_EDGE('',*,*,#3825,.T.);
#5194=ORIENTED_EDGE('',*,*,#3810,.T.);
#5195=ORIENTED_EDGE('',*,*,#3819,.T.);
#5196=ORIENTED_EDGE('',*,*,#3820,.T.);
#5197=ORIENTED_EDGE('',*,*,#3822,.T.);
#5198=ORIENTED_EDGE('',*,*,#3824,.T.);
#5199=ORIENTED_EDGE('',*,*,#3826,.T.);
#5200=ORIENTED_EDGE('',*,*,#3818,.T.);
#5201=ORIENTED_EDGE('',*,*,#3816,.T.);
#5202=ORIENTED_EDGE('',*,*,#3792,.T.);
#5203=ORIENTED_EDGE('',*,*,#3799,.T.);
#5204=ORIENTED_EDGE('',*,*,#3765,.T.);
#5205=ORIENTED_EDGE('',*,*,#3769,.T.);
#5206=ORIENTED_EDGE('',*,*,#3772,.T.);
#5207=ORIENTED_EDGE('',*,*,#3775,.T.);
#5208=ORIENTED_EDGE('',*,*,#3827,.T.);
#5209=ORIENTED_EDGE('',*,*,#3828,.F.);
#5210=ORIENTED_EDGE('',*,*,#3829,.F.);
#5211=ORIENTED_EDGE('',*,*,#3830,.T.);
#5212=ORIENTED_EDGE('',*,*,#3831,.T.);
#5213=ORIENTED_EDGE('',*,*,#3832,.F.);
#5214=ORIENTED_EDGE('',*,*,#3833,.F.);
#5215=ORIENTED_EDGE('',*,*,#3828,.T.);
#5216=ORIENTED_EDGE('',*,*,#3834,.T.);
#5217=ORIENTED_EDGE('',*,*,#3835,.F.);
#5218=ORIENTED_EDGE('',*,*,#3836,.F.);
#5219=ORIENTED_EDGE('',*,*,#3832,.T.);
#5220=ORIENTED_EDGE('',*,*,#3837,.T.);
#5221=ORIENTED_EDGE('',*,*,#3838,.T.);
#5222=ORIENTED_EDGE('',*,*,#3839,.F.);
#5223=ORIENTED_EDGE('',*,*,#3835,.T.);
#5224=ORIENTED_EDGE('',*,*,#3840,.T.);
#5225=ORIENTED_EDGE('',*,*,#3841,.T.);
#5226=ORIENTED_EDGE('',*,*,#3842,.F.);
#5227=ORIENTED_EDGE('',*,*,#3838,.F.);
#5228=ORIENTED_EDGE('',*,*,#3843,.T.);
#5229=ORIENTED_EDGE('',*,*,#3844,.F.);
#5230=ORIENTED_EDGE('',*,*,#3845,.F.);
#5231=ORIENTED_EDGE('',*,*,#3841,.F.);
#5232=ORIENTED_EDGE('',*,*,#3846,.F.);
#5233=ORIENTED_EDGE('',*,*,#3847,.T.);
#5234=ORIENTED_EDGE('',*,*,#3848,.F.);
#5235=ORIENTED_EDGE('',*,*,#3849,.F.);
#5236=ORIENTED_EDGE('',*,*,#3850,.F.);
#5237=ORIENTED_EDGE('',*,*,#3849,.T.);
#5238=ORIENTED_EDGE('',*,*,#3851,.F.);
#5239=ORIENTED_EDGE('',*,*,#3852,.F.);
#5240=ORIENTED_EDGE('',*,*,#3853,.F.);
#5241=ORIENTED_EDGE('',*,*,#3852,.T.);
#5242=ORIENTED_EDGE('',*,*,#3854,.F.);
#5243=ORIENTED_EDGE('',*,*,#3855,.F.);
#5244=ORIENTED_EDGE('',*,*,#3856,.F.);
#5245=ORIENTED_EDGE('',*,*,#3855,.T.);
#5246=ORIENTED_EDGE('',*,*,#3857,.F.);
#5247=ORIENTED_EDGE('',*,*,#3830,.F.);
#5248=ORIENTED_EDGE('',*,*,#3858,.F.);
#5249=ORIENTED_EDGE('',*,*,#3859,.F.);
#5250=ORIENTED_EDGE('',*,*,#3860,.F.);
#5251=ORIENTED_EDGE('',*,*,#3861,.F.);
#5252=ORIENTED_EDGE('',*,*,#3862,.F.);
#5253=ORIENTED_EDGE('',*,*,#3861,.T.);
#5254=ORIENTED_EDGE('',*,*,#3863,.F.);
#5255=ORIENTED_EDGE('',*,*,#3864,.F.);
#5256=ORIENTED_EDGE('',*,*,#3865,.F.);
#5257=ORIENTED_EDGE('',*,*,#3864,.T.);
#5258=ORIENTED_EDGE('',*,*,#3866,.F.);
#5259=ORIENTED_EDGE('',*,*,#3867,.F.);
#5260=ORIENTED_EDGE('',*,*,#3868,.F.);
#5261=ORIENTED_EDGE('',*,*,#3867,.T.);
#5262=ORIENTED_EDGE('',*,*,#3869,.F.);
#5263=ORIENTED_EDGE('',*,*,#3870,.F.);
#5264=ORIENTED_EDGE('',*,*,#3871,.T.);
#5265=ORIENTED_EDGE('',*,*,#3870,.T.);
#5266=ORIENTED_EDGE('',*,*,#3872,.F.);
#5267=ORIENTED_EDGE('',*,*,#3873,.F.);
#5268=ORIENTED_EDGE('',*,*,#3874,.F.);
#5269=ORIENTED_EDGE('',*,*,#3873,.T.);
#5270=ORIENTED_EDGE('',*,*,#3875,.F.);
#5271=ORIENTED_EDGE('',*,*,#3876,.F.);
#5272=ORIENTED_EDGE('',*,*,#3877,.F.);
#5273=ORIENTED_EDGE('',*,*,#3876,.T.);
#5274=ORIENTED_EDGE('',*,*,#3878,.F.);
#5275=ORIENTED_EDGE('',*,*,#3879,.F.);
#5276=ORIENTED_EDGE('',*,*,#3880,.F.);
#5277=ORIENTED_EDGE('',*,*,#3879,.T.);
#5278=ORIENTED_EDGE('',*,*,#3881,.F.);
#5279=ORIENTED_EDGE('',*,*,#3882,.F.);
#5280=ORIENTED_EDGE('',*,*,#3883,.T.);
#5281=ORIENTED_EDGE('',*,*,#3882,.T.);
#5282=ORIENTED_EDGE('',*,*,#3884,.F.);
#5283=ORIENTED_EDGE('',*,*,#3885,.F.);
#5284=ORIENTED_EDGE('',*,*,#3886,.T.);
#5285=ORIENTED_EDGE('',*,*,#3885,.T.);
#5286=ORIENTED_EDGE('',*,*,#3887,.F.);
#5287=ORIENTED_EDGE('',*,*,#3888,.F.);
#5288=ORIENTED_EDGE('',*,*,#3889,.F.);
#5289=ORIENTED_EDGE('',*,*,#3888,.T.);
#5290=ORIENTED_EDGE('',*,*,#3890,.F.);
#5291=ORIENTED_EDGE('',*,*,#3847,.F.);
#5292=ORIENTED_EDGE('',*,*,#3890,.T.);
#5293=ORIENTED_EDGE('',*,*,#3887,.T.);
#5294=ORIENTED_EDGE('',*,*,#3884,.T.);
#5295=ORIENTED_EDGE('',*,*,#3881,.T.);
#5296=ORIENTED_EDGE('',*,*,#3878,.T.);
#5297=ORIENTED_EDGE('',*,*,#3875,.T.);
#5298=ORIENTED_EDGE('',*,*,#3872,.T.);
#5299=ORIENTED_EDGE('',*,*,#3869,.T.);
#5300=ORIENTED_EDGE('',*,*,#3866,.T.);
#5301=ORIENTED_EDGE('',*,*,#3863,.T.);
#5302=ORIENTED_EDGE('',*,*,#3860,.T.);
#5303=ORIENTED_EDGE('',*,*,#3891,.F.);
#5304=ORIENTED_EDGE('',*,*,#3892,.F.);
#5305=ORIENTED_EDGE('',*,*,#3893,.F.);
#5306=ORIENTED_EDGE('',*,*,#3894,.F.);
#5307=ORIENTED_EDGE('',*,*,#3895,.F.);
#5308=ORIENTED_EDGE('',*,*,#3896,.F.);
#5309=ORIENTED_EDGE('',*,*,#3897,.F.);
#5310=ORIENTED_EDGE('',*,*,#3843,.F.);
#5311=ORIENTED_EDGE('',*,*,#3840,.F.);
#5312=ORIENTED_EDGE('',*,*,#3837,.F.);
#5313=ORIENTED_EDGE('',*,*,#3834,.F.);
#5314=ORIENTED_EDGE('',*,*,#3831,.F.);
#5315=ORIENTED_EDGE('',*,*,#3827,.F.);
#5316=ORIENTED_EDGE('',*,*,#3857,.T.);
#5317=ORIENTED_EDGE('',*,*,#3854,.T.);
#5318=ORIENTED_EDGE('',*,*,#3851,.T.);
#5319=ORIENTED_EDGE('',*,*,#3848,.T.);
#5320=ORIENTED_EDGE('',*,*,#3845,.T.);
#5321=ORIENTED_EDGE('',*,*,#3898,.T.);
#5322=ORIENTED_EDGE('',*,*,#3899,.T.);
#5323=ORIENTED_EDGE('',*,*,#3900,.T.);
#5324=ORIENTED_EDGE('',*,*,#3901,.T.);
#5325=ORIENTED_EDGE('',*,*,#3902,.T.);
#5326=ORIENTED_EDGE('',*,*,#3903,.T.);
#5327=ORIENTED_EDGE('',*,*,#3904,.T.);
#5328=ORIENTED_EDGE('',*,*,#3858,.T.);
#5329=ORIENTED_EDGE('',*,*,#3862,.T.);
#5330=ORIENTED_EDGE('',*,*,#3865,.T.);
#5331=ORIENTED_EDGE('',*,*,#3868,.T.);
#5332=ORIENTED_EDGE('',*,*,#3871,.F.);
#5333=ORIENTED_EDGE('',*,*,#3874,.T.);
#5334=ORIENTED_EDGE('',*,*,#3877,.T.);
#5335=ORIENTED_EDGE('',*,*,#3880,.T.);
#5336=ORIENTED_EDGE('',*,*,#3883,.F.);
#5337=ORIENTED_EDGE('',*,*,#3886,.F.);
#5338=ORIENTED_EDGE('',*,*,#3889,.T.);
#5339=ORIENTED_EDGE('',*,*,#3846,.T.);
#5340=ORIENTED_EDGE('',*,*,#3850,.T.);
#5341=ORIENTED_EDGE('',*,*,#3853,.T.);
#5342=ORIENTED_EDGE('',*,*,#3856,.T.);
#5343=ORIENTED_EDGE('',*,*,#3829,.T.);
#5344=ORIENTED_EDGE('',*,*,#3833,.T.);
#5345=ORIENTED_EDGE('',*,*,#3836,.T.);
#5346=ORIENTED_EDGE('',*,*,#3839,.T.);
#5347=ORIENTED_EDGE('',*,*,#3842,.T.);
#5348=ORIENTED_EDGE('',*,*,#3897,.T.);
#5349=ORIENTED_EDGE('',*,*,#3905,.T.);
#5350=ORIENTED_EDGE('',*,*,#3898,.F.);
#5351=ORIENTED_EDGE('',*,*,#3844,.T.);
#5352=ORIENTED_EDGE('',*,*,#3896,.T.);
#5353=ORIENTED_EDGE('',*,*,#3906,.F.);
#5354=ORIENTED_EDGE('',*,*,#3899,.F.);
#5355=ORIENTED_EDGE('',*,*,#3905,.F.);
#5356=ORIENTED_EDGE('',*,*,#3895,.T.);
#5357=ORIENTED_EDGE('',*,*,#3907,.F.);
#5358=ORIENTED_EDGE('',*,*,#3900,.F.);
#5359=ORIENTED_EDGE('',*,*,#3906,.T.);
#5360=ORIENTED_EDGE('',*,*,#3894,.T.);
#5361=ORIENTED_EDGE('',*,*,#3908,.F.);
#5362=ORIENTED_EDGE('',*,*,#3901,.F.);
#5363=ORIENTED_EDGE('',*,*,#3907,.T.);
#5364=ORIENTED_EDGE('',*,*,#3893,.T.);
#5365=ORIENTED_EDGE('',*,*,#3909,.F.);
#5366=ORIENTED_EDGE('',*,*,#3902,.F.);
#5367=ORIENTED_EDGE('',*,*,#3908,.T.);
#5368=ORIENTED_EDGE('',*,*,#3892,.T.);
#5369=ORIENTED_EDGE('',*,*,#3910,.F.);
#5370=ORIENTED_EDGE('',*,*,#3903,.F.);
#5371=ORIENTED_EDGE('',*,*,#3909,.T.);
#5372=ORIENTED_EDGE('',*,*,#3891,.T.);
#5373=ORIENTED_EDGE('',*,*,#3859,.T.);
#5374=ORIENTED_EDGE('',*,*,#3904,.F.);
#5375=ORIENTED_EDGE('',*,*,#3910,.T.);
#5376=ORIENTED_EDGE('',*,*,#3911,.T.);
#5377=ORIENTED_EDGE('',*,*,#3912,.T.);
#5378=ORIENTED_EDGE('',*,*,#3913,.T.);
#5379=ORIENTED_EDGE('',*,*,#3914,.T.);
#5380=ORIENTED_EDGE('',*,*,#3915,.T.);
#5381=ORIENTED_EDGE('',*,*,#3916,.T.);
#5382=ORIENTED_EDGE('',*,*,#3914,.F.);
#5383=ORIENTED_EDGE('',*,*,#3917,.T.);
#5384=ORIENTED_EDGE('',*,*,#3918,.T.);
#5385=ORIENTED_EDGE('',*,*,#3911,.F.);
#5386=ORIENTED_EDGE('',*,*,#3919,.F.);
#5387=ORIENTED_EDGE('',*,*,#3920,.F.);
#5388=ORIENTED_EDGE('',*,*,#3921,.F.);
#5389=ORIENTED_EDGE('',*,*,#3922,.F.);
#5390=ORIENTED_EDGE('',*,*,#3923,.F.);
#5391=ORIENTED_EDGE('',*,*,#3924,.F.);
#5392=ORIENTED_EDGE('',*,*,#3925,.F.);
#5393=ORIENTED_EDGE('',*,*,#3926,.F.);
#5394=ORIENTED_EDGE('',*,*,#3918,.F.);
#5395=ORIENTED_EDGE('',*,*,#3927,.T.);
#5396=ORIENTED_EDGE('',*,*,#3928,.F.);
#5397=ORIENTED_EDGE('',*,*,#3919,.T.);
#5398=ORIENTED_EDGE('',*,*,#3913,.F.);
#5399=ORIENTED_EDGE('',*,*,#3929,.F.);
#5400=ORIENTED_EDGE('',*,*,#3930,.F.);
#5401=ORIENTED_EDGE('',*,*,#3931,.F.);
#5402=ORIENTED_EDGE('',*,*,#3932,.F.);
#5403=ORIENTED_EDGE('',*,*,#3933,.F.);
#5404=ORIENTED_EDGE('',*,*,#3934,.F.);
#5405=ORIENTED_EDGE('',*,*,#3935,.F.);
#5406=ORIENTED_EDGE('',*,*,#3936,.F.);
#5407=ORIENTED_EDGE('',*,*,#3927,.F.);
#5408=ORIENTED_EDGE('',*,*,#3917,.F.);
#5409=ORIENTED_EDGE('',*,*,#3916,.F.);
#5410=ORIENTED_EDGE('',*,*,#3937,.T.);
#5411=ORIENTED_EDGE('',*,*,#3938,.F.);
#5412=ORIENTED_EDGE('',*,*,#3939,.F.);
#5413=ORIENTED_EDGE('',*,*,#3937,.F.);
#5414=ORIENTED_EDGE('',*,*,#3915,.F.);
#5415=ORIENTED_EDGE('',*,*,#3940,.T.);
#5416=ORIENTED_EDGE('',*,*,#3941,.T.);
#5417=ORIENTED_EDGE('',*,*,#3938,.T.);
#5418=ORIENTED_EDGE('',*,*,#3939,.T.);
#5419=ORIENTED_EDGE('',*,*,#3941,.F.);
#5420=ORIENTED_EDGE('',*,*,#3940,.F.);
#5421=ORIENTED_EDGE('',*,*,#3920,.T.);
#5422=ORIENTED_EDGE('',*,*,#3928,.T.);
#5423=ORIENTED_EDGE('',*,*,#3936,.T.);
#5424=ORIENTED_EDGE('',*,*,#3942,.T.);
#5425=ORIENTED_EDGE('',*,*,#3943,.T.);
#5426=ORIENTED_EDGE('',*,*,#3944,.T.);
#5427=ORIENTED_EDGE('',*,*,#3942,.F.);
#5428=ORIENTED_EDGE('',*,*,#3935,.T.);
#5429=ORIENTED_EDGE('',*,*,#3945,.T.);
#5430=ORIENTED_EDGE('',*,*,#3945,.F.);
#5431=ORIENTED_EDGE('',*,*,#3934,.T.);
#5432=ORIENTED_EDGE('',*,*,#3946,.T.);
#5433=ORIENTED_EDGE('',*,*,#3947,.T.);
#5434=ORIENTED_EDGE('',*,*,#3948,.T.);
#5435=ORIENTED_EDGE('',*,*,#3921,.T.);
#5436=ORIENTED_EDGE('',*,*,#3944,.F.);
#5437=ORIENTED_EDGE('',*,*,#3949,.T.);
#5438=ORIENTED_EDGE('',*,*,#3950,.F.);
#5439=ORIENTED_EDGE('',*,*,#3951,.F.);
#5440=ORIENTED_EDGE('',*,*,#3949,.F.);
#5441=ORIENTED_EDGE('',*,*,#3943,.F.);
#5442=ORIENTED_EDGE('',*,*,#3952,.T.);
#5443=ORIENTED_EDGE('',*,*,#3953,.T.);
#5444=ORIENTED_EDGE('',*,*,#3950,.T.);
#5445=ORIENTED_EDGE('',*,*,#3951,.T.);
#5446=ORIENTED_EDGE('',*,*,#3953,.F.);
#5447=ORIENTED_EDGE('',*,*,#3952,.F.);
#5448=ORIENTED_EDGE('',*,*,#3954,.T.);
#5449=ORIENTED_EDGE('',*,*,#3955,.F.);
#5450=ORIENTED_EDGE('',*,*,#3956,.T.);
#5451=ORIENTED_EDGE('',*,*,#3957,.T.);
#5452=ORIENTED_EDGE('',*,*,#3958,.T.);
#5453=ORIENTED_EDGE('',*,*,#3959,.T.);
#5454=ORIENTED_EDGE('',*,*,#3960,.F.);
#5455=ORIENTED_EDGE('',*,*,#3961,.F.);
#5456=ORIENTED_EDGE('',*,*,#3954,.F.);
#5457=ORIENTED_EDGE('',*,*,#3962,.F.);
#5458=ORIENTED_EDGE('',*,*,#3963,.T.);
#5459=ORIENTED_EDGE('',*,*,#3964,.T.);
#5460=ORIENTED_EDGE('',*,*,#3965,.T.);
#5461=ORIENTED_EDGE('',*,*,#3966,.F.);
#5462=ORIENTED_EDGE('',*,*,#3960,.T.);
#5463=ORIENTED_EDGE('',*,*,#3967,.T.);
#5464=ORIENTED_EDGE('',*,*,#3968,.F.);
#5465=ORIENTED_EDGE('',*,*,#3969,.T.);
#5466=ORIENTED_EDGE('',*,*,#3963,.F.);
#5467=ORIENTED_EDGE('',*,*,#3970,.F.);
#5468=ORIENTED_EDGE('',*,*,#3971,.F.);
#5469=ORIENTED_EDGE('',*,*,#3972,.F.);
#5470=ORIENTED_EDGE('',*,*,#3973,.T.);
#5471=ORIENTED_EDGE('',*,*,#3974,.F.);
#5472=ORIENTED_EDGE('',*,*,#3975,.F.);
#5473=ORIENTED_EDGE('',*,*,#3976,.F.);
#5474=ORIENTED_EDGE('',*,*,#3977,.F.);
#5475=ORIENTED_EDGE('',*,*,#3978,.F.);
#5476=ORIENTED_EDGE('',*,*,#3979,.T.);
#5477=ORIENTED_EDGE('',*,*,#3980,.F.);
#5478=ORIENTED_EDGE('',*,*,#3981,.T.);
#5479=ORIENTED_EDGE('',*,*,#3982,.F.);
#5480=ORIENTED_EDGE('',*,*,#3973,.F.);
#5481=ORIENTED_EDGE('',*,*,#3983,.F.);
#5482=ORIENTED_EDGE('',*,*,#3979,.F.);
#5483=ORIENTED_EDGE('',*,*,#3984,.F.);
#5484=ORIENTED_EDGE('',*,*,#3985,.T.);
#5485=ORIENTED_EDGE('',*,*,#3986,.F.);
#5486=ORIENTED_EDGE('',*,*,#3975,.T.);
#5487=ORIENTED_EDGE('',*,*,#3987,.F.);
#5488=ORIENTED_EDGE('',*,*,#3988,.F.);
#5489=ORIENTED_EDGE('',*,*,#3989,.F.);
#5490=ORIENTED_EDGE('',*,*,#3988,.T.);
#5491=ORIENTED_EDGE('',*,*,#3957,.F.);
#5492=ORIENTED_EDGE('',*,*,#3981,.F.);
#5493=ORIENTED_EDGE('',*,*,#3990,.F.);
#5494=ORIENTED_EDGE('',*,*,#3985,.F.);
#5495=ORIENTED_EDGE('',*,*,#3964,.F.);
#5496=ORIENTED_EDGE('',*,*,#3991,.T.);
#5497=ORIENTED_EDGE('',*,*,#3992,.F.);
#5498=ORIENTED_EDGE('',*,*,#3991,.F.);
#5499=ORIENTED_EDGE('',*,*,#3969,.F.);
#5500=ORIENTED_EDGE('',*,*,#3977,.T.);
#5501=ORIENTED_EDGE('',*,*,#3984,.T.);
#5502=ORIENTED_EDGE('',*,*,#3993,.F.);
#5503=ORIENTED_EDGE('',*,*,#3994,.F.);
#5504=ORIENTED_EDGE('',*,*,#3965,.F.);
#5505=ORIENTED_EDGE('',*,*,#3982,.T.);
#5506=ORIENTED_EDGE('',*,*,#3956,.F.);
#5507=ORIENTED_EDGE('',*,*,#3995,.F.);
#5508=ORIENTED_EDGE('',*,*,#3996,.F.);
#5509=ORIENTED_EDGE('',*,*,#3997,.F.);
#5510=ORIENTED_EDGE('',*,*,#3998,.T.);
#5511=ORIENTED_EDGE('',*,*,#3999,.F.);
#5512=ORIENTED_EDGE('',*,*,#4000,.F.);
#5513=ORIENTED_EDGE('',*,*,#3990,.T.);
#5514=ORIENTED_EDGE('',*,*,#3992,.T.);
#5515=ORIENTED_EDGE('',*,*,#3976,.T.);
#5516=ORIENTED_EDGE('',*,*,#3983,.T.);
#5517=ORIENTED_EDGE('',*,*,#4001,.F.);
#5518=ORIENTED_EDGE('',*,*,#4000,.T.);
#5519=ORIENTED_EDGE('',*,*,#4002,.F.);
#5520=ORIENTED_EDGE('',*,*,#4003,.F.);
#5521=ORIENTED_EDGE('',*,*,#4004,.F.);
#5522=ORIENTED_EDGE('',*,*,#4003,.T.);
#5523=ORIENTED_EDGE('',*,*,#4005,.F.);
#5524=ORIENTED_EDGE('',*,*,#4006,.F.);
#5525=ORIENTED_EDGE('',*,*,#3989,.T.);
#5526=ORIENTED_EDGE('',*,*,#3980,.T.);
#5527=ORIENTED_EDGE('',*,*,#3972,.T.);
#5528=ORIENTED_EDGE('',*,*,#3986,.T.);
#5529=ORIENTED_EDGE('',*,*,#4007,.F.);
#5530=ORIENTED_EDGE('',*,*,#4006,.T.);
#5531=ORIENTED_EDGE('',*,*,#4008,.F.);
#5532=ORIENTED_EDGE('',*,*,#3998,.F.);
#5533=ORIENTED_EDGE('',*,*,#4009,.T.);
#5534=ORIENTED_EDGE('',*,*,#4010,.T.);
#5535=ORIENTED_EDGE('',*,*,#4011,.T.);
#5536=ORIENTED_EDGE('',*,*,#3995,.T.);
#5537=ORIENTED_EDGE('',*,*,#3955,.T.);
#5538=ORIENTED_EDGE('',*,*,#3961,.T.);
#5539=ORIENTED_EDGE('',*,*,#3966,.T.);
#5540=ORIENTED_EDGE('',*,*,#3994,.T.);
#5541=ORIENTED_EDGE('',*,*,#4004,.T.);
#5542=ORIENTED_EDGE('',*,*,#4007,.T.);
#5543=ORIENTED_EDGE('',*,*,#3997,.T.);
#5544=ORIENTED_EDGE('',*,*,#4001,.T.);
#5545=ORIENTED_EDGE('',*,*,#3958,.F.);
#5546=ORIENTED_EDGE('',*,*,#3987,.T.);
#5547=ORIENTED_EDGE('',*,*,#4012,.F.);
#5548=ORIENTED_EDGE('',*,*,#4013,.F.);
#5549=ORIENTED_EDGE('',*,*,#4014,.F.);
#5550=ORIENTED_EDGE('',*,*,#4012,.T.);
#5551=ORIENTED_EDGE('',*,*,#3974,.T.);
#5552=ORIENTED_EDGE('',*,*,#3996,.T.);
#5553=ORIENTED_EDGE('',*,*,#4011,.F.);
#5554=ORIENTED_EDGE('',*,*,#4015,.T.);
#5555=ORIENTED_EDGE('',*,*,#4016,.T.);
#5556=ORIENTED_EDGE('',*,*,#4015,.F.);
#5557=ORIENTED_EDGE('',*,*,#4010,.F.);
#5558=ORIENTED_EDGE('',*,*,#4017,.F.);
#5559=ORIENTED_EDGE('',*,*,#4018,.F.);
#5560=ORIENTED_EDGE('',*,*,#4017,.T.);
#5561=ORIENTED_EDGE('',*,*,#4009,.F.);
#5562=ORIENTED_EDGE('',*,*,#3993,.T.);
#5563=ORIENTED_EDGE('',*,*,#3978,.T.);
#5564=ORIENTED_EDGE('',*,*,#3968,.T.);
#5565=ORIENTED_EDGE('',*,*,#4019,.T.);
#5566=ORIENTED_EDGE('',*,*,#4020,.F.);
#5567=ORIENTED_EDGE('',*,*,#4021,.F.);
#5568=ORIENTED_EDGE('',*,*,#4022,.F.);
#5569=ORIENTED_EDGE('',*,*,#4023,.F.);
#5570=ORIENTED_EDGE('',*,*,#4024,.F.);
#5571=ORIENTED_EDGE('',*,*,#3932,.T.);
#5572=ORIENTED_EDGE('',*,*,#4025,.F.);
#5573=ORIENTED_EDGE('',*,*,#4026,.F.);
#5574=ORIENTED_EDGE('',*,*,#4027,.F.);
#5575=ORIENTED_EDGE('',*,*,#4028,.F.);
#5576=ORIENTED_EDGE('',*,*,#4027,.T.);
#5577=ORIENTED_EDGE('',*,*,#4029,.T.);
#5578=ORIENTED_EDGE('',*,*,#4020,.T.);
#5579=ORIENTED_EDGE('',*,*,#4030,.T.);
#5580=ORIENTED_EDGE('',*,*,#4031,.F.);
#5581=ORIENTED_EDGE('',*,*,#3925,.T.);
#5582=ORIENTED_EDGE('',*,*,#4028,.T.);
#5583=ORIENTED_EDGE('',*,*,#4032,.T.);
#5584=ORIENTED_EDGE('',*,*,#4033,.F.);
#5585=ORIENTED_EDGE('',*,*,#3959,.F.);
#5586=ORIENTED_EDGE('',*,*,#4034,.F.);
#5587=ORIENTED_EDGE('',*,*,#4035,.F.);
#5588=ORIENTED_EDGE('',*,*,#4036,.F.);
#5589=ORIENTED_EDGE('',*,*,#4037,.F.);
#5590=ORIENTED_EDGE('',*,*,#3923,.T.);
#5591=ORIENTED_EDGE('',*,*,#4036,.T.);
#5592=ORIENTED_EDGE('',*,*,#4038,.T.);
#5593=ORIENTED_EDGE('',*,*,#4023,.T.);
#5594=ORIENTED_EDGE('',*,*,#4039,.T.);
#5595=ORIENTED_EDGE('',*,*,#4026,.T.);
#5596=ORIENTED_EDGE('',*,*,#3924,.T.);
#5597=ORIENTED_EDGE('',*,*,#4037,.T.);
#5598=ORIENTED_EDGE('',*,*,#4040,.T.);
#5599=ORIENTED_EDGE('',*,*,#3967,.F.);
#5600=ORIENTED_EDGE('',*,*,#4041,.F.);
#5601=ORIENTED_EDGE('',*,*,#4042,.F.);
#5602=ORIENTED_EDGE('',*,*,#4041,.T.);
#5603=ORIENTED_EDGE('',*,*,#3962,.T.);
#5604=ORIENTED_EDGE('',*,*,#4033,.T.);
#5605=ORIENTED_EDGE('',*,*,#4043,.T.);
#5606=ORIENTED_EDGE('',*,*,#4035,.T.);
#5607=ORIENTED_EDGE('',*,*,#4044,.F.);
#5608=ORIENTED_EDGE('',*,*,#3970,.T.);
#5609=ORIENTED_EDGE('',*,*,#4042,.T.);
#5610=ORIENTED_EDGE('',*,*,#4045,.T.);
#5611=ORIENTED_EDGE('',*,*,#4024,.T.);
#5612=ORIENTED_EDGE('',*,*,#4046,.T.);
#5613=ORIENTED_EDGE('',*,*,#4034,.T.);
#5614=ORIENTED_EDGE('',*,*,#4014,.T.);
#5615=ORIENTED_EDGE('',*,*,#4047,.F.);
#5616=ORIENTED_EDGE('',*,*,#4021,.T.);
#5617=ORIENTED_EDGE('',*,*,#4048,.T.);
#5618=ORIENTED_EDGE('',*,*,#4025,.T.);
#5619=ORIENTED_EDGE('',*,*,#3931,.T.);
#5620=ORIENTED_EDGE('',*,*,#4039,.F.);
#5621=ORIENTED_EDGE('',*,*,#4048,.F.);
#5622=ORIENTED_EDGE('',*,*,#4029,.F.);
#5623=ORIENTED_EDGE('',*,*,#4040,.F.);
#5624=ORIENTED_EDGE('',*,*,#4043,.F.);
#5625=ORIENTED_EDGE('',*,*,#4046,.F.);
#5626=ORIENTED_EDGE('',*,*,#4038,.F.);
#5627=ORIENTED_EDGE('',*,*,#4045,.F.);
#5628=ORIENTED_EDGE('',*,*,#4049,.F.);
#5629=ORIENTED_EDGE('',*,*,#4050,.F.);
#5630=ORIENTED_EDGE('',*,*,#4013,.T.);
#5631=ORIENTED_EDGE('',*,*,#4016,.F.);
#5632=ORIENTED_EDGE('',*,*,#4051,.F.);
#5633=ORIENTED_EDGE('',*,*,#4052,.F.);
#5634=ORIENTED_EDGE('',*,*,#4019,.F.);
#5635=ORIENTED_EDGE('',*,*,#3971,.T.);
#5636=ORIENTED_EDGE('',*,*,#4052,.T.);
#5637=ORIENTED_EDGE('',*,*,#4053,.T.);
#5638=ORIENTED_EDGE('',*,*,#4049,.T.);
#5639=ORIENTED_EDGE('',*,*,#4018,.T.);
#5640=ORIENTED_EDGE('',*,*,#3948,.F.);
#5641=ORIENTED_EDGE('',*,*,#4054,.T.);
#5642=ORIENTED_EDGE('',*,*,#4051,.T.);
#5643=ORIENTED_EDGE('',*,*,#4044,.T.);
#5644=ORIENTED_EDGE('',*,*,#3922,.T.);
#5645=ORIENTED_EDGE('',*,*,#3947,.F.);
#5646=ORIENTED_EDGE('',*,*,#4055,.F.);
#5647=ORIENTED_EDGE('',*,*,#4053,.F.);
#5648=ORIENTED_EDGE('',*,*,#4054,.F.);
#5649=ORIENTED_EDGE('',*,*,#4008,.T.);
#5650=ORIENTED_EDGE('',*,*,#4005,.T.);
#5651=ORIENTED_EDGE('',*,*,#4002,.T.);
#5652=ORIENTED_EDGE('',*,*,#3999,.T.);
#5653=ORIENTED_EDGE('',*,*,#4056,.F.);
#5654=ORIENTED_EDGE('',*,*,#4032,.F.);
#5655=ORIENTED_EDGE('',*,*,#4030,.F.);
#5656=ORIENTED_EDGE('',*,*,#4057,.F.);
#5657=ORIENTED_EDGE('',*,*,#4058,.F.);
#5658=ORIENTED_EDGE('',*,*,#4057,.T.);
#5659=ORIENTED_EDGE('',*,*,#4022,.T.);
#5660=ORIENTED_EDGE('',*,*,#3930,.T.);
#5661=ORIENTED_EDGE('',*,*,#3946,.F.);
#5662=ORIENTED_EDGE('',*,*,#3933,.T.);
#5663=ORIENTED_EDGE('',*,*,#4047,.T.);
#5664=ORIENTED_EDGE('',*,*,#4050,.T.);
#5665=ORIENTED_EDGE('',*,*,#4055,.T.);
#5666=ORIENTED_EDGE('',*,*,#3912,.F.);
#5667=ORIENTED_EDGE('',*,*,#3926,.T.);
#5668=ORIENTED_EDGE('',*,*,#4031,.T.);
#5669=ORIENTED_EDGE('',*,*,#4056,.T.);
#5670=ORIENTED_EDGE('',*,*,#4058,.T.);
#5671=ORIENTED_EDGE('',*,*,#3929,.T.);
#5672=ORIENTED_EDGE('',*,*,#4059,.F.);
#5673=ORIENTED_EDGE('',*,*,#4060,.F.);
#5674=ORIENTED_EDGE('',*,*,#4061,.F.);
#5675=ORIENTED_EDGE('',*,*,#4062,.F.);
#5676=ORIENTED_EDGE('',*,*,#4063,.T.);
#5677=ORIENTED_EDGE('',*,*,#4060,.T.);
#5678=ORIENTED_EDGE('',*,*,#4064,.T.);
#5679=ORIENTED_EDGE('',*,*,#4065,.T.);
#5680=ORIENTED_EDGE('',*,*,#4066,.T.);
#5681=ORIENTED_EDGE('',*,*,#4061,.T.);
#5682=ORIENTED_EDGE('',*,*,#4067,.T.);
#5683=ORIENTED_EDGE('',*,*,#4068,.T.);
#5684=ORIENTED_EDGE('',*,*,#4069,.T.);
#5685=ORIENTED_EDGE('',*,*,#4062,.T.);
#5686=ORIENTED_EDGE('',*,*,#4070,.T.);
#5687=ORIENTED_EDGE('',*,*,#4071,.T.);
#5688=ORIENTED_EDGE('',*,*,#4066,.F.);
#5689=ORIENTED_EDGE('',*,*,#4072,.F.);
#5690=ORIENTED_EDGE('',*,*,#4070,.F.);
#5691=ORIENTED_EDGE('',*,*,#4073,.T.);
#5692=ORIENTED_EDGE('',*,*,#4059,.T.);
#5693=ORIENTED_EDGE('',*,*,#4074,.T.);
#5694=ORIENTED_EDGE('',*,*,#4075,.T.);
#5695=ORIENTED_EDGE('',*,*,#4076,.F.);
#5696=ORIENTED_EDGE('',*,*,#4074,.F.);
#5697=ORIENTED_EDGE('',*,*,#4069,.F.);
#5698=ORIENTED_EDGE('',*,*,#4077,.F.);
#5699=ORIENTED_EDGE('',*,*,#4067,.F.);
#5700=ORIENTED_EDGE('',*,*,#4063,.F.);
#5701=ORIENTED_EDGE('',*,*,#4073,.F.);
#5702=ORIENTED_EDGE('',*,*,#4078,.F.);
#5703=ORIENTED_EDGE('',*,*,#4064,.F.);
#5704=ORIENTED_EDGE('',*,*,#4079,.T.);
#5705=ORIENTED_EDGE('',*,*,#4080,.F.);
#5706=ORIENTED_EDGE('',*,*,#4081,.T.);
#5707=ORIENTED_EDGE('',*,*,#4077,.T.);
#5708=ORIENTED_EDGE('',*,*,#4082,.F.);
#5709=ORIENTED_EDGE('',*,*,#4083,.F.);
#5710=ORIENTED_EDGE('',*,*,#4079,.F.);
#5711=ORIENTED_EDGE('',*,*,#4065,.F.);
#5712=ORIENTED_EDGE('',*,*,#4084,.T.);
#5713=ORIENTED_EDGE('',*,*,#4085,.F.);
#5714=ORIENTED_EDGE('',*,*,#4082,.T.);
#5715=ORIENTED_EDGE('',*,*,#4078,.T.);
#5716=ORIENTED_EDGE('',*,*,#4086,.F.);
#5717=ORIENTED_EDGE('',*,*,#4087,.F.);
#5718=ORIENTED_EDGE('',*,*,#4088,.T.);
#5719=ORIENTED_EDGE('',*,*,#4089,.F.);
#5720=ORIENTED_EDGE('',*,*,#4090,.F.);
#5721=ORIENTED_EDGE('',*,*,#4091,.F.);
#5722=ORIENTED_EDGE('',*,*,#4092,.T.);
#5723=ORIENTED_EDGE('',*,*,#4093,.T.);
#5724=ORIENTED_EDGE('',*,*,#4094,.F.);
#5725=ORIENTED_EDGE('',*,*,#4095,.F.);
#5726=ORIENTED_EDGE('',*,*,#4096,.F.);
#5727=ORIENTED_EDGE('',*,*,#4097,.F.);
#5728=ORIENTED_EDGE('',*,*,#4098,.F.);
#5729=ORIENTED_EDGE('',*,*,#4099,.F.);
#5730=ORIENTED_EDGE('',*,*,#4100,.F.);
#5731=ORIENTED_EDGE('',*,*,#4101,.F.);
#5732=ORIENTED_EDGE('',*,*,#4102,.T.);
#5733=ORIENTED_EDGE('',*,*,#4103,.T.);
#5734=ORIENTED_EDGE('',*,*,#4104,.T.);
#5735=ORIENTED_EDGE('',*,*,#4105,.F.);
#5736=ORIENTED_EDGE('',*,*,#4106,.F.);
#5737=ORIENTED_EDGE('',*,*,#4107,.F.);
#5738=ORIENTED_EDGE('',*,*,#4108,.T.);
#5739=ORIENTED_EDGE('',*,*,#4109,.F.);
#5740=ORIENTED_EDGE('',*,*,#4084,.F.);
#5741=ORIENTED_EDGE('',*,*,#4075,.F.);
#5742=ORIENTED_EDGE('',*,*,#4110,.T.);
#5743=ORIENTED_EDGE('',*,*,#4111,.T.);
#5744=ORIENTED_EDGE('',*,*,#4112,.T.);
#5745=ORIENTED_EDGE('',*,*,#4103,.F.);
#5746=ORIENTED_EDGE('',*,*,#4113,.F.);
#5747=ORIENTED_EDGE('',*,*,#4114,.F.);
#5748=ORIENTED_EDGE('',*,*,#4115,.F.);
#5749=ORIENTED_EDGE('',*,*,#4116,.F.);
#5750=ORIENTED_EDGE('',*,*,#4117,.F.);
#5751=ORIENTED_EDGE('',*,*,#4104,.F.);
#5752=ORIENTED_EDGE('',*,*,#4112,.F.);
#5753=ORIENTED_EDGE('',*,*,#4118,.T.);
#5754=ORIENTED_EDGE('',*,*,#4117,.T.);
#5755=ORIENTED_EDGE('',*,*,#4119,.F.);
#5756=ORIENTED_EDGE('',*,*,#4116,.T.);
#5757=ORIENTED_EDGE('',*,*,#4120,.T.);
#5758=ORIENTED_EDGE('',*,*,#4115,.T.);
#5759=ORIENTED_EDGE('',*,*,#4121,.T.);
#5760=ORIENTED_EDGE('',*,*,#4105,.T.);
#5761=ORIENTED_EDGE('',*,*,#4120,.F.);
#5762=ORIENTED_EDGE('',*,*,#4122,.T.);
#5763=ORIENTED_EDGE('',*,*,#4114,.T.);
#5764=ORIENTED_EDGE('',*,*,#4123,.T.);
#5765=ORIENTED_EDGE('',*,*,#4124,.T.);
#5766=ORIENTED_EDGE('',*,*,#4125,.T.);
#5767=ORIENTED_EDGE('',*,*,#4126,.T.);
#5768=ORIENTED_EDGE('',*,*,#4113,.T.);
#5769=ORIENTED_EDGE('',*,*,#4119,.T.);
#5770=ORIENTED_EDGE('',*,*,#4123,.F.);
#5771=ORIENTED_EDGE('',*,*,#4126,.F.);
#5772=ORIENTED_EDGE('',*,*,#4127,.F.);
#5773=ORIENTED_EDGE('',*,*,#4121,.F.);
#5774=ORIENTED_EDGE('',*,*,#4122,.F.);
#5775=ORIENTED_EDGE('',*,*,#4128,.F.);
#5776=ORIENTED_EDGE('',*,*,#4129,.T.);
#5777=ORIENTED_EDGE('',*,*,#4130,.F.);
#5778=ORIENTED_EDGE('',*,*,#4131,.T.);
#5779=ORIENTED_EDGE('',*,*,#4127,.T.);
#5780=ORIENTED_EDGE('',*,*,#4081,.F.);
#5781=ORIENTED_EDGE('',*,*,#4132,.F.);
#5782=ORIENTED_EDGE('',*,*,#4133,.T.);
#5783=ORIENTED_EDGE('',*,*,#4134,.F.);
#5784=ORIENTED_EDGE('',*,*,#4129,.F.);
#5785=ORIENTED_EDGE('',*,*,#4125,.F.);
#5786=ORIENTED_EDGE('',*,*,#4118,.F.);
#5787=ORIENTED_EDGE('',*,*,#4111,.F.);
#5788=ORIENTED_EDGE('',*,*,#4135,.F.);
#5789=ORIENTED_EDGE('',*,*,#4136,.T.);
#5790=ORIENTED_EDGE('',*,*,#4137,.T.);
#5791=ORIENTED_EDGE('',*,*,#4138,.T.);
#5792=ORIENTED_EDGE('',*,*,#4139,.T.);
#5793=ORIENTED_EDGE('',*,*,#4140,.T.);
#5794=ORIENTED_EDGE('',*,*,#4141,.T.);
#5795=ORIENTED_EDGE('',*,*,#4142,.T.);
#5796=ORIENTED_EDGE('',*,*,#4143,.T.);
#5797=ORIENTED_EDGE('',*,*,#4144,.T.);
#5798=ORIENTED_EDGE('',*,*,#4145,.T.);
#5799=ORIENTED_EDGE('',*,*,#4146,.F.);
#5800=ORIENTED_EDGE('',*,*,#4147,.F.);
#5801=ORIENTED_EDGE('',*,*,#4148,.F.);
#5802=ORIENTED_EDGE('',*,*,#4149,.T.);
#5803=ORIENTED_EDGE('',*,*,#4150,.F.);
#5804=ORIENTED_EDGE('',*,*,#4151,.F.);
#5805=ORIENTED_EDGE('',*,*,#4068,.F.);
#5806=ORIENTED_EDGE('',*,*,#4102,.F.);
#5807=ORIENTED_EDGE('',*,*,#4152,.T.);
#5808=ORIENTED_EDGE('',*,*,#4135,.T.);
#5809=ORIENTED_EDGE('',*,*,#4110,.F.);
#5810=ORIENTED_EDGE('',*,*,#4153,.T.);
#5811=ORIENTED_EDGE('',*,*,#4154,.T.);
#5812=ORIENTED_EDGE('',*,*,#4155,.T.);
#5813=ORIENTED_EDGE('',*,*,#4156,.T.);
#5814=ORIENTED_EDGE('',*,*,#4157,.F.);
#5815=ORIENTED_EDGE('',*,*,#4158,.F.);
#5816=ORIENTED_EDGE('',*,*,#4159,.F.);
#5817=ORIENTED_EDGE('',*,*,#4160,.F.);
#5818=ORIENTED_EDGE('',*,*,#4161,.F.);
#5819=ORIENTED_EDGE('',*,*,#4162,.F.);
#5820=ORIENTED_EDGE('',*,*,#4163,.T.);
#5821=ORIENTED_EDGE('',*,*,#4161,.T.);
#5822=ORIENTED_EDGE('',*,*,#4146,.T.);
#5823=ORIENTED_EDGE('',*,*,#4154,.F.);
#5824=ORIENTED_EDGE('',*,*,#4158,.T.);
#5825=ORIENTED_EDGE('',*,*,#4164,.T.);
#5826=ORIENTED_EDGE('',*,*,#4162,.T.);
#5827=ORIENTED_EDGE('',*,*,#4165,.T.);
#5828=ORIENTED_EDGE('',*,*,#4091,.T.);
#5829=ORIENTED_EDGE('',*,*,#4159,.T.);
#5830=ORIENTED_EDGE('',*,*,#4166,.T.);
#5831=ORIENTED_EDGE('',*,*,#4156,.F.);
#5832=ORIENTED_EDGE('',*,*,#4153,.F.);
#5833=ORIENTED_EDGE('',*,*,#4166,.F.);
#5834=ORIENTED_EDGE('',*,*,#4165,.F.);
#5835=ORIENTED_EDGE('',*,*,#4163,.F.);
#5836=ORIENTED_EDGE('',*,*,#4167,.T.);
#5837=ORIENTED_EDGE('',*,*,#4093,.F.);
#5838=ORIENTED_EDGE('',*,*,#4168,.F.);
#5839=ORIENTED_EDGE('',*,*,#4144,.F.);
#5840=ORIENTED_EDGE('',*,*,#4155,.F.);
#5841=ORIENTED_EDGE('',*,*,#4145,.F.);
#5842=ORIENTED_EDGE('',*,*,#4168,.T.);
#5843=ORIENTED_EDGE('',*,*,#4092,.F.);
#5844=ORIENTED_EDGE('',*,*,#4090,.T.);
#5845=ORIENTED_EDGE('',*,*,#4169,.F.);
#5846=ORIENTED_EDGE('',*,*,#4170,.T.);
#5847=ORIENTED_EDGE('',*,*,#4157,.T.);
#5848=ORIENTED_EDGE('',*,*,#4143,.F.);
#5849=ORIENTED_EDGE('',*,*,#4171,.F.);
#5850=ORIENTED_EDGE('',*,*,#4094,.T.);
#5851=ORIENTED_EDGE('',*,*,#4167,.F.);
#5852=ORIENTED_EDGE('',*,*,#4172,.T.);
#5853=ORIENTED_EDGE('',*,*,#4173,.F.);
#5854=ORIENTED_EDGE('',*,*,#4086,.T.);
#5855=ORIENTED_EDGE('',*,*,#4076,.T.);
#5856=ORIENTED_EDGE('',*,*,#4174,.F.);
#5857=ORIENTED_EDGE('',*,*,#4175,.F.);
#5858=ORIENTED_EDGE('',*,*,#4172,.F.);
#5859=ORIENTED_EDGE('',*,*,#4071,.F.);
#5860=ORIENTED_EDGE('',*,*,#4151,.T.);
#5861=ORIENTED_EDGE('',*,*,#4176,.F.);
#5862=ORIENTED_EDGE('',*,*,#4174,.T.);
#5863=ORIENTED_EDGE('',*,*,#4072,.T.);
#5864=ORIENTED_EDGE('',*,*,#4177,.T.);
#5865=ORIENTED_EDGE('',*,*,#4178,.F.);
#5866=ORIENTED_EDGE('',*,*,#4147,.T.);
#5867=ORIENTED_EDGE('',*,*,#4160,.T.);
#5868=ORIENTED_EDGE('',*,*,#4170,.F.);
#5869=ORIENTED_EDGE('',*,*,#4179,.F.);
#5870=ORIENTED_EDGE('',*,*,#4177,.F.);
#5871=ORIENTED_EDGE('',*,*,#4164,.F.);
#5872=ORIENTED_EDGE('',*,*,#4180,.T.);
#5873=ORIENTED_EDGE('',*,*,#4085,.T.);
#5874=ORIENTED_EDGE('',*,*,#4109,.T.);
#5875=ORIENTED_EDGE('',*,*,#4181,.T.);
#5876=ORIENTED_EDGE('',*,*,#4182,.T.);
#5877=ORIENTED_EDGE('',*,*,#4083,.T.);
#5878=ORIENTED_EDGE('',*,*,#4180,.F.);
#5879=ORIENTED_EDGE('',*,*,#4183,.F.);
#5880=ORIENTED_EDGE('',*,*,#4182,.F.);
#5881=ORIENTED_EDGE('',*,*,#4184,.T.);
#5882=ORIENTED_EDGE('',*,*,#4132,.T.);
#5883=ORIENTED_EDGE('',*,*,#4080,.T.);
#5884=ORIENTED_EDGE('',*,*,#4181,.F.);
#5885=ORIENTED_EDGE('',*,*,#4108,.F.);
#5886=ORIENTED_EDGE('',*,*,#4185,.F.);
#5887=ORIENTED_EDGE('',*,*,#4184,.F.);
#5888=ORIENTED_EDGE('',*,*,#4186,.F.);
#5889=ORIENTED_EDGE('',*,*,#4133,.F.);
#5890=ORIENTED_EDGE('',*,*,#4187,.T.);
#5891=ORIENTED_EDGE('',*,*,#4176,.T.);
#5892=ORIENTED_EDGE('',*,*,#4150,.T.);
#5893=ORIENTED_EDGE('',*,*,#4188,.T.);
#5894=ORIENTED_EDGE('',*,*,#4189,.F.);
#5895=ORIENTED_EDGE('',*,*,#4190,.T.);
#5896=ORIENTED_EDGE('',*,*,#4087,.T.);
#5897=ORIENTED_EDGE('',*,*,#4173,.T.);
#5898=ORIENTED_EDGE('',*,*,#4188,.F.);
#5899=ORIENTED_EDGE('',*,*,#4149,.F.);
#5900=ORIENTED_EDGE('',*,*,#4191,.F.);
#5901=ORIENTED_EDGE('',*,*,#4190,.F.);
#5902=ORIENTED_EDGE('',*,*,#4192,.F.);
#5903=ORIENTED_EDGE('',*,*,#4088,.F.);
#5904=ORIENTED_EDGE('',*,*,#4193,.T.);
#5905=ORIENTED_EDGE('',*,*,#4130,.T.);
#5906=ORIENTED_EDGE('',*,*,#4134,.T.);
#5907=ORIENTED_EDGE('',*,*,#4186,.T.);
#5908=ORIENTED_EDGE('',*,*,#4194,.T.);
#5909=ORIENTED_EDGE('',*,*,#4195,.T.);
#5910=ORIENTED_EDGE('',*,*,#4193,.F.);
#5911=ORIENTED_EDGE('',*,*,#4183,.T.);
#5912=ORIENTED_EDGE('',*,*,#4107,.T.);
#5913=ORIENTED_EDGE('',*,*,#4196,.T.);
#5914=ORIENTED_EDGE('',*,*,#4194,.F.);
#5915=ORIENTED_EDGE('',*,*,#4185,.T.);
#5916=ORIENTED_EDGE('',*,*,#4197,.T.);
#5917=ORIENTED_EDGE('',*,*,#4169,.T.);
#5918=ORIENTED_EDGE('',*,*,#4089,.T.);
#5919=ORIENTED_EDGE('',*,*,#4192,.T.);
#5920=ORIENTED_EDGE('',*,*,#4198,.T.);
#5921=ORIENTED_EDGE('',*,*,#4179,.T.);
#5922=ORIENTED_EDGE('',*,*,#4197,.F.);
#5923=ORIENTED_EDGE('',*,*,#4189,.T.);
#5924=ORIENTED_EDGE('',*,*,#4175,.T.);
#5925=ORIENTED_EDGE('',*,*,#4187,.F.);
#5926=ORIENTED_EDGE('',*,*,#4148,.T.);
#5927=ORIENTED_EDGE('',*,*,#4178,.T.);
#5928=ORIENTED_EDGE('',*,*,#4198,.F.);
#5929=ORIENTED_EDGE('',*,*,#4191,.T.);
#5930=ORIENTED_EDGE('',*,*,#4199,.T.);
#5931=ORIENTED_EDGE('',*,*,#4196,.F.);
#5932=ORIENTED_EDGE('',*,*,#4106,.T.);
#5933=ORIENTED_EDGE('',*,*,#4128,.T.);
#5934=ORIENTED_EDGE('',*,*,#4131,.F.);
#5935=ORIENTED_EDGE('',*,*,#4195,.F.);
#5936=ORIENTED_EDGE('',*,*,#4199,.F.);
#5937=ORIENTED_EDGE('',*,*,#4124,.F.);
#5938=ORIENTED_EDGE('',*,*,#4200,.T.);
#5939=ORIENTED_EDGE('',*,*,#4098,.T.);
#5940=ORIENTED_EDGE('',*,*,#4201,.F.);
#5941=ORIENTED_EDGE('',*,*,#4139,.F.);
#5942=ORIENTED_EDGE('',*,*,#4095,.T.);
#5943=ORIENTED_EDGE('',*,*,#4171,.T.);
#5944=ORIENTED_EDGE('',*,*,#4142,.F.);
#5945=ORIENTED_EDGE('',*,*,#4202,.F.);
#5946=ORIENTED_EDGE('',*,*,#4101,.T.);
#5947=ORIENTED_EDGE('',*,*,#4203,.T.);
#5948=ORIENTED_EDGE('',*,*,#4136,.F.);
#5949=ORIENTED_EDGE('',*,*,#4152,.F.);
#5950=ORIENTED_EDGE('',*,*,#4204,.F.);
#5951=ORIENTED_EDGE('',*,*,#4140,.F.);
#5952=ORIENTED_EDGE('',*,*,#4201,.T.);
#5953=ORIENTED_EDGE('',*,*,#4097,.T.);
#5954=ORIENTED_EDGE('',*,*,#4205,.F.);
#5955=ORIENTED_EDGE('',*,*,#4099,.T.);
#5956=ORIENTED_EDGE('',*,*,#4200,.F.);
#5957=ORIENTED_EDGE('',*,*,#4138,.F.);
#5958=ORIENTED_EDGE('',*,*,#4203,.F.);
#5959=ORIENTED_EDGE('',*,*,#4100,.T.);
#5960=ORIENTED_EDGE('',*,*,#4205,.T.);
#5961=ORIENTED_EDGE('',*,*,#4137,.F.);
#5962=ORIENTED_EDGE('',*,*,#4202,.T.);
#5963=ORIENTED_EDGE('',*,*,#4141,.F.);
#5964=ORIENTED_EDGE('',*,*,#4204,.T.);
#5965=ORIENTED_EDGE('',*,*,#4096,.T.);
#5966=ORIENTED_EDGE('',*,*,#4206,.F.);
#5967=ORIENTED_EDGE('',*,*,#4207,.T.);
#5968=ORIENTED_EDGE('',*,*,#4208,.F.);
#5969=ORIENTED_EDGE('',*,*,#4209,.T.);
#5970=ORIENTED_EDGE('',*,*,#4210,.T.);
#5971=ORIENTED_EDGE('',*,*,#4211,.T.);
#5972=ORIENTED_EDGE('',*,*,#4212,.F.);
#5973=ORIENTED_EDGE('',*,*,#4213,.T.);
#5974=ORIENTED_EDGE('',*,*,#4214,.T.);
#5975=ORIENTED_EDGE('',*,*,#4215,.T.);
#5976=ORIENTED_EDGE('',*,*,#4216,.F.);
#5977=ORIENTED_EDGE('',*,*,#4217,.T.);
#5978=ORIENTED_EDGE('',*,*,#4208,.T.);
#5979=ORIENTED_EDGE('',*,*,#4218,.T.);
#5980=ORIENTED_EDGE('',*,*,#4216,.T.);
#5981=ORIENTED_EDGE('',*,*,#4219,.T.);
#5982=ORIENTED_EDGE('',*,*,#4220,.T.);
#5983=ORIENTED_EDGE('',*,*,#4221,.T.);
#5984=ORIENTED_EDGE('',*,*,#4222,.T.);
#5985=ORIENTED_EDGE('',*,*,#4223,.T.);
#5986=ORIENTED_EDGE('',*,*,#4224,.T.);
#5987=ORIENTED_EDGE('',*,*,#4225,.T.);
#5988=ORIENTED_EDGE('',*,*,#4226,.T.);
#5989=ORIENTED_EDGE('',*,*,#4227,.T.);
#5990=ORIENTED_EDGE('',*,*,#4225,.F.);
#5991=ORIENTED_EDGE('',*,*,#4228,.T.);
#5992=ORIENTED_EDGE('',*,*,#4229,.F.);
#5993=ORIENTED_EDGE('',*,*,#4230,.F.);
#5994=ORIENTED_EDGE('',*,*,#4224,.F.);
#5995=ORIENTED_EDGE('',*,*,#4231,.T.);
#5996=ORIENTED_EDGE('',*,*,#4232,.F.);
#5997=ORIENTED_EDGE('',*,*,#4228,.F.);
#5998=ORIENTED_EDGE('',*,*,#4233,.T.);
#5999=ORIENTED_EDGE('',*,*,#4234,.T.);
#6000=ORIENTED_EDGE('',*,*,#4235,.T.);
#6001=ORIENTED_EDGE('',*,*,#4236,.T.);
#6002=ORIENTED_EDGE('',*,*,#4227,.F.);
#6003=ORIENTED_EDGE('',*,*,#4237,.T.);
#6004=ORIENTED_EDGE('',*,*,#4238,.F.);
#6005=ORIENTED_EDGE('',*,*,#4231,.F.);
#6006=ORIENTED_EDGE('',*,*,#4226,.F.);
#6007=ORIENTED_EDGE('',*,*,#4230,.T.);
#6008=ORIENTED_EDGE('',*,*,#4239,.F.);
#6009=ORIENTED_EDGE('',*,*,#4237,.F.);
#6010=ORIENTED_EDGE('',*,*,#4240,.T.);
#6011=ORIENTED_EDGE('',*,*,#4241,.T.);
#6012=ORIENTED_EDGE('',*,*,#4242,.T.);
#6013=ORIENTED_EDGE('',*,*,#4243,.T.);
#6014=ORIENTED_EDGE('',*,*,#4244,.T.);
#6015=ORIENTED_EDGE('',*,*,#4245,.F.);
#6016=ORIENTED_EDGE('',*,*,#4219,.F.);
#6017=ORIENTED_EDGE('',*,*,#4215,.F.);
#6018=ORIENTED_EDGE('',*,*,#4246,.T.);
#6019=ORIENTED_EDGE('',*,*,#4209,.F.);
#6020=ORIENTED_EDGE('',*,*,#4223,.F.);
#6021=ORIENTED_EDGE('',*,*,#4247,.F.);
#6022=ORIENTED_EDGE('',*,*,#4241,.F.);
#6023=ORIENTED_EDGE('',*,*,#4248,.F.);
#6024=ORIENTED_EDGE('',*,*,#4249,.F.);
#6025=ORIENTED_EDGE('',*,*,#4250,.T.);
#6026=ORIENTED_EDGE('',*,*,#4240,.F.);
#6027=ORIENTED_EDGE('',*,*,#4251,.F.);
#6028=ORIENTED_EDGE('',*,*,#4252,.F.);
#6029=ORIENTED_EDGE('',*,*,#4248,.T.);
#6030=ORIENTED_EDGE('',*,*,#4233,.F.);
#6031=ORIENTED_EDGE('',*,*,#4253,.T.);
#6032=ORIENTED_EDGE('',*,*,#4254,.F.);
#6033=ORIENTED_EDGE('',*,*,#4255,.F.);
#6034=ORIENTED_EDGE('',*,*,#4236,.F.);
#6035=ORIENTED_EDGE('',*,*,#4256,.T.);
#6036=ORIENTED_EDGE('',*,*,#4257,.F.);
#6037=ORIENTED_EDGE('',*,*,#4253,.F.);
#6038=ORIENTED_EDGE('',*,*,#4243,.F.);
#6039=ORIENTED_EDGE('',*,*,#4258,.F.);
#6040=ORIENTED_EDGE('',*,*,#4246,.F.);
#6041=ORIENTED_EDGE('',*,*,#4251,.T.);
#6042=ORIENTED_EDGE('',*,*,#4234,.F.);
#6043=ORIENTED_EDGE('',*,*,#4255,.T.);
#6044=ORIENTED_EDGE('',*,*,#4244,.F.);
#6045=ORIENTED_EDGE('',*,*,#4259,.F.);
#6046=ORIENTED_EDGE('',*,*,#4242,.F.);
#6047=ORIENTED_EDGE('',*,*,#4250,.F.);
#6048=ORIENTED_EDGE('',*,*,#4210,.F.);
#6049=ORIENTED_EDGE('',*,*,#4258,.T.);
#6050=ORIENTED_EDGE('',*,*,#4235,.F.);
#6051=ORIENTED_EDGE('',*,*,#4259,.T.);
#6052=ORIENTED_EDGE('',*,*,#4214,.F.);
#6053=ORIENTED_EDGE('',*,*,#4256,.F.);
#6054=ORIENTED_EDGE('',*,*,#4260,.F.);
#6055=ORIENTED_EDGE('',*,*,#4261,.T.);
#6056=ORIENTED_EDGE('',*,*,#4252,.T.);
#6057=ORIENTED_EDGE('',*,*,#4247,.T.);
#6058=ORIENTED_EDGE('',*,*,#4222,.F.);
#6059=ORIENTED_EDGE('',*,*,#4262,.T.);
#6060=ORIENTED_EDGE('',*,*,#4263,.F.);
#6061=ORIENTED_EDGE('',*,*,#4264,.T.);
#6062=ORIENTED_EDGE('',*,*,#4220,.F.);
#6063=ORIENTED_EDGE('',*,*,#4245,.T.);
#6064=ORIENTED_EDGE('',*,*,#4254,.T.);
#6065=ORIENTED_EDGE('',*,*,#4265,.T.);
#6066=ORIENTED_EDGE('',*,*,#4229,.T.);
#6067=ORIENTED_EDGE('',*,*,#4232,.T.);
#6068=ORIENTED_EDGE('',*,*,#4238,.T.);
#6069=ORIENTED_EDGE('',*,*,#4239,.T.);
#6070=ORIENTED_EDGE('',*,*,#4266,.F.);
#6071=ORIENTED_EDGE('',*,*,#4267,.F.);
#6072=ORIENTED_EDGE('',*,*,#4268,.F.);
#6073=ORIENTED_EDGE('',*,*,#4262,.F.);
#6074=ORIENTED_EDGE('',*,*,#4221,.F.);
#6075=ORIENTED_EDGE('',*,*,#4264,.F.);
#6076=ORIENTED_EDGE('',*,*,#4263,.T.);
#6077=ORIENTED_EDGE('',*,*,#4269,.T.);
#6078=ORIENTED_EDGE('',*,*,#4270,.T.);
#6079=ORIENTED_EDGE('',*,*,#4266,.T.);
#6080=ORIENTED_EDGE('',*,*,#4271,.F.);
#6081=ORIENTED_EDGE('',*,*,#4272,.F.);
#6082=ORIENTED_EDGE('',*,*,#4273,.T.);
#6083=ORIENTED_EDGE('',*,*,#4274,.F.);
#6084=ORIENTED_EDGE('',*,*,#4275,.F.);
#6085=ORIENTED_EDGE('',*,*,#4269,.F.);
#6086=ORIENTED_EDGE('',*,*,#4265,.F.);
#6087=ORIENTED_EDGE('',*,*,#4257,.T.);
#6088=ORIENTED_EDGE('',*,*,#4213,.F.);
#6089=ORIENTED_EDGE('',*,*,#4212,.T.);
#6090=ORIENTED_EDGE('',*,*,#4276,.T.);
#6091=ORIENTED_EDGE('',*,*,#4277,.T.);
#6092=ORIENTED_EDGE('',*,*,#4271,.T.);
#6093=ORIENTED_EDGE('',*,*,#4260,.T.);
#6094=ORIENTED_EDGE('',*,*,#4268,.T.);
#6095=ORIENTED_EDGE('',*,*,#4278,.T.);
#6096=ORIENTED_EDGE('',*,*,#4279,.T.);
#6097=ORIENTED_EDGE('',*,*,#4280,.T.);
#6098=ORIENTED_EDGE('',*,*,#4267,.T.);
#6099=ORIENTED_EDGE('',*,*,#4281,.T.);
#6100=ORIENTED_EDGE('',*,*,#4282,.T.);
#6101=ORIENTED_EDGE('',*,*,#4278,.F.);
#6102=ORIENTED_EDGE('',*,*,#4280,.F.);
#6103=ORIENTED_EDGE('',*,*,#4283,.F.);
#6104=ORIENTED_EDGE('',*,*,#4284,.T.);
#6105=ORIENTED_EDGE('',*,*,#4275,.T.);
#6106=ORIENTED_EDGE('',*,*,#4285,.F.);
#6107=ORIENTED_EDGE('',*,*,#4281,.F.);
#6108=ORIENTED_EDGE('',*,*,#4270,.F.);
#6109=ORIENTED_EDGE('',*,*,#4286,.F.);
#6110=ORIENTED_EDGE('',*,*,#4287,.F.);
#6111=ORIENTED_EDGE('',*,*,#4276,.F.);
#6112=ORIENTED_EDGE('',*,*,#4217,.F.);
#6113=ORIENTED_EDGE('',*,*,#4218,.F.);
#6114=ORIENTED_EDGE('',*,*,#4207,.F.);
#6115=ORIENTED_EDGE('',*,*,#4288,.T.);
#6116=ORIENTED_EDGE('',*,*,#4289,.F.);
#6117=ORIENTED_EDGE('',*,*,#4290,.F.);
#6118=ORIENTED_EDGE('',*,*,#4291,.F.);
#6119=ORIENTED_EDGE('',*,*,#4292,.T.);
#6120=ORIENTED_EDGE('',*,*,#4291,.T.);
#6121=ORIENTED_EDGE('',*,*,#4293,.T.);
#6122=ORIENTED_EDGE('',*,*,#4294,.T.);
#6123=ORIENTED_EDGE('',*,*,#4206,.T.);
#6124=ORIENTED_EDGE('',*,*,#4295,.T.);
#6125=ORIENTED_EDGE('',*,*,#4296,.T.);
#6126=ORIENTED_EDGE('',*,*,#4286,.T.);
#6127=ORIENTED_EDGE('',*,*,#4297,.T.);
#6128=ORIENTED_EDGE('',*,*,#4290,.T.);
#6129=ORIENTED_EDGE('',*,*,#4298,.T.);
#6130=ORIENTED_EDGE('',*,*,#4287,.T.);
#6131=ORIENTED_EDGE('',*,*,#4293,.F.);
#6132=ORIENTED_EDGE('',*,*,#4297,.F.);
#6133=ORIENTED_EDGE('',*,*,#4296,.F.);
#6134=ORIENTED_EDGE('',*,*,#4298,.F.);
#6135=ORIENTED_EDGE('',*,*,#4299,.F.);
#6136=ORIENTED_EDGE('',*,*,#4277,.F.);
#6137=ORIENTED_EDGE('',*,*,#4300,.T.);
#6138=ORIENTED_EDGE('',*,*,#4272,.T.);
#6139=ORIENTED_EDGE('',*,*,#4299,.T.);
#6140=ORIENTED_EDGE('',*,*,#4289,.T.);
#6141=ORIENTED_EDGE('',*,*,#4279,.F.);
#6142=ORIENTED_EDGE('',*,*,#4284,.F.);
#6143=ORIENTED_EDGE('',*,*,#4301,.F.);
#6144=ORIENTED_EDGE('',*,*,#4302,.T.);
#6145=ORIENTED_EDGE('',*,*,#4294,.F.);
#6146=ORIENTED_EDGE('',*,*,#4295,.F.);
#6147=ORIENTED_EDGE('',*,*,#4211,.F.);
#6148=ORIENTED_EDGE('',*,*,#4249,.T.);
#6149=ORIENTED_EDGE('',*,*,#4261,.F.);
#6150=ORIENTED_EDGE('',*,*,#4303,.T.);
#6151=ORIENTED_EDGE('',*,*,#4301,.T.);
#6152=ORIENTED_EDGE('',*,*,#4283,.T.);
#6153=ORIENTED_EDGE('',*,*,#4304,.T.);
#6154=ORIENTED_EDGE('',*,*,#4305,.T.);
#6155=ORIENTED_EDGE('',*,*,#4304,.F.);
#6156=ORIENTED_EDGE('',*,*,#4282,.F.);
#6157=ORIENTED_EDGE('',*,*,#4306,.F.);
#6158=ORIENTED_EDGE('',*,*,#4307,.T.);
#6159=ORIENTED_EDGE('',*,*,#4306,.T.);
#6160=ORIENTED_EDGE('',*,*,#4285,.T.);
#6161=ORIENTED_EDGE('',*,*,#4274,.T.);
#6162=ORIENTED_EDGE('',*,*,#4292,.F.);
#6163=ORIENTED_EDGE('',*,*,#4302,.F.);
#6164=ORIENTED_EDGE('',*,*,#4303,.F.);
#6165=ORIENTED_EDGE('',*,*,#4305,.F.);
#6166=ORIENTED_EDGE('',*,*,#4307,.F.);
#6167=ORIENTED_EDGE('',*,*,#4273,.F.);
#6168=ORIENTED_EDGE('',*,*,#4300,.F.);
#6169=ORIENTED_EDGE('',*,*,#4288,.F.);
#6170=ORIENTED_EDGE('',*,*,#4308,.T.);
#6171=ORIENTED_EDGE('',*,*,#4309,.T.);
#6172=ORIENTED_EDGE('',*,*,#4310,.T.);
#6173=ORIENTED_EDGE('',*,*,#4311,.T.);
#6174=ORIENTED_EDGE('',*,*,#4312,.T.);
#6175=ORIENTED_EDGE('',*,*,#4313,.T.);
#6176=ORIENTED_EDGE('',*,*,#4314,.T.);
#6177=ORIENTED_EDGE('',*,*,#4315,.T.);
#6178=ORIENTED_EDGE('',*,*,#4311,.F.);
#6179=ORIENTED_EDGE('',*,*,#4316,.T.);
#6180=ORIENTED_EDGE('',*,*,#4312,.F.);
#6181=ORIENTED_EDGE('',*,*,#4317,.F.);
#6182=ORIENTED_EDGE('',*,*,#4318,.T.);
#6183=ORIENTED_EDGE('',*,*,#4319,.T.);
#6184=ORIENTED_EDGE('',*,*,#4320,.T.);
#6185=ORIENTED_EDGE('',*,*,#4321,.T.);
#6186=ORIENTED_EDGE('',*,*,#4310,.F.);
#6187=ORIENTED_EDGE('',*,*,#4322,.T.);
#6188=ORIENTED_EDGE('',*,*,#4313,.F.);
#6189=ORIENTED_EDGE('',*,*,#4316,.F.);
#6190=ORIENTED_EDGE('',*,*,#4309,.F.);
#6191=ORIENTED_EDGE('',*,*,#4323,.T.);
#6192=ORIENTED_EDGE('',*,*,#4314,.F.);
#6193=ORIENTED_EDGE('',*,*,#4322,.F.);
#6194=ORIENTED_EDGE('',*,*,#4324,.T.);
#6195=ORIENTED_EDGE('',*,*,#4325,.T.);
#6196=ORIENTED_EDGE('',*,*,#4326,.T.);
#6197=ORIENTED_EDGE('',*,*,#4327,.T.);
#6198=ORIENTED_EDGE('',*,*,#4308,.F.);
#6199=ORIENTED_EDGE('',*,*,#4317,.T.);
#6200=ORIENTED_EDGE('',*,*,#4315,.F.);
#6201=ORIENTED_EDGE('',*,*,#4323,.F.);
#6202=ORIENTED_EDGE('',*,*,#4325,.F.);
#6203=ORIENTED_EDGE('',*,*,#4328,.F.);
#6204=ORIENTED_EDGE('',*,*,#4321,.F.);
#6205=ORIENTED_EDGE('',*,*,#4329,.T.);
#6206=ORIENTED_EDGE('',*,*,#4324,.F.);
#6207=ORIENTED_EDGE('',*,*,#4330,.F.);
#6208=ORIENTED_EDGE('',*,*,#4318,.F.);
#6209=ORIENTED_EDGE('',*,*,#4328,.T.);
#6210=ORIENTED_EDGE('',*,*,#4327,.F.);
#6211=ORIENTED_EDGE('',*,*,#4331,.F.);
#6212=ORIENTED_EDGE('',*,*,#4319,.F.);
#6213=ORIENTED_EDGE('',*,*,#4330,.T.);
#6214=ORIENTED_EDGE('',*,*,#4326,.F.);
#6215=ORIENTED_EDGE('',*,*,#4329,.F.);
#6216=ORIENTED_EDGE('',*,*,#4320,.F.);
#6217=ORIENTED_EDGE('',*,*,#4331,.T.);
#6218=ORIENTED_EDGE('',*,*,#4332,.T.);
#6219=ORIENTED_EDGE('',*,*,#4333,.T.);
#6220=ORIENTED_EDGE('',*,*,#4334,.F.);
#6221=ORIENTED_EDGE('',*,*,#4335,.T.);
#6222=ORIENTED_EDGE('',*,*,#4336,.F.);
#6223=ORIENTED_EDGE('',*,*,#4337,.T.);
#6224=ORIENTED_EDGE('',*,*,#4338,.F.);
#6225=ORIENTED_EDGE('',*,*,#4333,.F.);
#6226=ORIENTED_EDGE('',*,*,#4339,.T.);
#6227=ORIENTED_EDGE('',*,*,#4337,.F.);
#6228=ORIENTED_EDGE('',*,*,#4340,.F.);
#6229=ORIENTED_EDGE('',*,*,#4341,.F.);
#6230=ORIENTED_EDGE('',*,*,#4342,.F.);
#6231=ORIENTED_EDGE('',*,*,#4343,.F.);
#6232=ORIENTED_EDGE('',*,*,#4344,.F.);
#6233=ORIENTED_EDGE('',*,*,#4345,.F.);
#6234=ORIENTED_EDGE('',*,*,#4346,.T.);
#6235=ORIENTED_EDGE('',*,*,#4339,.F.);
#6236=ORIENTED_EDGE('',*,*,#4332,.F.);
#6237=ORIENTED_EDGE('',*,*,#4346,.F.);
#6238=ORIENTED_EDGE('',*,*,#4347,.F.);
#6239=ORIENTED_EDGE('',*,*,#4348,.T.);
#6240=ORIENTED_EDGE('',*,*,#4349,.T.);
#6241=ORIENTED_EDGE('',*,*,#4347,.T.);
#6242=ORIENTED_EDGE('',*,*,#4345,.T.);
#6243=ORIENTED_EDGE('',*,*,#4349,.F.);
#6244=ORIENTED_EDGE('',*,*,#4348,.F.);
#6245=ORIENTED_EDGE('',*,*,#4350,.T.);
#6246=ORIENTED_EDGE('',*,*,#4351,.T.);
#6247=ORIENTED_EDGE('',*,*,#4352,.F.);
#6248=ORIENTED_EDGE('',*,*,#4353,.T.);
#6249=ORIENTED_EDGE('',*,*,#4354,.F.);
#6250=ORIENTED_EDGE('',*,*,#4355,.T.);
#6251=ORIENTED_EDGE('',*,*,#4356,.F.);
#6252=ORIENTED_EDGE('',*,*,#4351,.F.);
#6253=ORIENTED_EDGE('',*,*,#4357,.T.);
#6254=ORIENTED_EDGE('',*,*,#4335,.F.);
#6255=ORIENTED_EDGE('',*,*,#4358,.F.);
#6256=ORIENTED_EDGE('',*,*,#4355,.F.);
#6257=ORIENTED_EDGE('',*,*,#4359,.F.);
#6258=ORIENTED_EDGE('',*,*,#4360,.F.);
#6259=ORIENTED_EDGE('',*,*,#4361,.T.);
#6260=ORIENTED_EDGE('',*,*,#4357,.F.);
#6261=ORIENTED_EDGE('',*,*,#4350,.F.);
#6262=ORIENTED_EDGE('',*,*,#4361,.F.);
#6263=ORIENTED_EDGE('',*,*,#4362,.F.);
#6264=ORIENTED_EDGE('',*,*,#4363,.T.);
#6265=ORIENTED_EDGE('',*,*,#4364,.T.);
#6266=ORIENTED_EDGE('',*,*,#4362,.T.);
#6267=ORIENTED_EDGE('',*,*,#4360,.T.);
#6268=ORIENTED_EDGE('',*,*,#4364,.F.);
#6269=ORIENTED_EDGE('',*,*,#4363,.F.);
#6270=ORIENTED_EDGE('',*,*,#4353,.F.);
#6271=ORIENTED_EDGE('',*,*,#4365,.F.);
#6272=ORIENTED_EDGE('',*,*,#4366,.F.);
#6273=ORIENTED_EDGE('',*,*,#4367,.F.);
#6274=ORIENTED_EDGE('',*,*,#4368,.F.);
#6275=ORIENTED_EDGE('',*,*,#4369,.F.);
#6276=ORIENTED_EDGE('',*,*,#4367,.T.);
#6277=ORIENTED_EDGE('',*,*,#4370,.F.);
#6278=ORIENTED_EDGE('',*,*,#4371,.F.);
#6279=ORIENTED_EDGE('',*,*,#4372,.F.);
#6280=ORIENTED_EDGE('',*,*,#4366,.T.);
#6281=ORIENTED_EDGE('',*,*,#4373,.T.);
#6282=ORIENTED_EDGE('',*,*,#4374,.T.);
#6283=ORIENTED_EDGE('',*,*,#4370,.T.);
#6284=ORIENTED_EDGE('',*,*,#4365,.T.);
#6285=ORIENTED_EDGE('',*,*,#4352,.T.);
#6286=ORIENTED_EDGE('',*,*,#4356,.T.);
#6287=ORIENTED_EDGE('',*,*,#4358,.T.);
#6288=ORIENTED_EDGE('',*,*,#4334,.T.);
#6289=ORIENTED_EDGE('',*,*,#4338,.T.);
#6290=ORIENTED_EDGE('',*,*,#4344,.T.);
#6291=ORIENTED_EDGE('',*,*,#4375,.F.);
#6292=ORIENTED_EDGE('',*,*,#4376,.F.);
#6293=ORIENTED_EDGE('',*,*,#4377,.F.);
#6294=ORIENTED_EDGE('',*,*,#4378,.F.);
#6295=ORIENTED_EDGE('',*,*,#4379,.F.);
#6296=ORIENTED_EDGE('',*,*,#4380,.F.);
#6297=ORIENTED_EDGE('',*,*,#4381,.F.);
#6298=ORIENTED_EDGE('',*,*,#4382,.F.);
#6299=ORIENTED_EDGE('',*,*,#4383,.F.);
#6300=ORIENTED_EDGE('',*,*,#4384,.F.);
#6301=ORIENTED_EDGE('',*,*,#4385,.F.);
#6302=ORIENTED_EDGE('',*,*,#4373,.F.);
#6303=ORIENTED_EDGE('',*,*,#4386,.T.);
#6304=ORIENTED_EDGE('',*,*,#4387,.T.);
#6305=ORIENTED_EDGE('',*,*,#4388,.T.);
#6306=ORIENTED_EDGE('',*,*,#4389,.T.);
#6307=ORIENTED_EDGE('',*,*,#4343,.T.);
#6308=ORIENTED_EDGE('',*,*,#4390,.T.);
#6309=ORIENTED_EDGE('',*,*,#4391,.T.);
#6310=ORIENTED_EDGE('',*,*,#4375,.T.);
#6311=ORIENTED_EDGE('',*,*,#4392,.T.);
#6312=ORIENTED_EDGE('',*,*,#4393,.T.);
#6313=ORIENTED_EDGE('',*,*,#4394,.T.);
#6314=ORIENTED_EDGE('',*,*,#4395,.T.);
#6315=ORIENTED_EDGE('',*,*,#4368,.T.);
#6316=ORIENTED_EDGE('',*,*,#4372,.T.);
#6317=ORIENTED_EDGE('',*,*,#4396,.T.);
#6318=ORIENTED_EDGE('',*,*,#4397,.T.);
#6319=ORIENTED_EDGE('',*,*,#4398,.T.);
#6320=ORIENTED_EDGE('',*,*,#4399,.T.);
#6321=ORIENTED_EDGE('',*,*,#4400,.T.);
#6322=ORIENTED_EDGE('',*,*,#4371,.T.);
#6323=ORIENTED_EDGE('',*,*,#4401,.F.);
#6324=ORIENTED_EDGE('',*,*,#4398,.F.);
#6325=ORIENTED_EDGE('',*,*,#4374,.F.);
#6326=ORIENTED_EDGE('',*,*,#4385,.T.);
#6327=ORIENTED_EDGE('',*,*,#4400,.F.);
#6328=ORIENTED_EDGE('',*,*,#4402,.F.);
#6329=ORIENTED_EDGE('',*,*,#4403,.T.);
#6330=ORIENTED_EDGE('',*,*,#4396,.F.);
#6331=ORIENTED_EDGE('',*,*,#4342,.T.);
#6332=ORIENTED_EDGE('',*,*,#4404,.F.);
#6333=ORIENTED_EDGE('',*,*,#4405,.F.);
#6334=ORIENTED_EDGE('',*,*,#4390,.F.);
#6335=ORIENTED_EDGE('',*,*,#4406,.F.);
#6336=ORIENTED_EDGE('',*,*,#4407,.F.);
#6337=ORIENTED_EDGE('',*,*,#4408,.F.);
#6338=ORIENTED_EDGE('',*,*,#4409,.F.);
#6339=ORIENTED_EDGE('',*,*,#4410,.F.);
#6340=ORIENTED_EDGE('',*,*,#4411,.F.);
#6341=ORIENTED_EDGE('',*,*,#4412,.F.);
#6342=ORIENTED_EDGE('',*,*,#4413,.F.);
#6343=ORIENTED_EDGE('',*,*,#4414,.F.);
#6344=ORIENTED_EDGE('',*,*,#4415,.F.);
#6345=ORIENTED_EDGE('',*,*,#4416,.F.);
#6346=ORIENTED_EDGE('',*,*,#4417,.F.);
#6347=ORIENTED_EDGE('',*,*,#4418,.F.);
#6348=ORIENTED_EDGE('',*,*,#4419,.F.);
#6349=ORIENTED_EDGE('',*,*,#4420,.F.);
#6350=ORIENTED_EDGE('',*,*,#4421,.F.);
#6351=ORIENTED_EDGE('',*,*,#4422,.T.);
#6352=ORIENTED_EDGE('',*,*,#4411,.T.);
#6353=ORIENTED_EDGE('',*,*,#4423,.T.);
#6354=ORIENTED_EDGE('',*,*,#4424,.T.);
#6355=ORIENTED_EDGE('',*,*,#4425,.T.);
#6356=ORIENTED_EDGE('',*,*,#4378,.T.);
#6357=ORIENTED_EDGE('',*,*,#4426,.T.);
#6358=ORIENTED_EDGE('',*,*,#4420,.T.);
#6359=ORIENTED_EDGE('',*,*,#4341,.T.);
#6360=ORIENTED_EDGE('',*,*,#4427,.T.);
#6361=ORIENTED_EDGE('',*,*,#4428,.T.);
#6362=ORIENTED_EDGE('',*,*,#4404,.T.);
#6363=ORIENTED_EDGE('',*,*,#4429,.T.);
#6364=ORIENTED_EDGE('',*,*,#4379,.T.);
#6365=ORIENTED_EDGE('',*,*,#4430,.T.);
#6366=ORIENTED_EDGE('',*,*,#4416,.T.);
#6367=ORIENTED_EDGE('',*,*,#4431,.T.);
#6368=ORIENTED_EDGE('',*,*,#4380,.T.);
#6369=ORIENTED_EDGE('',*,*,#4432,.T.);
#6370=ORIENTED_EDGE('',*,*,#4408,.T.);
#6371=ORIENTED_EDGE('',*,*,#4433,.T.);
#6372=ORIENTED_EDGE('',*,*,#4407,.T.);
#6373=ORIENTED_EDGE('',*,*,#4434,.T.);
#6374=ORIENTED_EDGE('',*,*,#4435,.T.);
#6375=ORIENTED_EDGE('',*,*,#4431,.F.);
#6376=ORIENTED_EDGE('',*,*,#4433,.F.);
#6377=ORIENTED_EDGE('',*,*,#4436,.F.);
#6378=ORIENTED_EDGE('',*,*,#4381,.T.);
#6379=ORIENTED_EDGE('',*,*,#4437,.T.);
#6380=ORIENTED_EDGE('',*,*,#4415,.T.);
#6381=ORIENTED_EDGE('',*,*,#4438,.T.);
#6382=ORIENTED_EDGE('',*,*,#4409,.T.);
#6383=ORIENTED_EDGE('',*,*,#4429,.F.);
#6384=ORIENTED_EDGE('',*,*,#4437,.F.);
#6385=ORIENTED_EDGE('',*,*,#4432,.F.);
#6386=ORIENTED_EDGE('',*,*,#4439,.T.);
#6387=ORIENTED_EDGE('',*,*,#4406,.T.);
#6388=ORIENTED_EDGE('',*,*,#4440,.T.);
#6389=ORIENTED_EDGE('',*,*,#4441,.T.);
#6390=ORIENTED_EDGE('',*,*,#4434,.F.);
#6391=ORIENTED_EDGE('',*,*,#4439,.F.);
#6392=ORIENTED_EDGE('',*,*,#4442,.T.);
#6393=ORIENTED_EDGE('',*,*,#4443,.F.);
#6394=ORIENTED_EDGE('',*,*,#4444,.T.);
#6395=ORIENTED_EDGE('',*,*,#4376,.T.);
#6396=ORIENTED_EDGE('',*,*,#4445,.T.);
#6397=ORIENTED_EDGE('',*,*,#4413,.T.);
#6398=ORIENTED_EDGE('',*,*,#4446,.T.);
#6399=ORIENTED_EDGE('',*,*,#4405,.T.);
#6400=ORIENTED_EDGE('',*,*,#4447,.T.);
#6401=ORIENTED_EDGE('',*,*,#4410,.T.);
#6402=ORIENTED_EDGE('',*,*,#4391,.F.);
#6403=ORIENTED_EDGE('',*,*,#4446,.F.);
#6404=ORIENTED_EDGE('',*,*,#4445,.F.);
#6405=ORIENTED_EDGE('',*,*,#4448,.T.);
#6406=ORIENTED_EDGE('',*,*,#4419,.T.);
#6407=ORIENTED_EDGE('',*,*,#4449,.T.);
#6408=ORIENTED_EDGE('',*,*,#4417,.T.);
#6409=ORIENTED_EDGE('',*,*,#4425,.F.);
#6410=ORIENTED_EDGE('',*,*,#4448,.F.);
#6411=ORIENTED_EDGE('',*,*,#4430,.F.);
#6412=ORIENTED_EDGE('',*,*,#4450,.T.);
#6413=ORIENTED_EDGE('',*,*,#4414,.T.);
#6414=ORIENTED_EDGE('',*,*,#4451,.T.);
#6415=ORIENTED_EDGE('',*,*,#4452,.T.);
#6416=ORIENTED_EDGE('',*,*,#4438,.F.);
#6417=ORIENTED_EDGE('',*,*,#4450,.F.);
#6418=ORIENTED_EDGE('',*,*,#4440,.F.);
#6419=ORIENTED_EDGE('',*,*,#4453,.T.);
#6420=ORIENTED_EDGE('',*,*,#4412,.T.);
#6421=ORIENTED_EDGE('',*,*,#4454,.T.);
#6422=ORIENTED_EDGE('',*,*,#4421,.T.);
#6423=ORIENTED_EDGE('',*,*,#4444,.F.);
#6424=ORIENTED_EDGE('',*,*,#4453,.F.);
#6425=ORIENTED_EDGE('',*,*,#4426,.F.);
#6426=ORIENTED_EDGE('',*,*,#4377,.T.);
#6427=ORIENTED_EDGE('',*,*,#4447,.F.);
#6428=ORIENTED_EDGE('',*,*,#4428,.F.);
#6429=ORIENTED_EDGE('',*,*,#4423,.F.);
#6430=ORIENTED_EDGE('',*,*,#4455,.T.);
#6431=ORIENTED_EDGE('',*,*,#4418,.T.);
#6432=ORIENTED_EDGE('',*,*,#4456,.T.);
#6433=ORIENTED_EDGE('',*,*,#4457,.T.);
#6434=ORIENTED_EDGE('',*,*,#4449,.F.);
#6435=ORIENTED_EDGE('',*,*,#4455,.F.);
#6436=ORIENTED_EDGE('',*,*,#4451,.F.);
#6437=ORIENTED_EDGE('',*,*,#4454,.F.);
#6438=ORIENTED_EDGE('',*,*,#4422,.F.);
#6439=ORIENTED_EDGE('',*,*,#4458,.T.);
#6440=ORIENTED_EDGE('',*,*,#4456,.F.);
#6441=ORIENTED_EDGE('',*,*,#4384,.T.);
#6442=ORIENTED_EDGE('',*,*,#4459,.F.);
#6443=ORIENTED_EDGE('',*,*,#4460,.T.);
#6444=ORIENTED_EDGE('',*,*,#4401,.T.);
#6445=ORIENTED_EDGE('',*,*,#4461,.T.);
#6446=ORIENTED_EDGE('',*,*,#4462,.F.);
#6447=ORIENTED_EDGE('',*,*,#4382,.T.);
#6448=ORIENTED_EDGE('',*,*,#4436,.T.);
#6449=ORIENTED_EDGE('',*,*,#4463,.F.);
#6450=ORIENTED_EDGE('',*,*,#4464,.F.);
#6451=ORIENTED_EDGE('',*,*,#4461,.F.);
#6452=ORIENTED_EDGE('',*,*,#4435,.F.);
#6453=ORIENTED_EDGE('',*,*,#4459,.T.);
#6454=ORIENTED_EDGE('',*,*,#4383,.T.);
#6455=ORIENTED_EDGE('',*,*,#4462,.T.);
#6456=ORIENTED_EDGE('',*,*,#4464,.T.);
#6457=ORIENTED_EDGE('',*,*,#4465,.T.);
#6458=ORIENTED_EDGE('',*,*,#4466,.T.);
#6459=ORIENTED_EDGE('',*,*,#4467,.T.);
#6460=ORIENTED_EDGE('',*,*,#4468,.T.);
#6461=ORIENTED_EDGE('',*,*,#4469,.T.);
#6462=ORIENTED_EDGE('',*,*,#4470,.T.);
#6463=ORIENTED_EDGE('',*,*,#4471,.T.);
#6464=ORIENTED_EDGE('',*,*,#4472,.T.);
#6465=ORIENTED_EDGE('',*,*,#4470,.F.);
#6466=ORIENTED_EDGE('',*,*,#4473,.T.);
#6467=ORIENTED_EDGE('',*,*,#4392,.F.);
#6468=ORIENTED_EDGE('',*,*,#4474,.F.);
#6469=ORIENTED_EDGE('',*,*,#4475,.T.);
#6470=ORIENTED_EDGE('',*,*,#4476,.T.);
#6471=ORIENTED_EDGE('',*,*,#4477,.T.);
#6472=ORIENTED_EDGE('',*,*,#4478,.T.);
#6473=ORIENTED_EDGE('',*,*,#4471,.F.);
#6474=ORIENTED_EDGE('',*,*,#4474,.T.);
#6475=ORIENTED_EDGE('',*,*,#4395,.F.);
#6476=ORIENTED_EDGE('',*,*,#4479,.F.);
#6477=ORIENTED_EDGE('',*,*,#4472,.F.);
#6478=ORIENTED_EDGE('',*,*,#4479,.T.);
#6479=ORIENTED_EDGE('',*,*,#4394,.F.);
#6480=ORIENTED_EDGE('',*,*,#4480,.F.);
#6481=ORIENTED_EDGE('',*,*,#4481,.T.);
#6482=ORIENTED_EDGE('',*,*,#4482,.T.);
#6483=ORIENTED_EDGE('',*,*,#4483,.T.);
#6484=ORIENTED_EDGE('',*,*,#4484,.T.);
#6485=ORIENTED_EDGE('',*,*,#4469,.F.);
#6486=ORIENTED_EDGE('',*,*,#4480,.T.);
#6487=ORIENTED_EDGE('',*,*,#4393,.F.);
#6488=ORIENTED_EDGE('',*,*,#4473,.F.);
#6489=ORIENTED_EDGE('',*,*,#4482,.F.);
#6490=ORIENTED_EDGE('',*,*,#4485,.F.);
#6491=ORIENTED_EDGE('',*,*,#4389,.F.);
#6492=ORIENTED_EDGE('',*,*,#4486,.T.);
#6493=ORIENTED_EDGE('',*,*,#4481,.F.);
#6494=ORIENTED_EDGE('',*,*,#4487,.F.);
#6495=ORIENTED_EDGE('',*,*,#4386,.F.);
#6496=ORIENTED_EDGE('',*,*,#4485,.T.);
#6497=ORIENTED_EDGE('',*,*,#4475,.F.);
#6498=ORIENTED_EDGE('',*,*,#4488,.T.);
#6499=ORIENTED_EDGE('',*,*,#4489,.F.);
#6500=ORIENTED_EDGE('',*,*,#4490,.F.);
#6501=ORIENTED_EDGE('',*,*,#4484,.F.);
#6502=ORIENTED_EDGE('',*,*,#4491,.F.);
#6503=ORIENTED_EDGE('',*,*,#4387,.F.);
#6504=ORIENTED_EDGE('',*,*,#4487,.T.);
#6505=ORIENTED_EDGE('',*,*,#4476,.F.);
#6506=ORIENTED_EDGE('',*,*,#4490,.T.);
#6507=ORIENTED_EDGE('',*,*,#4492,.F.);
#6508=ORIENTED_EDGE('',*,*,#4493,.F.);
#6509=ORIENTED_EDGE('',*,*,#4478,.F.);
#6510=ORIENTED_EDGE('',*,*,#4494,.T.);
#6511=ORIENTED_EDGE('',*,*,#4495,.F.);
#6512=ORIENTED_EDGE('',*,*,#4488,.F.);
#6513=ORIENTED_EDGE('',*,*,#4483,.F.);
#6514=ORIENTED_EDGE('',*,*,#4486,.F.);
#6515=ORIENTED_EDGE('',*,*,#4388,.F.);
#6516=ORIENTED_EDGE('',*,*,#4491,.T.);
#6517=ORIENTED_EDGE('',*,*,#4477,.F.);
#6518=ORIENTED_EDGE('',*,*,#4493,.T.);
#6519=ORIENTED_EDGE('',*,*,#4496,.F.);
#6520=ORIENTED_EDGE('',*,*,#4494,.F.);
#6521=ORIENTED_EDGE('',*,*,#4460,.F.);
#6522=ORIENTED_EDGE('',*,*,#4468,.F.);
#6523=ORIENTED_EDGE('',*,*,#4497,.F.);
#6524=ORIENTED_EDGE('',*,*,#4399,.F.);
#6525=ORIENTED_EDGE('',*,*,#4497,.T.);
#6526=ORIENTED_EDGE('',*,*,#4467,.F.);
#6527=ORIENTED_EDGE('',*,*,#4498,.T.);
#6528=ORIENTED_EDGE('',*,*,#4402,.T.);
#6529=ORIENTED_EDGE('',*,*,#4340,.T.);
#6530=ORIENTED_EDGE('',*,*,#4336,.T.);
#6531=ORIENTED_EDGE('',*,*,#4359,.T.);
#6532=ORIENTED_EDGE('',*,*,#4354,.T.);
#6533=ORIENTED_EDGE('',*,*,#4369,.T.);
#6534=ORIENTED_EDGE('',*,*,#4397,.F.);
#6535=ORIENTED_EDGE('',*,*,#4403,.F.);
#6536=ORIENTED_EDGE('',*,*,#4498,.F.);
#6537=ORIENTED_EDGE('',*,*,#4466,.F.);
#6538=ORIENTED_EDGE('',*,*,#4499,.F.);
#6539=ORIENTED_EDGE('',*,*,#4442,.F.);
#6540=ORIENTED_EDGE('',*,*,#4441,.F.);
#6541=ORIENTED_EDGE('',*,*,#4452,.F.);
#6542=ORIENTED_EDGE('',*,*,#4457,.F.);
#6543=ORIENTED_EDGE('',*,*,#4458,.F.);
#6544=ORIENTED_EDGE('',*,*,#4424,.F.);
#6545=ORIENTED_EDGE('',*,*,#4427,.F.);
#6546=ORIENTED_EDGE('',*,*,#4489,.T.);
#6547=ORIENTED_EDGE('',*,*,#4495,.T.);
#6548=ORIENTED_EDGE('',*,*,#4496,.T.);
#6549=ORIENTED_EDGE('',*,*,#4492,.T.);
#6550=ORIENTED_EDGE('',*,*,#4499,.T.);
#6551=ORIENTED_EDGE('',*,*,#4465,.F.);
#6552=ORIENTED_EDGE('',*,*,#4463,.T.);
#6553=ORIENTED_EDGE('',*,*,#4443,.T.);
#6554=PLANE('',#7231);
#6555=PLANE('',#7232);
#6556=PLANE('',#7233);
#6557=PLANE('',#7234);
#6558=PLANE('',#7235);
#6559=PLANE('',#7236);
#6560=PLANE('',#7281);
#6561=PLANE('',#7282);
#6562=PLANE('',#7283);
#6563=PLANE('',#7284);
#6564=PLANE('',#7285);
#6565=PLANE('',#7286);
#6566=PLANE('',#7287);
#6567=PLANE('',#7288);
#6568=PLANE('',#7289);
#6569=PLANE('',#7290);
#6570=PLANE('',#7291);
#6571=PLANE('',#7292);
#6572=PLANE('',#7293);
#6573=PLANE('',#7294);
#6574=PLANE('',#7295);
#6575=PLANE('',#7296);
#6576=PLANE('',#7297);
#6577=PLANE('',#7298);
#6578=PLANE('',#7299);
#6579=PLANE('',#7300);
#6580=PLANE('',#7301);
#6581=PLANE('',#7302);
#6582=PLANE('',#7303);
#6583=PLANE('',#7304);
#6584=PLANE('',#7305);
#6585=PLANE('',#7306);
#6586=PLANE('',#7329);
#6587=PLANE('',#7332);
#6588=PLANE('',#7335);
#6589=PLANE('',#7336);
#6590=PLANE('',#7337);
#6591=PLANE('',#7354);
#6592=PLANE('',#7357);
#6593=PLANE('',#7372);
#6594=PLANE('',#7373);
#6595=PLANE('',#7374);
#6596=PLANE('',#7377);
#6597=PLANE('',#7380);
#6598=PLANE('',#7385);
#6599=PLANE('',#7393);
#6600=PLANE('',#7395);
#6601=PLANE('',#7403);
#6602=PLANE('',#7405);
#6603=PLANE('',#7419);
#6604=PLANE('',#7420);
#6605=PLANE('',#7423);
#6606=PLANE('',#7424);
#6607=PLANE('',#7425);
#6608=PLANE('',#7426);
#6609=PLANE('',#7427);
#6610=PLANE('',#7428);
#6611=PLANE('',#7429);
#6612=PLANE('',#7430);
#6613=PLANE('',#7431);
#6614=PLANE('',#7432);
#6615=PLANE('',#7433);
#6616=PLANE('',#7434);
#6617=PLANE('',#7435);
#6618=PLANE('',#7436);
#6619=PLANE('',#7437);
#6620=PLANE('',#7438);
#6621=PLANE('',#7439);
#6622=PLANE('',#7440);
#6623=PLANE('',#7441);
#6624=PLANE('',#7442);
#6625=PLANE('',#7443);
#6626=PLANE('',#7444);
#6627=PLANE('',#7445);
#6628=PLANE('',#7452);
#6629=PLANE('',#7455);
#6630=PLANE('',#7480);
#6631=PLANE('',#7481);
#6632=PLANE('',#7482);
#6633=PLANE('',#7485);
#6634=PLANE('',#7488);
#6635=PLANE('',#7489);
#6636=PLANE('',#7493);
#6637=PLANE('',#7497);
#6638=PLANE('',#7498);
#6639=PLANE('',#7499);
#6640=PLANE('',#7500);
#6641=PLANE('',#7501);
#6642=PLANE('',#7502);
#6643=PLANE('',#7503);
#6644=PLANE('',#7504);
#6645=PLANE('',#7505);
#6646=PLANE('',#7506);
#6647=PLANE('',#7507);
#6648=PLANE('',#7508);
#6649=PLANE('',#7509);
#6650=PLANE('',#7510);
#6651=PLANE('',#7511);
#6652=PLANE('',#7512);
#6653=PLANE('',#7513);
#6654=PLANE('',#7514);
#6655=PLANE('',#7517);
#6656=PLANE('',#7520);
#6657=PLANE('',#7521);
#6658=PLANE('',#7522);
#6659=PLANE('',#7524);
#6660=PLANE('',#7526);
#6661=PLANE('',#7533);
#6662=PLANE('',#7535);
#6663=PLANE('',#7537);
#6664=PLANE('',#7544);
#6665=PLANE('',#7550);
#6666=PLANE('',#7558);
#6667=PLANE('',#7562);
#6668=PLANE('',#7566);
#6669=PLANE('',#7568);
#6670=PLANE('',#7569);
#6671=PLANE('',#7570);
#6672=PLANE('',#7571);
#6673=PLANE('',#7572);
#6674=PLANE('',#7573);
#6675=PLANE('',#7574);
#6676=PLANE('',#7575);
#6677=PLANE('',#7576);
#6678=PLANE('',#7577);
#6679=PLANE('',#7578);
#6680=PLANE('',#7579);
#6681=PLANE('',#7580);
#6682=PLANE('',#7581);
#6683=PLANE('',#7582);
#6684=PLANE('',#7585);
#6685=PLANE('',#7589);
#6686=PLANE('',#7623);
#6687=PLANE('',#7624);
#6688=PLANE('',#7633);
#6689=PLANE('',#7634);
#6690=PLANE('',#7635);
#6691=PLANE('',#7639);
#6692=PLANE('',#7640);
#6693=PLANE('',#7663);
#6694=PLANE('',#7666);
#6695=PLANE('',#7669);
#6696=PLANE('',#7670);
#6697=PLANE('',#7671);
#6698=PLANE('',#7688);
#6699=PLANE('',#7691);
#6700=PLANE('',#7706);
#6701=PLANE('',#7707);
#6702=PLANE('',#7708);
#6703=PLANE('',#7711);
#6704=PLANE('',#7714);
#6705=PLANE('',#7719);
#6706=PLANE('',#7727);
#6707=PLANE('',#7729);
#6708=PLANE('',#7737);
#6709=PLANE('',#7739);
#6710=PLANE('',#7753);
#6711=PLANE('',#7754);
#6712=PLANE('',#7757);
#6713=PLANE('',#7758);
#6714=PLANE('',#7759);
#6715=PLANE('',#7760);
#6716=PLANE('',#7767);
#6717=PLANE('',#7770);
#6718=PLANE('',#7771);
#6719=PLANE('',#7772);
#6720=PLANE('',#7773);
#6721=PLANE('',#7774);
#6722=PLANE('',#7775);
#6723=PLANE('',#7776);
#6724=PLANE('',#7777);
#6725=PLANE('',#7778);
#6726=PLANE('',#7779);
#6727=PLANE('',#7780);
#6728=PLANE('',#7781);
#6729=PLANE('',#7782);
#6730=PLANE('',#7783);
#6731=PLANE('',#7788);
#6732=PLANE('',#7789);
#6733=PLANE('',#7792);
#6734=PLANE('',#7806);
#6735=PLANE('',#7807);
#6736=PLANE('',#7821);
#6737=PLANE('',#7824);
#6738=PLANE('',#7827);
#6739=PLANE('',#7828);
#6740=PLANE('',#7829);
#6741=PLANE('',#7830);
#6742=PLANE('',#7831);
#6743=PLANE('',#7832);
#6744=PLANE('',#7833);
#6745=PLANE('',#7834);
#6746=PLANE('',#7835);
#6747=PLANE('',#7836);
#6748=PLANE('',#7843);
#6749=PLANE('',#7851);
#6750=PLANE('',#7858);
#6751=PLANE('',#7864);
#6752=PLANE('',#7865);
#6753=PLANE('',#7868);
#6754=PLANE('',#7871);
#6755=PLANE('',#7877);
#6756=PLANE('',#7888);
#6757=PLANE('',#7889);
#6758=PLANE('',#7890);
#6759=PLANE('',#7891);
#6760=PLANE('',#7892);
#6761=PLANE('',#7952);
#6762=PLANE('',#7953);
#6763=PLANE('',#7956);
#6764=PLANE('',#7957);
#6765=PLANE('',#7958);
#6766=PLANE('',#7959);
#6767=PLANE('',#7960);
#6768=PLANE('',#7961);
#6769=PLANE('',#7962);
#6770=PLANE('',#7963);
#6771=PLANE('',#7964);
#6772=PLANE('',#7965);
#6773=PLANE('',#7966);
#6774=PLANE('',#7967);
#6775=PLANE('',#7968);
#6776=PLANE('',#7970);
#6777=ADVANCED_FACE('',(#603),#6554,.F.);
#6778=ADVANCED_FACE('',(#604),#6555,.F.);
#6779=ADVANCED_FACE('',(#605),#6556,.F.);
#6780=ADVANCED_FACE('',(#606),#6557,.F.);
#6781=ADVANCED_FACE('',(#607),#6558,.F.);
#6782=ADVANCED_FACE('',(#608),#6559,.T.);
#6783=ADVANCED_FACE('',(#609),#565,.T.);
#6784=ADVANCED_FACE('',(#610),#566,.T.);
#6785=ADVANCED_FACE('',(#611),#127,.T.);
#6786=ADVANCED_FACE('',(#612),#567,.T.);
#6787=ADVANCED_FACE('',(#613),#128,.T.);
#6788=ADVANCED_FACE('',(#614),#568,.T.);
#6789=ADVANCED_FACE('',(#615),#569,.T.);
#6790=ADVANCED_FACE('',(#616),#129,.T.);
#6791=ADVANCED_FACE('',(#617),#570,.T.);
#6792=ADVANCED_FACE('',(#618),#130,.T.);
#6793=ADVANCED_FACE('',(#619),#131,.T.);
#6794=ADVANCED_FACE('',(#620),#571,.T.);
#6795=ADVANCED_FACE('',(#621),#132,.T.);
#6796=ADVANCED_FACE('',(#622),#133,.T.);
#6797=ADVANCED_FACE('',(#623),#572,.T.);
#6798=ADVANCED_FACE('',(#624),#134,.T.);
#6799=ADVANCED_FACE('',(#625),#135,.T.);
#6800=ADVANCED_FACE('',(#626),#136,.T.);
#6801=ADVANCED_FACE('',(#627),#137,.T.);
#6802=ADVANCED_FACE('',(#628),#138,.T.);
#6803=ADVANCED_FACE('',(#629),#6560,.T.);
#6804=ADVANCED_FACE('',(#630),#6561,.F.);
#6805=ADVANCED_FACE('',(#631),#6562,.T.);
#6806=ADVANCED_FACE('',(#632),#6563,.T.);
#6807=ADVANCED_FACE('',(#633),#6564,.T.);
#6808=ADVANCED_FACE('',(#634),#6565,.T.);
#6809=ADVANCED_FACE('',(#635),#6566,.T.);
#6810=ADVANCED_FACE('',(#636),#6567,.T.);
#6811=ADVANCED_FACE('',(#637),#6568,.T.);
#6812=ADVANCED_FACE('',(#638),#6569,.T.);
#6813=ADVANCED_FACE('',(#639),#6570,.F.);
#6814=ADVANCED_FACE('',(#640),#6571,.T.);
#6815=ADVANCED_FACE('',(#641),#6572,.T.);
#6816=ADVANCED_FACE('',(#642),#6573,.T.);
#6817=ADVANCED_FACE('',(#643),#6574,.T.);
#6818=ADVANCED_FACE('',(#644),#6575,.T.);
#6819=ADVANCED_FACE('',(#645),#6576,.T.);
#6820=ADVANCED_FACE('',(#646),#6577,.T.);
#6821=ADVANCED_FACE('',(#647),#6578,.T.);
#6822=ADVANCED_FACE('',(#648),#6579,.T.);
#6823=ADVANCED_FACE('',(#649),#6580,.T.);
#6824=ADVANCED_FACE('',(#650),#6581,.T.);
#6825=ADVANCED_FACE('',(#651),#6582,.T.);
#6826=ADVANCED_FACE('',(#652),#6583,.T.);
#6827=ADVANCED_FACE('',(#653),#6584,.F.);
#6828=ADVANCED_FACE('',(#654),#6585,.T.);
#6829=ADVANCED_FACE('',(#655),#139,.T.);
#6830=ADVANCED_FACE('',(#656),#140,.T.);
#6831=ADVANCED_FACE('',(#657),#141,.T.);
#6832=ADVANCED_FACE('',(#658),#573,.T.);
#6833=ADVANCED_FACE('',(#659),#142,.T.);
#6834=ADVANCED_FACE('',(#660),#574,.T.);
#6835=ADVANCED_FACE('',(#661),#575,.T.);
#6836=ADVANCED_FACE('',(#662),#576,.T.);
#6837=ADVANCED_FACE('',(#663),#143,.T.);
#6838=ADVANCED_FACE('',(#664),#6586,.F.);
#6839=ADVANCED_FACE('',(#665),#144,.T.);
#6840=ADVANCED_FACE('',(#666),#6587,.F.);
#6841=ADVANCED_FACE('',(#667),#6588,.T.);
#6842=ADVANCED_FACE('',(#668),#6589,.T.);
#6843=ADVANCED_FACE('',(#669),#6590,.T.);
#6844=ADVANCED_FACE('',(#670),#145,.T.);
#6845=ADVANCED_FACE('',(#671),#146,.T.);
#6846=ADVANCED_FACE('',(#672),#147,.T.);
#6847=ADVANCED_FACE('',(#673),#148,.T.);
#6848=ADVANCED_FACE('',(#674),#577,.T.);
#6849=ADVANCED_FACE('',(#675),#578,.T.);
#6850=ADVANCED_FACE('',(#676),#149,.T.);
#6851=ADVANCED_FACE('',(#677),#6591,.F.);
#6852=ADVANCED_FACE('',(#678),#6592,.T.);
#6853=ADVANCED_FACE('',(#679),#150,.T.);
#6854=ADVANCED_FACE('',(#680),#579,.T.);
#6855=ADVANCED_FACE('',(#681),#580,.T.);
#6856=ADVANCED_FACE('',(#682),#151,.T.);
#6857=ADVANCED_FACE('',(#683),#152,.T.);
#6858=ADVANCED_FACE('',(#684),#153,.T.);
#6859=ADVANCED_FACE('',(#685),#6593,.T.);
#6860=ADVANCED_FACE('',(#686),#6594,.T.);
#6861=ADVANCED_FACE('',(#687),#6595,.T.);
#6862=ADVANCED_FACE('',(#688),#154,.T.);
#6863=ADVANCED_FACE('',(#689),#6596,.T.);
#6864=ADVANCED_FACE('',(#690),#155,.T.);
#6865=ADVANCED_FACE('',(#691),#6597,.F.);
#6866=ADVANCED_FACE('',(#692),#156,.T.);
#6867=ADVANCED_FACE('',(#693),#157,.T.);
#6868=ADVANCED_FACE('',(#694),#6598,.F.);
#6869=ADVANCED_FACE('',(#695),#37,.F.);
#6870=ADVANCED_FACE('',(#696),#158,.F.);
#6871=ADVANCED_FACE('',(#697),#38,.F.);
#6872=ADVANCED_FACE('',(#698),#6599,.F.);
#6873=ADVANCED_FACE('',(#699),#6600,.F.);
#6874=ADVANCED_FACE('',(#700),#39,.F.);
#6875=ADVANCED_FACE('',(#701),#40,.F.);
#6876=ADVANCED_FACE('',(#702),#6601,.F.);
#6877=ADVANCED_FACE('',(#703),#6602,.F.);
#6878=ADVANCED_FACE('',(#704),#41,.F.);
#6879=ADVANCED_FACE('',(#705),#159,.F.);
#6880=ADVANCED_FACE('',(#706),#42,.F.);
#6881=ADVANCED_FACE('',(#707),#43,.F.);
#6882=ADVANCED_FACE('',(#708),#160,.F.);
#6883=ADVANCED_FACE('',(#709),#44,.F.);
#6884=ADVANCED_FACE('',(#710),#161,.T.);
#6885=ADVANCED_FACE('',(#711),#6603,.F.);
#6886=ADVANCED_FACE('',(#712),#6604,.T.);
#6887=ADVANCED_FACE('',(#713),#162,.F.);
#6888=ADVANCED_FACE('',(#714),#163,.F.);
#6889=ADVANCED_FACE('',(#715),#6605,.T.);
#6890=ADVANCED_FACE('',(#716),#6606,.T.);
#6891=ADVANCED_FACE('',(#717),#6607,.T.);
#6892=ADVANCED_FACE('',(#718),#6608,.T.);
#6893=ADVANCED_FACE('',(#719),#6609,.F.);
#6894=ADVANCED_FACE('',(#720),#6610,.F.);
#6895=ADVANCED_FACE('',(#721),#6611,.F.);
#6896=ADVANCED_FACE('',(#722),#6612,.F.);
#6897=ADVANCED_FACE('',(#723,#17),#6613,.T.);
#6898=ADVANCED_FACE('',(#724),#6614,.T.);
#6899=ADVANCED_FACE('',(#725,#18),#6615,.T.);
#6900=ADVANCED_FACE('',(#726),#6616,.T.);
#6901=ADVANCED_FACE('',(#727),#6617,.T.);
#6902=ADVANCED_FACE('',(#728),#6618,.F.);
#6903=ADVANCED_FACE('',(#729),#6619,.F.);
#6904=ADVANCED_FACE('',(#730),#6620,.F.);
#6905=ADVANCED_FACE('',(#731),#6621,.F.);
#6906=ADVANCED_FACE('',(#732,#19),#6622,.T.);
#6907=ADVANCED_FACE('',(#733),#6623,.T.);
#6908=ADVANCED_FACE('',(#734,#20),#6624,.T.);
#6909=ADVANCED_FACE('',(#735),#6625,.T.);
#6910=ADVANCED_FACE('',(#736),#6626,.T.);
#6911=ADVANCED_FACE('',(#737,#21),#6627,.F.);
#6912=ADVANCED_FACE('',(#738),#164,.T.);
#6913=ADVANCED_FACE('',(#739),#6628,.T.);
#6914=ADVANCED_FACE('',(#740),#165,.T.);
#6915=ADVANCED_FACE('',(#741),#6629,.F.);
#6916=ADVANCED_FACE('',(#742),#581,.T.);
#6917=ADVANCED_FACE('',(#743),#166,.T.);
#6918=ADVANCED_FACE('',(#744),#582,.T.);
#6919=ADVANCED_FACE('',(#745),#167,.T.);
#6920=ADVANCED_FACE('',(#746),#45,.T.);
#6921=ADVANCED_FACE('',(#747),#168,.T.);
#6922=ADVANCED_FACE('',(#748),#46,.T.);
#6923=ADVANCED_FACE('',(#749),#169,.F.);
#6924=ADVANCED_FACE('',(#750),#170,.T.);
#6925=ADVANCED_FACE('',(#751),#171,.T.);
#6926=ADVANCED_FACE('',(#752),#6630,.T.);
#6927=ADVANCED_FACE('',(#753),#6631,.T.);
#6928=ADVANCED_FACE('',(#754),#6632,.T.);
#6929=ADVANCED_FACE('',(#755),#172,.T.);
#6930=ADVANCED_FACE('',(#756),#6633,.T.);
#6931=ADVANCED_FACE('',(#757),#173,.T.);
#6932=ADVANCED_FACE('',(#758,#22),#6634,.T.);
#6933=ADVANCED_FACE('',(#759),#6635,.T.);
#6934=ADVANCED_FACE('',(#760),#174,.F.);
#6935=ADVANCED_FACE('',(#761),#6636,.T.);
#6936=ADVANCED_FACE('',(#762),#175,.F.);
#6937=ADVANCED_FACE('',(#763),#6637,.F.);
#6938=ADVANCED_FACE('',(#764),#6638,.F.);
#6939=ADVANCED_FACE('',(#765),#6639,.T.);
#6940=ADVANCED_FACE('',(#766),#6640,.T.);
#6941=ADVANCED_FACE('',(#767),#6641,.T.);
#6942=ADVANCED_FACE('',(#768),#6642,.T.);
#6943=ADVANCED_FACE('',(#769),#6643,.T.);
#6944=ADVANCED_FACE('',(#770),#6644,.T.);
#6945=ADVANCED_FACE('',(#771),#6645,.T.);
#6946=ADVANCED_FACE('',(#772),#6646,.T.);
#6947=ADVANCED_FACE('',(#773),#6647,.T.);
#6948=ADVANCED_FACE('',(#774),#6648,.T.);
#6949=ADVANCED_FACE('',(#775),#6649,.T.);
#6950=ADVANCED_FACE('',(#776),#6650,.T.);
#6951=ADVANCED_FACE('',(#777),#6651,.T.);
#6952=ADVANCED_FACE('',(#778),#6652,.T.);
#6953=ADVANCED_FACE('',(#779),#6653,.T.);
#6954=ADVANCED_FACE('',(#780),#6654,.T.);
#6955=ADVANCED_FACE('',(#781),#6655,.T.);
#6956=ADVANCED_FACE('',(#782),#6656,.F.);
#6957=ADVANCED_FACE('',(#783),#6657,.F.);
#6958=ADVANCED_FACE('',(#784),#6658,.F.);
#6959=ADVANCED_FACE('',(#785),#176,.F.);
#6960=ADVANCED_FACE('',(#786),#6659,.T.);
#6961=ADVANCED_FACE('',(#787),#177,.F.);
#6962=ADVANCED_FACE('',(#788),#6660,.T.);
#6963=ADVANCED_FACE('',(#789),#47,.T.);
#6964=ADVANCED_FACE('',(#790),#6661,.T.);
#6965=ADVANCED_FACE('',(#791),#6662,.T.);
#6966=ADVANCED_FACE('',(#792),#6663,.F.);
#6967=ADVANCED_FACE('',(#793),#178,.F.);
#6968=ADVANCED_FACE('',(#794),#13,.T.);
#6969=ADVANCED_FACE('',(#795),#6664,.T.);
#6970=ADVANCED_FACE('',(#796),#48,.T.);
#6971=ADVANCED_FACE('',(#797),#6665,.T.);
#6972=ADVANCED_FACE('',(#798),#179,.F.);
#6973=ADVANCED_FACE('',(#799),#14,.T.);
#6974=ADVANCED_FACE('',(#800),#6666,.T.);
#6975=ADVANCED_FACE('',(#801),#180,.T.);
#6976=ADVANCED_FACE('',(#802),#6667,.T.);
#6977=ADVANCED_FACE('',(#803),#181,.T.);
#6978=ADVANCED_FACE('',(#804),#6668,.T.);
#6979=ADVANCED_FACE('',(#805),#6669,.F.);
#6980=ADVANCED_FACE('',(#806),#6670,.F.);
#6981=ADVANCED_FACE('',(#807),#6671,.F.);
#6982=ADVANCED_FACE('',(#808),#6672,.F.);
#6983=ADVANCED_FACE('',(#809),#6673,.F.);
#6984=ADVANCED_FACE('',(#810),#6674,.F.);
#6985=ADVANCED_FACE('',(#811),#6675,.F.);
#6986=ADVANCED_FACE('',(#812),#6676,.F.);
#6987=ADVANCED_FACE('',(#813),#6677,.T.);
#6988=ADVANCED_FACE('',(#814),#6678,.F.);
#6989=ADVANCED_FACE('',(#815,#23),#6679,.F.);
#6990=ADVANCED_FACE('',(#816),#6680,.F.);
#6991=ADVANCED_FACE('',(#817,#24),#6681,.F.);
#6992=ADVANCED_FACE('',(#818),#6682,.F.);
#6993=ADVANCED_FACE('',(#819,#25),#6683,.T.);
#6994=ADVANCED_FACE('',(#820),#6684,.F.);
#6995=ADVANCED_FACE('',(#821),#182,.T.);
#6996=ADVANCED_FACE('',(#822),#6685,.T.);
#6997=ADVANCED_FACE('',(#823),#183,.T.);
#6998=ADVANCED_FACE('',(#824),#583,.T.);
#6999=ADVANCED_FACE('',(#825),#49,.T.);
#7000=ADVANCED_FACE('',(#826),#584,.T.);
#7001=ADVANCED_FACE('',(#827),#184,.T.);
#7002=ADVANCED_FACE('',(#828),#185,.T.);
#7003=ADVANCED_FACE('',(#829),#585,.T.);
#7004=ADVANCED_FACE('',(#830),#50,.T.);
#7005=ADVANCED_FACE('',(#831),#186,.F.);
#7006=ADVANCED_FACE('',(#832),#187,.T.);
#7007=ADVANCED_FACE('',(#833),#586,.T.);
#7008=ADVANCED_FACE('',(#834),#188,.T.);
#7009=ADVANCED_FACE('',(#835),#189,.T.);
#7010=ADVANCED_FACE('',(#836),#190,.T.);
#7011=ADVANCED_FACE('',(#837),#191,.T.);
#7012=ADVANCED_FACE('',(#838),#6686,.T.);
#7013=ADVANCED_FACE('',(#839),#6687,.T.);
#7014=ADVANCED_FACE('',(#840),#51,.T.);
#7015=ADVANCED_FACE('',(#841),#52,.T.);
#7016=ADVANCED_FACE('',(#842),#192,.F.);
#7017=ADVANCED_FACE('',(#843),#193,.T.);
#7018=ADVANCED_FACE('',(#844),#6688,.T.);
#7019=ADVANCED_FACE('',(#845),#6689,.F.);
#7020=ADVANCED_FACE('',(#846),#6690,.T.);
#7021=ADVANCED_FACE('',(#847),#194,.T.);
#7022=ADVANCED_FACE('',(#848),#195,.T.);
#7023=ADVANCED_FACE('',(#849),#6691,.T.);
#7024=ADVANCED_FACE('',(#850),#6692,.T.);
#7025=ADVANCED_FACE('',(#851),#196,.T.);
#7026=ADVANCED_FACE('',(#852),#197,.T.);
#7027=ADVANCED_FACE('',(#853),#198,.T.);
#7028=ADVANCED_FACE('',(#854),#587,.T.);
#7029=ADVANCED_FACE('',(#855),#199,.T.);
#7030=ADVANCED_FACE('',(#856),#588,.T.);
#7031=ADVANCED_FACE('',(#857),#589,.T.);
#7032=ADVANCED_FACE('',(#858),#590,.T.);
#7033=ADVANCED_FACE('',(#859),#200,.T.);
#7034=ADVANCED_FACE('',(#860),#6693,.F.);
#7035=ADVANCED_FACE('',(#861),#201,.T.);
#7036=ADVANCED_FACE('',(#862),#6694,.F.);
#7037=ADVANCED_FACE('',(#863),#6695,.T.);
#7038=ADVANCED_FACE('',(#864),#6696,.T.);
#7039=ADVANCED_FACE('',(#865),#6697,.T.);
#7040=ADVANCED_FACE('',(#866),#202,.T.);
#7041=ADVANCED_FACE('',(#867),#203,.T.);
#7042=ADVANCED_FACE('',(#868),#204,.T.);
#7043=ADVANCED_FACE('',(#869),#205,.T.);
#7044=ADVANCED_FACE('',(#870),#591,.T.);
#7045=ADVANCED_FACE('',(#871),#592,.T.);
#7046=ADVANCED_FACE('',(#872),#206,.T.);
#7047=ADVANCED_FACE('',(#873),#6698,.F.);
#7048=ADVANCED_FACE('',(#874),#6699,.T.);
#7049=ADVANCED_FACE('',(#875),#207,.T.);
#7050=ADVANCED_FACE('',(#876),#593,.T.);
#7051=ADVANCED_FACE('',(#877),#594,.T.);
#7052=ADVANCED_FACE('',(#878),#208,.T.);
#7053=ADVANCED_FACE('',(#879),#209,.T.);
#7054=ADVANCED_FACE('',(#880),#210,.T.);
#7055=ADVANCED_FACE('',(#881),#6700,.T.);
#7056=ADVANCED_FACE('',(#882),#6701,.T.);
#7057=ADVANCED_FACE('',(#883),#6702,.T.);
#7058=ADVANCED_FACE('',(#884),#211,.T.);
#7059=ADVANCED_FACE('',(#885),#6703,.T.);
#7060=ADVANCED_FACE('',(#886),#212,.T.);
#7061=ADVANCED_FACE('',(#887),#6704,.F.);
#7062=ADVANCED_FACE('',(#888),#213,.T.);
#7063=ADVANCED_FACE('',(#889),#214,.T.);
#7064=ADVANCED_FACE('',(#890),#6705,.F.);
#7065=ADVANCED_FACE('',(#891),#53,.F.);
#7066=ADVANCED_FACE('',(#892),#215,.F.);
#7067=ADVANCED_FACE('',(#893),#54,.F.);
#7068=ADVANCED_FACE('',(#894),#6706,.F.);
#7069=ADVANCED_FACE('',(#895),#6707,.F.);
#7070=ADVANCED_FACE('',(#896),#55,.F.);
#7071=ADVANCED_FACE('',(#897),#56,.F.);
#7072=ADVANCED_FACE('',(#898),#6708,.F.);
#7073=ADVANCED_FACE('',(#899),#6709,.F.);
#7074=ADVANCED_FACE('',(#900),#57,.F.);
#7075=ADVANCED_FACE('',(#901),#216,.F.);
#7076=ADVANCED_FACE('',(#902),#58,.F.);
#7077=ADVANCED_FACE('',(#903),#59,.F.);
#7078=ADVANCED_FACE('',(#904),#217,.F.);
#7079=ADVANCED_FACE('',(#905),#60,.F.);
#7080=ADVANCED_FACE('',(#906),#218,.T.);
#7081=ADVANCED_FACE('',(#907),#6710,.F.);
#7082=ADVANCED_FACE('',(#908),#6711,.T.);
#7083=ADVANCED_FACE('',(#909),#219,.F.);
#7084=ADVANCED_FACE('',(#910),#220,.F.);
#7085=ADVANCED_FACE('',(#911),#6712,.T.);
#7086=ADVANCED_FACE('',(#912),#6713,.T.);
#7087=ADVANCED_FACE('',(#913),#6714,.T.);
#7088=ADVANCED_FACE('',(#914),#6715,.T.);
#7089=ADVANCED_FACE('',(#915),#221,.T.);
#7090=ADVANCED_FACE('',(#916),#222,.T.);
#7091=ADVANCED_FACE('',(#917,#26),#6716,.T.);
#7092=ADVANCED_FACE('',(#918),#6717,.F.);
#7093=ADVANCED_FACE('',(#919,#27),#6718,.F.);
#7094=ADVANCED_FACE('',(#920),#6719,.F.);
#7095=ADVANCED_FACE('',(#921,#28),#6720,.F.);
#7096=ADVANCED_FACE('',(#922),#6721,.F.);
#7097=ADVANCED_FACE('',(#923),#6722,.T.);
#7098=ADVANCED_FACE('',(#924),#6723,.F.);
#7099=ADVANCED_FACE('',(#925),#6724,.F.);
#7100=ADVANCED_FACE('',(#926),#6725,.F.);
#7101=ADVANCED_FACE('',(#927),#6726,.F.);
#7102=ADVANCED_FACE('',(#928),#6727,.F.);
#7103=ADVANCED_FACE('',(#929),#6728,.F.);
#7104=ADVANCED_FACE('',(#930),#6729,.F.);
#7105=ADVANCED_FACE('',(#931),#6730,.F.);
#7106=ADVANCED_FACE('',(#932),#223,.T.);
#7107=ADVANCED_FACE('',(#933),#224,.T.);
#7108=ADVANCED_FACE('',(#934),#6731,.F.);
#7109=ADVANCED_FACE('',(#935),#6732,.T.);
#7110=ADVANCED_FACE('',(#936),#225,.T.);
#7111=ADVANCED_FACE('',(#937),#6733,.F.);
#7112=ADVANCED_FACE('',(#938),#226,.T.);
#7113=ADVANCED_FACE('',(#939),#227,.T.);
#7114=ADVANCED_FACE('',(#940),#228,.F.);
#7115=ADVANCED_FACE('',(#941),#61,.T.);
#7116=ADVANCED_FACE('',(#942),#62,.T.);
#7117=ADVANCED_FACE('',(#943),#6734,.T.);
#7118=ADVANCED_FACE('',(#944),#6735,.T.);
#7119=ADVANCED_FACE('',(#945),#229,.T.);
#7120=ADVANCED_FACE('',(#946),#230,.T.);
#7121=ADVANCED_FACE('',(#947),#231,.T.);
#7122=ADVANCED_FACE('',(#948),#595,.T.);
#7123=ADVANCED_FACE('',(#949),#596,.T.);
#7124=ADVANCED_FACE('',(#950),#232,.T.);
#7125=ADVANCED_FACE('',(#951),#6736,.T.);
#7126=ADVANCED_FACE('',(#952),#233,.T.);
#7127=ADVANCED_FACE('',(#953),#6737,.T.);
#7128=ADVANCED_FACE('',(#954),#234,.T.);
#7129=ADVANCED_FACE('',(#955,#29),#6738,.F.);
#7130=ADVANCED_FACE('',(#956),#6739,.T.);
#7131=ADVANCED_FACE('',(#957,#30),#6740,.T.);
#7132=ADVANCED_FACE('',(#958),#6741,.T.);
#7133=ADVANCED_FACE('',(#959,#31),#6742,.T.);
#7134=ADVANCED_FACE('',(#960),#6743,.T.);
#7135=ADVANCED_FACE('',(#961),#6744,.F.);
#7136=ADVANCED_FACE('',(#962),#6745,.F.);
#7137=ADVANCED_FACE('',(#963),#6746,.F.);
#7138=ADVANCED_FACE('',(#964),#6747,.F.);
#7139=ADVANCED_FACE('',(#965),#63,.F.);
#7140=ADVANCED_FACE('',(#966),#6748,.F.);
#7141=ADVANCED_FACE('',(#967),#235,.T.);
#7142=ADVANCED_FACE('',(#968),#15,.F.);
#7143=ADVANCED_FACE('',(#969),#6749,.T.);
#7144=ADVANCED_FACE('',(#970),#64,.F.);
#7145=ADVANCED_FACE('',(#971),#6750,.F.);
#7146=ADVANCED_FACE('',(#972),#236,.T.);
#7147=ADVANCED_FACE('',(#973),#16,.F.);
#7148=ADVANCED_FACE('',(#974),#6751,.T.);
#7149=ADVANCED_FACE('',(#975),#6752,.F.);
#7150=ADVANCED_FACE('',(#976),#6753,.T.);
#7151=ADVANCED_FACE('',(#977),#237,.T.);
#7152=ADVANCED_FACE('',(#978,#32),#6754,.T.);
#7153=ADVANCED_FACE('',(#979),#238,.T.);
#7154=ADVANCED_FACE('',(#980),#6755,.F.);
#7155=ADVANCED_FACE('',(#981),#239,.T.);
#7156=ADVANCED_FACE('',(#982),#240,.F.);
#7157=ADVANCED_FACE('',(#983),#65,.T.);
#7158=ADVANCED_FACE('',(#984),#66,.T.);
#7159=ADVANCED_FACE('',(#985),#6756,.T.);
#7160=ADVANCED_FACE('',(#986),#6757,.T.);
#7161=ADVANCED_FACE('',(#987),#6758,.T.);
#7162=ADVANCED_FACE('',(#988),#6759,.T.);
#7163=ADVANCED_FACE('',(#989),#6760,.T.);
#7164=ADVANCED_FACE('',(#990),#241,.T.);
#7165=ADVANCED_FACE('',(#991),#242,.T.);
#7166=ADVANCED_FACE('',(#992),#243,.T.);
#7167=ADVANCED_FACE('',(#993),#244,.T.);
#7168=ADVANCED_FACE('',(#994),#245,.T.);
#7169=ADVANCED_FACE('',(#995),#246,.F.);
#7170=ADVANCED_FACE('',(#996),#67,.T.);
#7171=ADVANCED_FACE('',(#997),#247,.T.);
#7172=ADVANCED_FACE('',(#998),#597,.T.);
#7173=ADVANCED_FACE('',(#999),#248,.T.);
#7174=ADVANCED_FACE('',(#1000),#68,.T.);
#7175=ADVANCED_FACE('',(#1001),#249,.T.);
#7176=ADVANCED_FACE('',(#1002),#250,.T.);
#7177=ADVANCED_FACE('',(#1003),#598,.T.);
#7178=ADVANCED_FACE('',(#1004),#251,.T.);
#7179=ADVANCED_FACE('',(#1005),#599,.T.);
#7180=ADVANCED_FACE('',(#1006),#252,.T.);
#7181=ADVANCED_FACE('',(#1007),#600,.T.);
#7182=ADVANCED_FACE('',(#1008),#253,.F.);
#7183=ADVANCED_FACE('',(#1009),#69,.T.);
#7184=ADVANCED_FACE('',(#1010),#601,.T.);
#7185=ADVANCED_FACE('',(#1011),#254,.T.);
#7186=ADVANCED_FACE('',(#1012),#602,.T.);
#7187=ADVANCED_FACE('',(#1013),#70,.T.);
#7188=ADVANCED_FACE('',(#1014),#255,.T.);
#7189=ADVANCED_FACE('',(#1015),#256,.T.);
#7190=ADVANCED_FACE('',(#1016),#6761,.T.);
#7191=ADVANCED_FACE('',(#1017,#33),#6762,.T.);
#7192=ADVANCED_FACE('',(#1018,#34),#6763,.F.);
#7193=ADVANCED_FACE('',(#1019),#6764,.F.);
#7194=ADVANCED_FACE('',(#1020,#35),#6765,.F.);
#7195=ADVANCED_FACE('',(#1021),#6766,.F.);
#7196=ADVANCED_FACE('',(#1022),#6767,.F.);
#7197=ADVANCED_FACE('',(#1023),#6768,.F.);
#7198=ADVANCED_FACE('',(#1024),#6769,.F.);
#7199=ADVANCED_FACE('',(#1025),#6770,.F.);
#7200=ADVANCED_FACE('',(#1026),#6771,.F.);
#7201=ADVANCED_FACE('',(#1027),#6772,.F.);
#7202=ADVANCED_FACE('',(#1028),#6773,.F.);
#7203=ADVANCED_FACE('',(#1029),#6774,.F.);
#7204=ADVANCED_FACE('',(#1030),#6775,.T.);
#7205=ADVANCED_FACE('',(#1031),#257,.T.);
#7206=ADVANCED_FACE('',(#1032,#36),#6776,.F.);
#7207=ADVANCED_FACE('',(#1033),#258,.T.);
#7208=CLOSED_SHELL('',(#6777,#6778,#6779,#6780,#6781,#6782,#6783,#6784,
#6785,#6786,#6787,#6788,#6789,#6790,#6791,#6792,#6793,#6794,#6795,#6796,
#6797,#6798,#6799,#6800,#6801,#6802,#6803,#6804,#6805,#6806,#6807));
#7209=CLOSED_SHELL('',(#6808,#6809,#6810,#6811,#6812,#6813));
#7210=CLOSED_SHELL('',(#6814,#6815,#6816,#6817,#6818,#6819,#6820,#6821,
#6822,#6823,#6824,#6825,#6826,#6827));
#7211=CLOSED_SHELL('',(#6828,#6829,#6830,#6831,#6832,#6833,#6834,#6835,
#6836,#6837,#6838,#6839,#6840,#6841,#6842,#6843,#6844,#6845,#6846,#6847,
#6848,#6849,#6850,#6851,#6852,#6853,#6854,#6855,#6856,#6857,#6858,#6859,
#6860,#6861,#6862,#6863,#6864,#6865,#6866,#6867,#6868,#6869,#6870,#6871,
#6872,#6873,#6874,#6875,#6876,#6877,#6878,#6879,#6880,#6881,#6882,#6883,
#6884,#6885,#6886,#6887,#6888,#6889,#6890,#6891,#6892));
#7212=CLOSED_SHELL('',(#6893,#6894,#6895,#6896,#6897,#6898,#6899,#6900,
#6901,#6902,#6903,#6904,#6905,#6906,#6907,#6908,#6909,#6910,#6911,#6912,
#6913,#6914,#6915,#6916,#6917,#6918,#6919,#6920,#6921,#6922,#6923,#6924,
#6925,#6926,#6927,#6928,#6929,#6930,#6931,#6932));
#7213=CLOSED_SHELL('',(#6933,#6934,#6935,#6936,#6937,#6938,#6939,#6940,
#6941,#6942,#6943,#6944,#6945,#6946,#6947,#6948,#6949,#6950,#6951,#6952,
#6953,#6954,#6955,#6956,#6957,#6958,#6959,#6960,#6961,#6962));
#7214=CLOSED_SHELL('',(#6963,#6964,#6965,#6966,#6967,#6968,#6969,#6970,
#6971,#6972,#6973,#6974,#6975,#6976,#6977,#6978,#6979,#6980,#6981,#6982,
#6983,#6984,#6985,#6986,#6987,#6988,#6989,#6990,#6991,#6992,#6993,#6994,
#6995,#6996,#6997,#6998,#6999,#7000,#7001,#7002,#7003,#7004,#7005,#7006,
#7007,#7008,#7009,#7010,#7011,#7012,#7013,#7014,#7015,#7016,#7017,#7018,
#7019,#7020,#7021,#7022,#7023));
#7215=CLOSED_SHELL('',(#7024,#7025,#7026,#7027,#7028,#7029,#7030,#7031,
#7032,#7033,#7034,#7035,#7036,#7037,#7038,#7039,#7040,#7041,#7042,#7043,
#7044,#7045,#7046,#7047,#7048,#7049,#7050,#7051,#7052,#7053,#7054,#7055,
#7056,#7057,#7058,#7059,#7060,#7061,#7062,#7063,#7064,#7065,#7066,#7067,
#7068,#7069,#7070,#7071,#7072,#7073,#7074,#7075,#7076,#7077,#7078,#7079,
#7080,#7081,#7082,#7083,#7084,#7085,#7086,#7087,#7088));
#7216=CLOSED_SHELL('',(#7089,#7090,#7091,#7092,#7093,#7094,#7095,#7096,
#7097,#7098,#7099,#7100,#7101,#7102,#7103,#7104,#7105,#7106,#7107,#7108,
#7109,#7110,#7111,#7112,#7113,#7114,#7115,#7116,#7117,#7118,#7119,#7120,
#7121,#7122,#7123,#7124,#7125,#7126,#7127,#7128,#7129,#7130,#7131,#7132,
#7133,#7134,#7135,#7136,#7137,#7138));
#7217=CLOSED_SHELL('',(#7139,#7140,#7141,#7142,#7143,#7144,#7145,#7146,
#7147,#7148,#7149,#7150,#7151,#7152,#7153,#7154,#7155,#7156,#7157,#7158,
#7159,#7160,#7161,#7162,#7163,#7164,#7165,#7166,#7167,#7168,#7169,#7170,
#7171,#7172,#7173,#7174,#7175,#7176,#7177,#7178,#7179,#7180,#7181,#7182,
#7183,#7184,#7185,#7186,#7187,#7188,#7189,#7190,#7191,#7192,#7193,#7194,
#7195,#7196,#7197,#7198,#7199,#7200,#7201,#7202,#7203,#7204,#7205,#7206,
#7207));
#7218=DERIVED_UNIT_ELEMENT(#7220,1.);
#7219=DERIVED_UNIT_ELEMENT(#12485,-3.);
#7220=(
MASS_UNIT()
NAMED_UNIT(*)
SI_UNIT(.KILO.,.GRAM.)
);
#7221=DERIVED_UNIT((#7218,#7219));
#7222=MEASURE_REPRESENTATION_ITEM('density measure',
POSITIVE_RATIO_MEASURE(7850.),#7221);
#7223=PROPERTY_DEFINITION_REPRESENTATION(#7228,#7225);
#7224=PROPERTY_DEFINITION_REPRESENTATION(#7229,#7226);
#7225=REPRESENTATION('material name',(#7227),#12482);
#7226=REPRESENTATION('density',(#7222),#12482);
#7227=DESCRIPTIVE_REPRESENTATION_ITEM('\X2\92FC\X0\','\X2\92FC\X0\');
#7228=PROPERTY_DEFINITION('material property','material name',#12492);
#7229=PROPERTY_DEFINITION('material property','density of part',#12492);
#7230=AXIS2_PLACEMENT_3D('',#10141,#7972,#7973);
#7231=AXIS2_PLACEMENT_3D('',#10142,#7974,#7975);
#7232=AXIS2_PLACEMENT_3D('',#10151,#7980,#7981);
#7233=AXIS2_PLACEMENT_3D('',#10157,#7985,#7986);
#7234=AXIS2_PLACEMENT_3D('',#10163,#7990,#7991);
#7235=AXIS2_PLACEMENT_3D('',#10166,#7994,#7995);
#7236=AXIS2_PLACEMENT_3D('',#10167,#7996,#7997);
#7237=AXIS2_PLACEMENT_3D('',#10177,#8003,#8004);
#7238=AXIS2_PLACEMENT_3D('',#10179,#8005,#8006);
#7239=AXIS2_PLACEMENT_3D('',#10181,#8007,#8008);
#7240=AXIS2_PLACEMENT_3D('',#10182,#8009,#8010);
#7241=AXIS2_PLACEMENT_3D('',#10183,#8011,#8012);
#7242=AXIS2_PLACEMENT_3D('',#10186,#8013,#8014);
#7243=AXIS2_PLACEMENT_3D('',#10188,#8015,#8016);
#7244=AXIS2_PLACEMENT_3D('',#10189,#8017,#8018);
#7245=AXIS2_PLACEMENT_3D('',#10190,#8019,#8020);
#7246=AXIS2_PLACEMENT_3D('',#10193,#8023,#8024);
#7247=AXIS2_PLACEMENT_3D('',#10195,#8025,#8026);
#7248=AXIS2_PLACEMENT_3D('',#10197,#8027,#8028);
#7249=AXIS2_PLACEMENT_3D('',#10198,#8029,#8030);
#7250=AXIS2_PLACEMENT_3D('',#10199,#8031,#8032);
#7251=AXIS2_PLACEMENT_3D('',#10201,#8034,#8035);
#7252=AXIS2_PLACEMENT_3D('',#10203,#8036,#8037);
#7253=AXIS2_PLACEMENT_3D('',#10205,#8038,#8039);
#7254=AXIS2_PLACEMENT_3D('',#10206,#8040,#8041);
#7255=AXIS2_PLACEMENT_3D('',#10207,#8042,#8043);
#7256=AXIS2_PLACEMENT_3D('',#10210,#8044,#8045);
#7257=AXIS2_PLACEMENT_3D('',#10212,#8046,#8047);
#7258=AXIS2_PLACEMENT_3D('',#10213,#8048,#8049);
#7259=AXIS2_PLACEMENT_3D('',#10214,#8050,#8051);
#7260=AXIS2_PLACEMENT_3D('',#10217,#8054,#8055);
#7261=AXIS2_PLACEMENT_3D('',#10220,#8056,#8057);
#7262=AXIS2_PLACEMENT_3D('',#10222,#8058,#8059);
#7263=AXIS2_PLACEMENT_3D('',#10223,#8060,#8061);
#7264=AXIS2_PLACEMENT_3D('',#10224,#8062,#8063);
#7265=AXIS2_PLACEMENT_3D('',#10227,#8066,#8067);
#7266=AXIS2_PLACEMENT_3D('',#10230,#8070,#8071);
#7267=AXIS2_PLACEMENT_3D('',#10233,#8072,#8073);
#7268=AXIS2_PLACEMENT_3D('',#10234,#8074,#8075);
#7269=AXIS2_PLACEMENT_3D('',#10235,#8076,#8077);
#7270=AXIS2_PLACEMENT_3D('',#10236,#8078,#8079);
#7271=AXIS2_PLACEMENT_3D('',#10238,#8081,#8082);
#7272=AXIS2_PLACEMENT_3D('',#10240,#8084,#8085);
#7273=AXIS2_PLACEMENT_3D('',#10243,#8086,#8087);
#7274=AXIS2_PLACEMENT_3D('',#10245,#8088,#8089);
#7275=AXIS2_PLACEMENT_3D('',#10246,#8090,#8091);
#7276=AXIS2_PLACEMENT_3D('',#10247,#8092,#8093);
#7277=AXIS2_PLACEMENT_3D('',#10250,#8096,#8097);
#7278=AXIS2_PLACEMENT_3D('',#10253,#8100,#8101);
#7279=AXIS2_PLACEMENT_3D('',#10256,#8104,#8105);
#7280=AXIS2_PLACEMENT_3D('',#10259,#8108,#8109);
#7281=AXIS2_PLACEMENT_3D('',#10261,#8111,#8112);
#7282=AXIS2_PLACEMENT_3D('',#10262,#8113,#8114);
#7283=AXIS2_PLACEMENT_3D('',#10263,#8115,#8116);
#7284=AXIS2_PLACEMENT_3D('',#10264,#8117,#8118);
#7285=AXIS2_PLACEMENT_3D('',#10265,#8119,#8120);
#7286=AXIS2_PLACEMENT_3D('',#10266,#8121,#8122);
#7287=AXIS2_PLACEMENT_3D('',#10275,#8127,#8128);
#7288=AXIS2_PLACEMENT_3D('',#10281,#8132,#8133);
#7289=AXIS2_PLACEMENT_3D('',#10287,#8137,#8138);
#7290=AXIS2_PLACEMENT_3D('',#10290,#8141,#8142);
#7291=AXIS2_PLACEMENT_3D('',#10291,#8143,#8144);
#7292=AXIS2_PLACEMENT_3D('',#10292,#8145,#8146);
#7293=AXIS2_PLACEMENT_3D('',#10301,#8151,#8152);
#7294=AXIS2_PLACEMENT_3D('',#10307,#8156,#8157);
#7295=AXIS2_PLACEMENT_3D('',#10313,#8161,#8162);
#7296=AXIS2_PLACEMENT_3D('',#10315,#8164,#8165);
#7297=AXIS2_PLACEMENT_3D('',#10324,#8170,#8171);
#7298=AXIS2_PLACEMENT_3D('',#10330,#8175,#8176);
#7299=AXIS2_PLACEMENT_3D('',#10336,#8180,#8181);
#7300=AXIS2_PLACEMENT_3D('',#10338,#8183,#8184);
#7301=AXIS2_PLACEMENT_3D('',#10347,#8189,#8190);
#7302=AXIS2_PLACEMENT_3D('',#10354,#8195,#8196);
#7303=AXIS2_PLACEMENT_3D('',#10360,#8200,#8201);
#7304=AXIS2_PLACEMENT_3D('',#10364,#8205,#8206);
#7305=AXIS2_PLACEMENT_3D('',#10365,#8207,#8208);
#7306=AXIS2_PLACEMENT_3D('',#10366,#8209,#8210);
#7307=AXIS2_PLACEMENT_3D('',#10375,#8215,#8216);
#7308=AXIS2_PLACEMENT_3D('',#10377,#8217,#8218);
#7309=AXIS2_PLACEMENT_3D('',#10379,#8219,#8220);
#7310=AXIS2_PLACEMENT_3D('',#10381,#8222,#8223);
#7311=AXIS2_PLACEMENT_3D('',#10383,#8224,#8225);
#7312=AXIS2_PLACEMENT_3D('',#10385,#8226,#8227);
#7313=AXIS2_PLACEMENT_3D('',#10387,#8229,#8230);
#7314=AXIS2_PLACEMENT_3D('',#10389,#8231,#8232);
#7315=AXIS2_PLACEMENT_3D('',#10391,#8233,#8234);
#7316=AXIS2_PLACEMENT_3D('',#10393,#8236,#8237);
#7317=AXIS2_PLACEMENT_3D('',#10394,#8238,#8239);
#7318=AXIS2_PLACEMENT_3D('',#10395,#8240,#8241);
#7319=AXIS2_PLACEMENT_3D('',#10397,#8242,#8243);
#7320=AXIS2_PLACEMENT_3D('',#10399,#8244,#8245);
#7321=AXIS2_PLACEMENT_3D('',#10401,#8247,#8248);
#7322=AXIS2_PLACEMENT_3D('',#10402,#8249,#8250);
#7323=AXIS2_PLACEMENT_3D('',#10403,#8251,#8252);
#7324=AXIS2_PLACEMENT_3D('',#10404,#8253,#8254);
#7325=AXIS2_PLACEMENT_3D('',#10405,#8255,#8256);
#7326=AXIS2_PLACEMENT_3D('',#10406,#8257,#8258);
#7327=AXIS2_PLACEMENT_3D('',#10407,#8259,#8260);
#7328=AXIS2_PLACEMENT_3D('',#10411,#8262,#8263);
#7329=AXIS2_PLACEMENT_3D('',#10413,#8265,#8266);
#7330=AXIS2_PLACEMENT_3D('',#10417,#8269,#8270);
#7331=AXIS2_PLACEMENT_3D('',#10420,#8272,#8273);
#7332=AXIS2_PLACEMENT_3D('',#10421,#8274,#8275);
#7333=AXIS2_PLACEMENT_3D('',#10451,#8283,#8284);
#7334=AXIS2_PLACEMENT_3D('',#10463,#8290,#8291);
#7335=AXIS2_PLACEMENT_3D('',#10489,#8298,#8299);
#7336=AXIS2_PLACEMENT_3D('',#10495,#8303,#8304);
#7337=AXIS2_PLACEMENT_3D('',#10504,#8309,#8310);
#7338=AXIS2_PLACEMENT_3D('',#10508,#8313,#8314);
#7339=AXIS2_PLACEMENT_3D('',#10509,#8315,#8316);
#7340=AXIS2_PLACEMENT_3D('',#10510,#8317,#8318);
#7341=AXIS2_PLACEMENT_3D('',#10511,#8319,#8320);
#7342=AXIS2_PLACEMENT_3D('',#10512,#8321,#8322);
#7343=AXIS2_PLACEMENT_3D('',#10513,#8323,#8324);
#7344=AXIS2_PLACEMENT_3D('',#10515,#8325,#8326);
#7345=AXIS2_PLACEMENT_3D('',#10517,#8327,#8328);
#7346=AXIS2_PLACEMENT_3D('',#10519,#8330,#8331);
#7347=AXIS2_PLACEMENT_3D('',#10522,#8333,#8334);
#7348=AXIS2_PLACEMENT_3D('',#10523,#8335,#8336);
#7349=AXIS2_PLACEMENT_3D('',#10524,#8337,#8338);
#7350=AXIS2_PLACEMENT_3D('',#10525,#8339,#8340);
#7351=AXIS2_PLACEMENT_3D('',#10526,#8341,#8342);
#7352=AXIS2_PLACEMENT_3D('',#10527,#8343,#8344);
#7353=AXIS2_PLACEMENT_3D('',#10531,#8346,#8347);
#7354=AXIS2_PLACEMENT_3D('',#10533,#8349,#8350);
#7355=AXIS2_PLACEMENT_3D('',#10552,#8353,#8354);
#7356=AXIS2_PLACEMENT_3D('',#10564,#8360,#8361);
#7357=AXIS2_PLACEMENT_3D('',#10592,#8369,#8370);
#7358=AXIS2_PLACEMENT_3D('',#10594,#8372,#8373);
#7359=AXIS2_PLACEMENT_3D('',#10598,#8375,#8376);
#7360=AXIS2_PLACEMENT_3D('',#10600,#8378,#8379);
#7361=AXIS2_PLACEMENT_3D('',#10601,#8380,#8381);
#7362=AXIS2_PLACEMENT_3D('',#10603,#8382,#8383);
#7363=AXIS2_PLACEMENT_3D('',#10605,#8384,#8385);
#7364=AXIS2_PLACEMENT_3D('',#10606,#8386,#8387);
#7365=AXIS2_PLACEMENT_3D('',#10607,#8388,#8389);
#7366=AXIS2_PLACEMENT_3D('',#10609,#8390,#8391);
#7367=AXIS2_PLACEMENT_3D('',#10611,#8392,#8393);
#7368=AXIS2_PLACEMENT_3D('',#10612,#8394,#8395);
#7369=AXIS2_PLACEMENT_3D('',#10613,#8396,#8397);
#7370=AXIS2_PLACEMENT_3D('',#10615,#8399,#8400);
#7371=AXIS2_PLACEMENT_3D('',#10618,#8403,#8404);
#7372=AXIS2_PLACEMENT_3D('',#10620,#8406,#8407);
#7373=AXIS2_PLACEMENT_3D('',#10621,#8408,#8409);
#7374=AXIS2_PLACEMENT_3D('',#10624,#8412,#8413);
#7375=AXIS2_PLACEMENT_3D('',#10625,#8414,#8415);
#7376=AXIS2_PLACEMENT_3D('',#10627,#8416,#8417);
#7377=AXIS2_PLACEMENT_3D('',#10629,#8419,#8420);
#7378=AXIS2_PLACEMENT_3D('',#10631,#8422,#8423);
#7379=AXIS2_PLACEMENT_3D('',#10634,#8425,#8426);
#7380=AXIS2_PLACEMENT_3D('',#10635,#8427,#8428);
#7381=AXIS2_PLACEMENT_3D('',#10639,#8431,#8432);
#7382=AXIS2_PLACEMENT_3D('',#10640,#8433,#8434);
#7383=AXIS2_PLACEMENT_3D('',#10641,#8435,#8436);
#7384=AXIS2_PLACEMENT_3D('',#10644,#8438,#8439);
#7385=AXIS2_PLACEMENT_3D('',#10645,#8440,#8441);
#7386=AXIS2_PLACEMENT_3D('',#10647,#8443,#8444);
#7387=AXIS2_PLACEMENT_3D('',#10649,#8445,#8446);
#7388=AXIS2_PLACEMENT_3D('',#10650,#8447,#8448);
#7389=AXIS2_PLACEMENT_3D('',#10651,#8449,#8450);
#7390=AXIS2_PLACEMENT_3D('',#10653,#8451,#8452);
#7391=AXIS2_PLACEMENT_3D('',#10655,#8454,#8455);
#7392=AXIS2_PLACEMENT_3D('',#10656,#8456,#8457);
#7393=AXIS2_PLACEMENT_3D('',#10657,#8458,#8459);
#7394=AXIS2_PLACEMENT_3D('',#10658,#8460,#8461);
#7395=AXIS2_PLACEMENT_3D('',#10659,#8462,#8463);
#7396=AXIS2_PLACEMENT_3D('',#10660,#8464,#8465);
#7397=AXIS2_PLACEMENT_3D('',#10661,#8466,#8467);
#7398=AXIS2_PLACEMENT_3D('',#10663,#8468,#8469);
#7399=AXIS2_PLACEMENT_3D('',#10664,#8470,#8471);
#7400=AXIS2_PLACEMENT_3D('',#10665,#8472,#8473);
#7401=AXIS2_PLACEMENT_3D('',#10667,#8474,#8475);
#7402=AXIS2_PLACEMENT_3D('',#10668,#8476,#8477);
#7403=AXIS2_PLACEMENT_3D('',#10669,#8478,#8479);
#7404=AXIS2_PLACEMENT_3D('',#10670,#8480,#8481);
#7405=AXIS2_PLACEMENT_3D('',#10671,#8482,#8483);
#7406=AXIS2_PLACEMENT_3D('',#10672,#8484,#8485);
#7407=AXIS2_PLACEMENT_3D('',#10673,#8486,#8487);
#7408=AXIS2_PLACEMENT_3D('',#10674,#8488,#8489);
#7409=AXIS2_PLACEMENT_3D('',#10675,#8490,#8491);
#7410=AXIS2_PLACEMENT_3D('',#10677,#8492,#8493);
#7411=AXIS2_PLACEMENT_3D('',#10679,#8495,#8496);
#7412=AXIS2_PLACEMENT_3D('',#10680,#8497,#8498);
#7413=AXIS2_PLACEMENT_3D('',#10681,#8499,#8500);
#7414=AXIS2_PLACEMENT_3D('',#10682,#8501,#8502);
#7415=AXIS2_PLACEMENT_3D('',#10683,#8503,#8504);
#7416=AXIS2_PLACEMENT_3D('',#10684,#8505,#8506);
#7417=AXIS2_PLACEMENT_3D('',#10685,#8507,#8508);
#7418=AXIS2_PLACEMENT_3D('',#10686,#8509,#8510);
#7419=AXIS2_PLACEMENT_3D('',#10688,#8512,#8513);
#7420=AXIS2_PLACEMENT_3D('',#10689,#8514,#8515);
#7421=AXIS2_PLACEMENT_3D('',#10692,#8518,#8519);
#7422=AXIS2_PLACEMENT_3D('',#10694,#8521,#8522);
#7423=AXIS2_PLACEMENT_3D('',#10696,#8524,#8525);
#7424=AXIS2_PLACEMENT_3D('',#10698,#8527,#8528);
#7425=AXIS2_PLACEMENT_3D('',#10700,#8530,#8531);
#7426=AXIS2_PLACEMENT_3D('',#10701,#8532,#8533);
#7427=AXIS2_PLACEMENT_3D('',#10702,#8534,#8535);
#7428=AXIS2_PLACEMENT_3D('',#10711,#8540,#8541);
#7429=AXIS2_PLACEMENT_3D('',#10717,#8545,#8546);
#7430=AXIS2_PLACEMENT_3D('',#10723,#8550,#8551);
#7431=AXIS2_PLACEMENT_3D('',#10726,#8554,#8555);
#7432=AXIS2_PLACEMENT_3D('',#10735,#8560,#8561);
#7433=AXIS2_PLACEMENT_3D('',#10741,#8565,#8566);
#7434=AXIS2_PLACEMENT_3D('',#10747,#8570,#8571);
#7435=AXIS2_PLACEMENT_3D('',#10750,#8574,#8575);
#7436=AXIS2_PLACEMENT_3D('',#10751,#8576,#8577);
#7437=AXIS2_PLACEMENT_3D('',#10760,#8582,#8583);
#7438=AXIS2_PLACEMENT_3D('',#10766,#8587,#8588);
#7439=AXIS2_PLACEMENT_3D('',#10772,#8592,#8593);
#7440=AXIS2_PLACEMENT_3D('',#10775,#8596,#8597);
#7441=AXIS2_PLACEMENT_3D('',#10784,#8602,#8603);
#7442=AXIS2_PLACEMENT_3D('',#10790,#8607,#8608);
#7443=AXIS2_PLACEMENT_3D('',#10796,#8612,#8613);
#7444=AXIS2_PLACEMENT_3D('',#10799,#8616,#8617);
#7445=AXIS2_PLACEMENT_3D('',#10800,#8618,#8619);
#7446=AXIS2_PLACEMENT_3D('',#10803,#8620,#8621);
#7447=AXIS2_PLACEMENT_3D('',#10807,#8623,#8624);
#7448=AXIS2_PLACEMENT_3D('',#10811,#8626,#8627);
#7449=AXIS2_PLACEMENT_3D('',#10815,#8629,#8630);
#7450=AXIS2_PLACEMENT_3D('',#10817,#8632,#8633);
#7451=AXIS2_PLACEMENT_3D('',#10821,#8635,#8636);
#7452=AXIS2_PLACEMENT_3D('',#10823,#8638,#8639);
#7453=AXIS2_PLACEMENT_3D('',#10827,#8642,#8643);
#7454=AXIS2_PLACEMENT_3D('',#10830,#8645,#8646);
#7455=AXIS2_PLACEMENT_3D('',#10831,#8647,#8648);
#7456=AXIS2_PLACEMENT_3D('',#10838,#8651,#8652);
#7457=AXIS2_PLACEMENT_3D('',#10841,#8655,#8656);
#7458=AXIS2_PLACEMENT_3D('',#10843,#8657,#8658);
#7459=AXIS2_PLACEMENT_3D('',#10844,#8659,#8660);
#7460=AXIS2_PLACEMENT_3D('',#10845,#8661,#8662);
#7461=AXIS2_PLACEMENT_3D('',#10847,#8663,#8664);
#7462=AXIS2_PLACEMENT_3D('',#10849,#8666,#8667);
#7463=AXIS2_PLACEMENT_3D('',#10851,#8668,#8669);
#7464=AXIS2_PLACEMENT_3D('',#10852,#8670,#8671);
#7465=AXIS2_PLACEMENT_3D('',#10853,#8672,#8673);
#7466=AXIS2_PLACEMENT_3D('',#10855,#8675,#8676);
#7467=AXIS2_PLACEMENT_3D('',#10858,#8677,#8678);
#7468=AXIS2_PLACEMENT_3D('',#10859,#8679,#8680);
#7469=AXIS2_PLACEMENT_3D('',#10860,#8681,#8682);
#7470=AXIS2_PLACEMENT_3D('',#10861,#8683,#8684);
#7471=AXIS2_PLACEMENT_3D('',#10863,#8686,#8687);
#7472=AXIS2_PLACEMENT_3D('',#10866,#8688,#8689);
#7473=AXIS2_PLACEMENT_3D('',#10868,#8690,#8691);
#7474=AXIS2_PLACEMENT_3D('',#10870,#8692,#8693);
#7475=AXIS2_PLACEMENT_3D('',#10871,#8694,#8695);
#7476=AXIS2_PLACEMENT_3D('',#10872,#8696,#8697);
#7477=AXIS2_PLACEMENT_3D('',#10875,#8700,#8701);
#7478=AXIS2_PLACEMENT_3D('',#10878,#8704,#8705);
#7479=AXIS2_PLACEMENT_3D('',#10880,#8706,#8707);
#7480=AXIS2_PLACEMENT_3D('',#10882,#8709,#8710);
#7481=AXIS2_PLACEMENT_3D('',#10883,#8711,#8712);
#7482=AXIS2_PLACEMENT_3D('',#10887,#8715,#8716);
#7483=AXIS2_PLACEMENT_3D('',#10891,#8719,#8720);
#7484=AXIS2_PLACEMENT_3D('',#10893,#8721,#8722);
#7485=AXIS2_PLACEMENT_3D('',#10895,#8724,#8725);
#7486=AXIS2_PLACEMENT_3D('',#10899,#8728,#8729);
#7487=AXIS2_PLACEMENT_3D('',#10900,#8730,#8731);
#7488=AXIS2_PLACEMENT_3D('',#10901,#8732,#8733);
#7489=AXIS2_PLACEMENT_3D('',#10902,#8734,#8735);
#7490=AXIS2_PLACEMENT_3D('',#10911,#8740,#8741);
#7491=AXIS2_PLACEMENT_3D('',#10913,#8742,#8743);
#7492=AXIS2_PLACEMENT_3D('',#10916,#8745,#8746);
#7493=AXIS2_PLACEMENT_3D('',#10917,#8747,#8748);
#7494=AXIS2_PLACEMENT_3D('',#10923,#8752,#8753);
#7495=AXIS2_PLACEMENT_3D('',#10925,#8754,#8755);
#7496=AXIS2_PLACEMENT_3D('',#10928,#8757,#8758);
#7497=AXIS2_PLACEMENT_3D('',#10929,#8759,#8760);
#7498=AXIS2_PLACEMENT_3D('',#10935,#8764,#8765);
#7499=AXIS2_PLACEMENT_3D('',#10941,#8769,#8770);
#7500=AXIS2_PLACEMENT_3D('',#10950,#8775,#8776);
#7501=AXIS2_PLACEMENT_3D('',#10956,#8780,#8781);
#7502=AXIS2_PLACEMENT_3D('',#10962,#8785,#8786);
#7503=AXIS2_PLACEMENT_3D('',#10965,#8789,#8790);
#7504=AXIS2_PLACEMENT_3D('',#10974,#8795,#8796);
#7505=AXIS2_PLACEMENT_3D('',#10980,#8800,#8801);
#7506=AXIS2_PLACEMENT_3D('',#10986,#8805,#8806);
#7507=AXIS2_PLACEMENT_3D('',#10992,#8810,#8811);
#7508=AXIS2_PLACEMENT_3D('',#10998,#8815,#8816);
#7509=AXIS2_PLACEMENT_3D('',#11004,#8820,#8821);
#7510=AXIS2_PLACEMENT_3D('',#11010,#8825,#8826);
#7511=AXIS2_PLACEMENT_3D('',#11016,#8830,#8831);
#7512=AXIS2_PLACEMENT_3D('',#11022,#8835,#8836);
#7513=AXIS2_PLACEMENT_3D('',#11028,#8840,#8841);
#7514=AXIS2_PLACEMENT_3D('',#11031,#8844,#8845);
#7515=AXIS2_PLACEMENT_3D('',#11035,#8847,#8848);
#7516=AXIS2_PLACEMENT_3D('',#11039,#8850,#8851);
#7517=AXIS2_PLACEMENT_3D('',#11045,#8855,#8856);
#7518=AXIS2_PLACEMENT_3D('',#11053,#8860,#8861);
#7519=AXIS2_PLACEMENT_3D('',#11057,#8863,#8864);
#7520=AXIS2_PLACEMENT_3D('',#11059,#8866,#8867);
#7521=AXIS2_PLACEMENT_3D('',#11061,#8869,#8870);
#7522=AXIS2_PLACEMENT_3D('',#11063,#8872,#8873);
#7523=AXIS2_PLACEMENT_3D('',#11065,#8875,#8876);
#7524=AXIS2_PLACEMENT_3D('',#11067,#8878,#8879);
#7525=AXIS2_PLACEMENT_3D('',#11069,#8881,#8882);
#7526=AXIS2_PLACEMENT_3D('',#11071,#8884,#8885);
#7527=AXIS2_PLACEMENT_3D('',#11072,#8886,#8887);
#7528=AXIS2_PLACEMENT_3D('',#11087,#8888,#8889);
#7529=AXIS2_PLACEMENT_3D('',#11096,#8890,#8891);
#7530=AXIS2_PLACEMENT_3D('',#11098,#8892,#8893);
#7531=AXIS2_PLACEMENT_3D('',#11099,#8894,#8895);
#7532=AXIS2_PLACEMENT_3D('',#11107,#8896,#8897);
#7533=AXIS2_PLACEMENT_3D('',#11108,#8898,#8899);
#7534=AXIS2_PLACEMENT_3D('',#11128,#8903,#8904);
#7535=AXIS2_PLACEMENT_3D('',#11134,#8908,#8909);
#7536=AXIS2_PLACEMENT_3D('',#11137,#8911,#8912);
#7537=AXIS2_PLACEMENT_3D('',#11138,#8913,#8914);
#7538=AXIS2_PLACEMENT_3D('',#11146,#8918,#8919);
#7539=AXIS2_PLACEMENT_3D('',#11164,#8922,#8923);
#7540=AXIS2_PLACEMENT_3D('',#11168,#8925,#8926);
#7541=AXIS2_PLACEMENT_3D('',#11169,#8927,#8928);
#7542=AXIS2_PLACEMENT_3D('',#11198,#8929,#8930);
#7543=AXIS2_PLACEMENT_3D('',#11199,#8931,#8932);
#7544=AXIS2_PLACEMENT_3D('',#11200,#8933,#8934);
#7545=AXIS2_PLACEMENT_3D('',#11201,#8935,#8936);
#7546=AXIS2_PLACEMENT_3D('',#11203,#8937,#8938);
#7547=AXIS2_PLACEMENT_3D('',#11205,#8939,#8940);
#7548=AXIS2_PLACEMENT_3D('',#11206,#8941,#8942);
#7549=AXIS2_PLACEMENT_3D('',#11207,#8943,#8944);
#7550=AXIS2_PLACEMENT_3D('',#11208,#8945,#8946);
#7551=AXIS2_PLACEMENT_3D('',#11210,#8947,#8948);
#7552=AXIS2_PLACEMENT_3D('',#11213,#8950,#8951);
#7553=AXIS2_PLACEMENT_3D('',#11214,#8952,#8953);
#7554=AXIS2_PLACEMENT_3D('',#11218,#8955,#8956);
#7555=AXIS2_PLACEMENT_3D('',#11219,#8957,#8958);
#7556=AXIS2_PLACEMENT_3D('',#11248,#8959,#8960);
#7557=AXIS2_PLACEMENT_3D('',#11249,#8961,#8962);
#7558=AXIS2_PLACEMENT_3D('',#11250,#8963,#8964);
#7559=AXIS2_PLACEMENT_3D('',#11251,#8965,#8966);
#7560=AXIS2_PLACEMENT_3D('',#11256,#8968,#8969);
#7561=AXIS2_PLACEMENT_3D('',#11263,#8973,#8974);
#7562=AXIS2_PLACEMENT_3D('',#11264,#8975,#8976);
#7563=AXIS2_PLACEMENT_3D('',#11270,#8980,#8981);
#7564=AXIS2_PLACEMENT_3D('',#11278,#8985,#8986);
#7565=AXIS2_PLACEMENT_3D('',#11279,#8987,#8988);
#7566=AXIS2_PLACEMENT_3D('',#11280,#8989,#8990);
#7567=AXIS2_PLACEMENT_3D('',#11287,#8994,#8995);
#7568=AXIS2_PLACEMENT_3D('',#11288,#8996,#8997);
#7569=AXIS2_PLACEMENT_3D('',#11297,#9002,#9003);
#7570=AXIS2_PLACEMENT_3D('',#11305,#9008,#9009);
#7571=AXIS2_PLACEMENT_3D('',#11310,#9013,#9014);
#7572=AXIS2_PLACEMENT_3D('',#11315,#9018,#9019);
#7573=AXIS2_PLACEMENT_3D('',#11320,#9023,#9024);
#7574=AXIS2_PLACEMENT_3D('',#11322,#9026,#9027);
#7575=AXIS2_PLACEMENT_3D('',#11326,#9030,#9031);
#7576=AXIS2_PLACEMENT_3D('',#11328,#9033,#9034);
#7577=AXIS2_PLACEMENT_3D('',#11332,#9037,#9038);
#7578=AXIS2_PLACEMENT_3D('',#11336,#9041,#9042);
#7579=AXIS2_PLACEMENT_3D('',#11345,#9047,#9048);
#7580=AXIS2_PLACEMENT_3D('',#11351,#9052,#9053);
#7581=AXIS2_PLACEMENT_3D('',#11357,#9057,#9058);
#7582=AXIS2_PLACEMENT_3D('',#11360,#9061,#9062);
#7583=AXIS2_PLACEMENT_3D('',#11362,#9063,#9064);
#7584=AXIS2_PLACEMENT_3D('',#11365,#9066,#9067);
#7585=AXIS2_PLACEMENT_3D('',#11366,#9068,#9069);
#7586=AXIS2_PLACEMENT_3D('',#11370,#9071,#9072);
#7587=AXIS2_PLACEMENT_3D('',#11372,#9074,#9075);
#7588=AXIS2_PLACEMENT_3D('',#11375,#9077,#9078);
#7589=AXIS2_PLACEMENT_3D('',#11376,#9079,#9080);
#7590=AXIS2_PLACEMENT_3D('',#11380,#9083,#9084);
#7591=AXIS2_PLACEMENT_3D('',#11381,#9085,#9086);
#7592=AXIS2_PLACEMENT_3D('',#11382,#9087,#9088);
#7593=AXIS2_PLACEMENT_3D('',#11385,#9089,#9090);
#7594=AXIS2_PLACEMENT_3D('',#11386,#9091,#9092);
#7595=AXIS2_PLACEMENT_3D('',#11387,#9093,#9094);
#7596=AXIS2_PLACEMENT_3D('',#11388,#9095,#9096);
#7597=AXIS2_PLACEMENT_3D('',#11391,#9097,#9098);
#7598=AXIS2_PLACEMENT_3D('',#11392,#9099,#9100);
#7599=AXIS2_PLACEMENT_3D('',#11393,#9101,#9102);
#7600=AXIS2_PLACEMENT_3D('',#11394,#9103,#9104);
#7601=AXIS2_PLACEMENT_3D('',#11396,#9105,#9106);
#7602=AXIS2_PLACEMENT_3D('',#11398,#9107,#9108);
#7603=AXIS2_PLACEMENT_3D('',#11399,#9109,#9110);
#7604=AXIS2_PLACEMENT_3D('',#11400,#9111,#9112);
#7605=AXIS2_PLACEMENT_3D('',#11403,#9115,#9116);
#7606=AXIS2_PLACEMENT_3D('',#11405,#9117,#9118);
#7607=AXIS2_PLACEMENT_3D('',#11407,#9120,#9121);
#7608=AXIS2_PLACEMENT_3D('',#11409,#9122,#9123);
#7609=AXIS2_PLACEMENT_3D('',#11410,#9124,#9125);
#7610=AXIS2_PLACEMENT_3D('',#11411,#9126,#9127);
#7611=AXIS2_PLACEMENT_3D('',#11413,#9128,#9129);
#7612=AXIS2_PLACEMENT_3D('',#11415,#9130,#9131);
#7613=AXIS2_PLACEMENT_3D('',#11416,#9132,#9133);
#7614=AXIS2_PLACEMENT_3D('',#11417,#9134,#9135);
#7615=AXIS2_PLACEMENT_3D('',#11420,#9138,#9139);
#7616=AXIS2_PLACEMENT_3D('',#11422,#9141,#9142);
#7617=AXIS2_PLACEMENT_3D('',#11424,#9143,#9144);
#7618=AXIS2_PLACEMENT_3D('',#11425,#9145,#9146);
#7619=AXIS2_PLACEMENT_3D('',#11426,#9147,#9148);
#7620=AXIS2_PLACEMENT_3D('',#11428,#9150,#9151);
#7621=AXIS2_PLACEMENT_3D('',#11431,#9154,#9155);
#7622=AXIS2_PLACEMENT_3D('',#11434,#9158,#9159);
#7623=AXIS2_PLACEMENT_3D('',#11436,#9161,#9162);
#7624=AXIS2_PLACEMENT_3D('',#11437,#9163,#9164);
#7625=AXIS2_PLACEMENT_3D('',#11438,#9165,#9166);
#7626=AXIS2_PLACEMENT_3D('',#11440,#9167,#9168);
#7627=AXIS2_PLACEMENT_3D('',#11441,#9169,#9170);
#7628=AXIS2_PLACEMENT_3D('',#11442,#9171,#9172);
#7629=AXIS2_PLACEMENT_3D('',#11444,#9173,#9174);
#7630=AXIS2_PLACEMENT_3D('',#11445,#9175,#9176);
#7631=AXIS2_PLACEMENT_3D('',#11446,#9177,#9178);
#7632=AXIS2_PLACEMENT_3D('',#11448,#9180,#9181);
#7633=AXIS2_PLACEMENT_3D('',#11450,#9183,#9184);
#7634=AXIS2_PLACEMENT_3D('',#11452,#9186,#9187);
#7635=AXIS2_PLACEMENT_3D('',#11453,#9188,#9189);
#7636=AXIS2_PLACEMENT_3D('',#11457,#9192,#9193);
#7637=AXIS2_PLACEMENT_3D('',#11458,#9194,#9195);
#7638=AXIS2_PLACEMENT_3D('',#11459,#9196,#9197);
#7639=AXIS2_PLACEMENT_3D('',#11460,#9198,#9199);
#7640=AXIS2_PLACEMENT_3D('',#11461,#9200,#9201);
#7641=AXIS2_PLACEMENT_3D('',#11470,#9206,#9207);
#7642=AXIS2_PLACEMENT_3D('',#11472,#9208,#9209);
#7643=AXIS2_PLACEMENT_3D('',#11474,#9210,#9211);
#7644=AXIS2_PLACEMENT_3D('',#11476,#9213,#9214);
#7645=AXIS2_PLACEMENT_3D('',#11478,#9215,#9216);
#7646=AXIS2_PLACEMENT_3D('',#11480,#9217,#9218);
#7647=AXIS2_PLACEMENT_3D('',#11482,#9220,#9221);
#7648=AXIS2_PLACEMENT_3D('',#11484,#9222,#9223);
#7649=AXIS2_PLACEMENT_3D('',#11486,#9224,#9225);
#7650=AXIS2_PLACEMENT_3D('',#11488,#9227,#9228);
#7651=AXIS2_PLACEMENT_3D('',#11489,#9229,#9230);
#7652=AXIS2_PLACEMENT_3D('',#11490,#9231,#9232);
#7653=AXIS2_PLACEMENT_3D('',#11492,#9233,#9234);
#7654=AXIS2_PLACEMENT_3D('',#11494,#9235,#9236);
#7655=AXIS2_PLACEMENT_3D('',#11496,#9238,#9239);
#7656=AXIS2_PLACEMENT_3D('',#11497,#9240,#9241);
#7657=AXIS2_PLACEMENT_3D('',#11498,#9242,#9243);
#7658=AXIS2_PLACEMENT_3D('',#11499,#9244,#9245);
#7659=AXIS2_PLACEMENT_3D('',#11500,#9246,#9247);
#7660=AXIS2_PLACEMENT_3D('',#11501,#9248,#9249);
#7661=AXIS2_PLACEMENT_3D('',#11502,#9250,#9251);
#7662=AXIS2_PLACEMENT_3D('',#11506,#9253,#9254);
#7663=AXIS2_PLACEMENT_3D('',#11508,#9256,#9257);
#7664=AXIS2_PLACEMENT_3D('',#11512,#9260,#9261);
#7665=AXIS2_PLACEMENT_3D('',#11515,#9263,#9264);
#7666=AXIS2_PLACEMENT_3D('',#11516,#9265,#9266);
#7667=AXIS2_PLACEMENT_3D('',#11546,#9274,#9275);
#7668=AXIS2_PLACEMENT_3D('',#11558,#9281,#9282);
#7669=AXIS2_PLACEMENT_3D('',#11584,#9289,#9290);
#7670=AXIS2_PLACEMENT_3D('',#11590,#9294,#9295);
#7671=AXIS2_PLACEMENT_3D('',#11599,#9300,#9301);
#7672=AXIS2_PLACEMENT_3D('',#11603,#9304,#9305);
#7673=AXIS2_PLACEMENT_3D('',#11604,#9306,#9307);
#7674=AXIS2_PLACEMENT_3D('',#11605,#9308,#9309);
#7675=AXIS2_PLACEMENT_3D('',#11606,#9310,#9311);
#7676=AXIS2_PLACEMENT_3D('',#11607,#9312,#9313);
#7677=AXIS2_PLACEMENT_3D('',#11608,#9314,#9315);
#7678=AXIS2_PLACEMENT_3D('',#11610,#9316,#9317);
#7679=AXIS2_PLACEMENT_3D('',#11612,#9318,#9319);
#7680=AXIS2_PLACEMENT_3D('',#11614,#9321,#9322);
#7681=AXIS2_PLACEMENT_3D('',#11617,#9324,#9325);
#7682=AXIS2_PLACEMENT_3D('',#11618,#9326,#9327);
#7683=AXIS2_PLACEMENT_3D('',#11619,#9328,#9329);
#7684=AXIS2_PLACEMENT_3D('',#11620,#9330,#9331);
#7685=AXIS2_PLACEMENT_3D('',#11621,#9332,#9333);
#7686=AXIS2_PLACEMENT_3D('',#11622,#9334,#9335);
#7687=AXIS2_PLACEMENT_3D('',#11626,#9337,#9338);
#7688=AXIS2_PLACEMENT_3D('',#11628,#9340,#9341);
#7689=AXIS2_PLACEMENT_3D('',#11647,#9344,#9345);
#7690=AXIS2_PLACEMENT_3D('',#11659,#9351,#9352);
#7691=AXIS2_PLACEMENT_3D('',#11687,#9360,#9361);
#7692=AXIS2_PLACEMENT_3D('',#11689,#9363,#9364);
#7693=AXIS2_PLACEMENT_3D('',#11693,#9366,#9367);
#7694=AXIS2_PLACEMENT_3D('',#11695,#9369,#9370);
#7695=AXIS2_PLACEMENT_3D('',#11696,#9371,#9372);
#7696=AXIS2_PLACEMENT_3D('',#11698,#9373,#9374);
#7697=AXIS2_PLACEMENT_3D('',#11700,#9375,#9376);
#7698=AXIS2_PLACEMENT_3D('',#11701,#9377,#9378);
#7699=AXIS2_PLACEMENT_3D('',#11702,#9379,#9380);
#7700=AXIS2_PLACEMENT_3D('',#11704,#9381,#9382);
#7701=AXIS2_PLACEMENT_3D('',#11706,#9383,#9384);
#7702=AXIS2_PLACEMENT_3D('',#11707,#9385,#9386);
#7703=AXIS2_PLACEMENT_3D('',#11708,#9387,#9388);
#7704=AXIS2_PLACEMENT_3D('',#11710,#9390,#9391);
#7705=AXIS2_PLACEMENT_3D('',#11713,#9394,#9395);
#7706=AXIS2_PLACEMENT_3D('',#11715,#9397,#9398);
#7707=AXIS2_PLACEMENT_3D('',#11716,#9399,#9400);
#7708=AXIS2_PLACEMENT_3D('',#11719,#9403,#9404);
#7709=AXIS2_PLACEMENT_3D('',#11720,#9405,#9406);
#7710=AXIS2_PLACEMENT_3D('',#11722,#9407,#9408);
#7711=AXIS2_PLACEMENT_3D('',#11724,#9410,#9411);
#7712=AXIS2_PLACEMENT_3D('',#11726,#9413,#9414);
#7713=AXIS2_PLACEMENT_3D('',#11729,#9416,#9417);
#7714=AXIS2_PLACEMENT_3D('',#11730,#9418,#9419);
#7715=AXIS2_PLACEMENT_3D('',#11734,#9422,#9423);
#7716=AXIS2_PLACEMENT_3D('',#11735,#9424,#9425);
#7717=AXIS2_PLACEMENT_3D('',#11736,#9426,#9427);
#7718=AXIS2_PLACEMENT_3D('',#11739,#9429,#9430);
#7719=AXIS2_PLACEMENT_3D('',#11740,#9431,#9432);
#7720=AXIS2_PLACEMENT_3D('',#11742,#9434,#9435);
#7721=AXIS2_PLACEMENT_3D('',#11744,#9436,#9437);
#7722=AXIS2_PLACEMENT_3D('',#11745,#9438,#9439);
#7723=AXIS2_PLACEMENT_3D('',#11746,#9440,#9441);
#7724=AXIS2_PLACEMENT_3D('',#11748,#9442,#9443);
#7725=AXIS2_PLACEMENT_3D('',#11750,#9445,#9446);
#7726=AXIS2_PLACEMENT_3D('',#11751,#9447,#9448);
#7727=AXIS2_PLACEMENT_3D('',#11752,#9449,#9450);
#7728=AXIS2_PLACEMENT_3D('',#11753,#9451,#9452);
#7729=AXIS2_PLACEMENT_3D('',#11754,#9453,#9454);
#7730=AXIS2_PLACEMENT_3D('',#11755,#9455,#9456);
#7731=AXIS2_PLACEMENT_3D('',#11756,#9457,#9458);
#7732=AXIS2_PLACEMENT_3D('',#11758,#9459,#9460);
#7733=AXIS2_PLACEMENT_3D('',#11759,#9461,#9462);
#7734=AXIS2_PLACEMENT_3D('',#11760,#9463,#9464);
#7735=AXIS2_PLACEMENT_3D('',#11762,#9465,#9466);
#7736=AXIS2_PLACEMENT_3D('',#11763,#9467,#9468);
#7737=AXIS2_PLACEMENT_3D('',#11764,#9469,#9470);
#7738=AXIS2_PLACEMENT_3D('',#11765,#9471,#9472);
#7739=AXIS2_PLACEMENT_3D('',#11766,#9473,#9474);
#7740=AXIS2_PLACEMENT_3D('',#11767,#9475,#9476);
#7741=AXIS2_PLACEMENT_3D('',#11768,#9477,#9478);
#7742=AXIS2_PLACEMENT_3D('',#11769,#9479,#9480);
#7743=AXIS2_PLACEMENT_3D('',#11770,#9481,#9482);
#7744=AXIS2_PLACEMENT_3D('',#11772,#9483,#9484);
#7745=AXIS2_PLACEMENT_3D('',#11774,#9486,#9487);
#7746=AXIS2_PLACEMENT_3D('',#11775,#9488,#9489);
#7747=AXIS2_PLACEMENT_3D('',#11776,#9490,#9491);
#7748=AXIS2_PLACEMENT_3D('',#11777,#9492,#9493);
#7749=AXIS2_PLACEMENT_3D('',#11778,#9494,#9495);
#7750=AXIS2_PLACEMENT_3D('',#11779,#9496,#9497);
#7751=AXIS2_PLACEMENT_3D('',#11780,#9498,#9499);
#7752=AXIS2_PLACEMENT_3D('',#11781,#9500,#9501);
#7753=AXIS2_PLACEMENT_3D('',#11783,#9503,#9504);
#7754=AXIS2_PLACEMENT_3D('',#11784,#9505,#9506);
#7755=AXIS2_PLACEMENT_3D('',#11787,#9509,#9510);
#7756=AXIS2_PLACEMENT_3D('',#11789,#9512,#9513);
#7757=AXIS2_PLACEMENT_3D('',#11791,#9515,#9516);
#7758=AXIS2_PLACEMENT_3D('',#11793,#9518,#9519);
#7759=AXIS2_PLACEMENT_3D('',#11795,#9521,#9522);
#7760=AXIS2_PLACEMENT_3D('',#11796,#9523,#9524);
#7761=AXIS2_PLACEMENT_3D('',#11797,#9525,#9526);
#7762=AXIS2_PLACEMENT_3D('',#11800,#9527,#9528);
#7763=AXIS2_PLACEMENT_3D('',#11804,#9530,#9531);
#7764=AXIS2_PLACEMENT_3D('',#11810,#9535,#9536);
#7765=AXIS2_PLACEMENT_3D('',#11813,#9537,#9538);
#7766=AXIS2_PLACEMENT_3D('',#11821,#9542,#9543);
#7767=AXIS2_PLACEMENT_3D('',#11823,#9545,#9546);
#7768=AXIS2_PLACEMENT_3D('',#11828,#9549,#9550);
#7769=AXIS2_PLACEMENT_3D('',#11832,#9552,#9553);
#7770=AXIS2_PLACEMENT_3D('',#11842,#9559,#9560);
#7771=AXIS2_PLACEMENT_3D('',#11848,#9564,#9565);
#7772=AXIS2_PLACEMENT_3D('',#11860,#9572,#9573);
#7773=AXIS2_PLACEMENT_3D('',#11864,#9576,#9577);
#7774=AXIS2_PLACEMENT_3D('',#11874,#9583,#9584);
#7775=AXIS2_PLACEMENT_3D('',#11878,#9587,#9588);
#7776=AXIS2_PLACEMENT_3D('',#11882,#9591,#9592);
#7777=AXIS2_PLACEMENT_3D('',#11887,#9596,#9597);
#7778=AXIS2_PLACEMENT_3D('',#11890,#9600,#9601);
#7779=AXIS2_PLACEMENT_3D('',#11895,#9605,#9606);
#7780=AXIS2_PLACEMENT_3D('',#11898,#9609,#9610);
#7781=AXIS2_PLACEMENT_3D('',#11900,#9612,#9613);
#7782=AXIS2_PLACEMENT_3D('',#11902,#9615,#9616);
#7783=AXIS2_PLACEMENT_3D('',#11903,#9617,#9618);
#7784=AXIS2_PLACEMENT_3D('',#11904,#9619,#9620);
#7785=AXIS2_PLACEMENT_3D('',#11907,#9621,#9622);
#7786=AXIS2_PLACEMENT_3D('',#11910,#9625,#9626);
#7787=AXIS2_PLACEMENT_3D('',#11913,#9627,#9628);
#7788=AXIS2_PLACEMENT_3D('',#11916,#9631,#9632);
#7789=AXIS2_PLACEMENT_3D('',#11917,#9633,#9634);
#7790=AXIS2_PLACEMENT_3D('',#11923,#9638,#9639);
#7791=AXIS2_PLACEMENT_3D('',#11926,#9641,#9642);
#7792=AXIS2_PLACEMENT_3D('',#11927,#9643,#9644);
#7793=AXIS2_PLACEMENT_3D('',#11936,#9649,#9650);
#7794=AXIS2_PLACEMENT_3D('',#11937,#9651,#9652);
#7795=AXIS2_PLACEMENT_3D('',#11940,#9654,#9655);
#7796=AXIS2_PLACEMENT_3D('',#11941,#9656,#9657);
#7797=AXIS2_PLACEMENT_3D('',#11943,#9658,#9659);
#7798=AXIS2_PLACEMENT_3D('',#11945,#9661,#9662);
#7799=AXIS2_PLACEMENT_3D('',#11947,#9663,#9664);
#7800=AXIS2_PLACEMENT_3D('',#11949,#9665,#9666);
#7801=AXIS2_PLACEMENT_3D('',#11951,#9668,#9669);
#7802=AXIS2_PLACEMENT_3D('',#11953,#9670,#9671);
#7803=AXIS2_PLACEMENT_3D('',#11954,#9672,#9673);
#7804=AXIS2_PLACEMENT_3D('',#11955,#9674,#9675);
#7805=AXIS2_PLACEMENT_3D('',#11956,#9676,#9677);
#7806=AXIS2_PLACEMENT_3D('',#11957,#9678,#9679);
#7807=AXIS2_PLACEMENT_3D('',#11961,#9682,#9683);
#7808=AXIS2_PLACEMENT_3D('',#11970,#9688,#9689);
#7809=AXIS2_PLACEMENT_3D('',#11972,#9690,#9691);
#7810=AXIS2_PLACEMENT_3D('',#11974,#9692,#9693);
#7811=AXIS2_PLACEMENT_3D('',#11976,#9695,#9696);
#7812=AXIS2_PLACEMENT_3D('',#11978,#9698,#9699);
#7813=AXIS2_PLACEMENT_3D('',#11979,#9700,#9701);
#7814=AXIS2_PLACEMENT_3D('',#11980,#9702,#9703);
#7815=AXIS2_PLACEMENT_3D('',#11981,#9704,#9705);
#7816=AXIS2_PLACEMENT_3D('',#11982,#9706,#9707);
#7817=AXIS2_PLACEMENT_3D('',#11983,#9708,#9709);
#7818=AXIS2_PLACEMENT_3D('',#11984,#9710,#9711);
#7819=AXIS2_PLACEMENT_3D('',#11985,#9712,#9713);
#7820=AXIS2_PLACEMENT_3D('',#11986,#9714,#9715);
#7821=AXIS2_PLACEMENT_3D('',#11987,#9716,#9717);
#7822=AXIS2_PLACEMENT_3D('',#11991,#9720,#9721);
#7823=AXIS2_PLACEMENT_3D('',#11993,#9722,#9723);
#7824=AXIS2_PLACEMENT_3D('',#11995,#9725,#9726);
#7825=AXIS2_PLACEMENT_3D('',#11999,#9729,#9730);
#7826=AXIS2_PLACEMENT_3D('',#12000,#9731,#9732);
#7827=AXIS2_PLACEMENT_3D('',#12001,#9733,#9734);
#7828=AXIS2_PLACEMENT_3D('',#12010,#9739,#9740);
#7829=AXIS2_PLACEMENT_3D('',#12019,#9745,#9746);
#7830=AXIS2_PLACEMENT_3D('',#12030,#9753,#9754);
#7831=AXIS2_PLACEMENT_3D('',#12032,#9756,#9757);
#7832=AXIS2_PLACEMENT_3D('',#12042,#9763,#9764);
#7833=AXIS2_PLACEMENT_3D('',#12043,#9765,#9766);
#7834=AXIS2_PLACEMENT_3D('',#12046,#9769,#9770);
#7835=AXIS2_PLACEMENT_3D('',#12048,#9772,#9773);
#7836=AXIS2_PLACEMENT_3D('',#12050,#9775,#9776);
#7837=AXIS2_PLACEMENT_3D('',#12051,#9777,#9778);
#7838=AXIS2_PLACEMENT_3D('',#12054,#9779,#9780);
#7839=AXIS2_PLACEMENT_3D('',#12056,#9781,#9782);
#7840=AXIS2_PLACEMENT_3D('',#12065,#9783,#9784);
#7841=AXIS2_PLACEMENT_3D('',#12078,#9785,#9786);
#7842=AXIS2_PLACEMENT_3D('',#12085,#9787,#9788);
#7843=AXIS2_PLACEMENT_3D('',#12086,#9789,#9790);
#7844=AXIS2_PLACEMENT_3D('',#12090,#9792,#9793);
#7845=AXIS2_PLACEMENT_3D('',#12094,#9795,#9796);
#7846=AXIS2_PLACEMENT_3D('',#12096,#9798,#9799);
#7847=AXIS2_PLACEMENT_3D('',#12099,#9800,#9801);
#7848=AXIS2_PLACEMENT_3D('',#12101,#9803,#9804);
#7849=AXIS2_PLACEMENT_3D('',#12130,#9805,#9806);
#7850=AXIS2_PLACEMENT_3D('',#12131,#9807,#9808);
#7851=AXIS2_PLACEMENT_3D('',#12132,#9809,#9810);
#7852=AXIS2_PLACEMENT_3D('',#12133,#9811,#9812);
#7853=AXIS2_PLACEMENT_3D('',#12136,#9813,#9814);
#7854=AXIS2_PLACEMENT_3D('',#12138,#9815,#9816);
#7855=AXIS2_PLACEMENT_3D('',#12147,#9817,#9818);
#7856=AXIS2_PLACEMENT_3D('',#12160,#9819,#9820);
#7857=AXIS2_PLACEMENT_3D('',#12167,#9821,#9822);
#7858=AXIS2_PLACEMENT_3D('',#12168,#9823,#9824);
#7859=AXIS2_PLACEMENT_3D('',#12171,#9827,#9828);
#7860=AXIS2_PLACEMENT_3D('',#12174,#9829,#9830);
#7861=AXIS2_PLACEMENT_3D('',#12176,#9832,#9833);
#7862=AXIS2_PLACEMENT_3D('',#12205,#9834,#9835);
#7863=AXIS2_PLACEMENT_3D('',#12206,#9836,#9837);
#7864=AXIS2_PLACEMENT_3D('',#12207,#9838,#9839);
#7865=AXIS2_PLACEMENT_3D('',#12208,#9840,#9841);
#7866=AXIS2_PLACEMENT_3D('',#12212,#9843,#9844);
#7867=AXIS2_PLACEMENT_3D('',#12216,#9846,#9847);
#7868=AXIS2_PLACEMENT_3D('',#12218,#9849,#9850);
#7869=AXIS2_PLACEMENT_3D('',#12224,#9854,#9855);
#7870=AXIS2_PLACEMENT_3D('',#12227,#9857,#9858);
#7871=AXIS2_PLACEMENT_3D('',#12228,#9859,#9860);
#7872=AXIS2_PLACEMENT_3D('',#12234,#9863,#9864);
#7873=AXIS2_PLACEMENT_3D('',#12242,#9868,#9869);
#7874=AXIS2_PLACEMENT_3D('',#12249,#9873,#9874);
#7875=AXIS2_PLACEMENT_3D('',#12258,#9879,#9880);
#7876=AXIS2_PLACEMENT_3D('',#12261,#9882,#9883);
#7877=AXIS2_PLACEMENT_3D('',#12262,#9884,#9885);
#7878=AXIS2_PLACEMENT_3D('',#12271,#9890,#9891);
#7879=AXIS2_PLACEMENT_3D('',#12273,#9892,#9893);
#7880=AXIS2_PLACEMENT_3D('',#12275,#9895,#9896);
#7881=AXIS2_PLACEMENT_3D('',#12277,#9897,#9898);
#7882=AXIS2_PLACEMENT_3D('',#12280,#9900,#9901);
#7883=AXIS2_PLACEMENT_3D('',#12281,#9902,#9903);
#7884=AXIS2_PLACEMENT_3D('',#12282,#9904,#9905);
#7885=AXIS2_PLACEMENT_3D('',#12283,#9906,#9907);
#7886=AXIS2_PLACEMENT_3D('',#12285,#9908,#9909);
#7887=AXIS2_PLACEMENT_3D('',#12286,#9910,#9911);
#7888=AXIS2_PLACEMENT_3D('',#12287,#9912,#9913);
#7889=AXIS2_PLACEMENT_3D('',#12291,#9916,#9917);
#7890=AXIS2_PLACEMENT_3D('',#12300,#9922,#9923);
#7891=AXIS2_PLACEMENT_3D('',#12309,#9928,#9929);
#7892=AXIS2_PLACEMENT_3D('',#12318,#9934,#9935);
#7893=AXIS2_PLACEMENT_3D('',#12327,#9940,#9941);
#7894=AXIS2_PLACEMENT_3D('',#12329,#9942,#9943);
#7895=AXIS2_PLACEMENT_3D('',#12331,#9944,#9945);
#7896=AXIS2_PLACEMENT_3D('',#12333,#9947,#9948);
#7897=AXIS2_PLACEMENT_3D('',#12334,#9949,#9950);
#7898=AXIS2_PLACEMENT_3D('',#12335,#9951,#9952);
#7899=AXIS2_PLACEMENT_3D('',#12336,#9953,#9954);
#7900=AXIS2_PLACEMENT_3D('',#12338,#9956,#9957);
#7901=AXIS2_PLACEMENT_3D('',#12339,#9958,#9959);
#7902=AXIS2_PLACEMENT_3D('',#12340,#9960,#9961);
#7903=AXIS2_PLACEMENT_3D('',#12341,#9962,#9963);
#7904=AXIS2_PLACEMENT_3D('',#12342,#9964,#9965);
#7905=AXIS2_PLACEMENT_3D('',#12343,#9966,#9967);
#7906=AXIS2_PLACEMENT_3D('',#12344,#9968,#9969);
#7907=AXIS2_PLACEMENT_3D('',#12345,#9970,#9971);
#7908=AXIS2_PLACEMENT_3D('',#12347,#9972,#9973);
#7909=AXIS2_PLACEMENT_3D('',#12349,#9974,#9975);
#7910=AXIS2_PLACEMENT_3D('',#12351,#9977,#9978);
#7911=AXIS2_PLACEMENT_3D('',#12352,#9979,#9980);
#7912=AXIS2_PLACEMENT_3D('',#12353,#9981,#9982);
#7913=AXIS2_PLACEMENT_3D('',#12354,#9983,#9984);
#7914=AXIS2_PLACEMENT_3D('',#12355,#9985,#9986);
#7915=AXIS2_PLACEMENT_3D('',#12356,#9987,#9988);
#7916=AXIS2_PLACEMENT_3D('',#12357,#9989,#9990);
#7917=AXIS2_PLACEMENT_3D('',#12359,#9991,#9992);
#7918=AXIS2_PLACEMENT_3D('',#12361,#9993,#9994);
#7919=AXIS2_PLACEMENT_3D('',#12363,#9996,#9997);
#7920=AXIS2_PLACEMENT_3D('',#12365,#9998,#9999);
#7921=AXIS2_PLACEMENT_3D('',#12366,#10000,#10001);
#7922=AXIS2_PLACEMENT_3D('',#12367,#10002,#10003);
#7923=AXIS2_PLACEMENT_3D('',#12368,#10004,#10005);
#7924=AXIS2_PLACEMENT_3D('',#12369,#10006,#10007);
#7925=AXIS2_PLACEMENT_3D('',#12370,#10008,#10009);
#7926=AXIS2_PLACEMENT_3D('',#12371,#10010,#10011);
#7927=AXIS2_PLACEMENT_3D('',#12372,#10012,#10013);
#7928=AXIS2_PLACEMENT_3D('',#12373,#10014,#10015);
#7929=AXIS2_PLACEMENT_3D('',#12374,#10016,#10017);
#7930=AXIS2_PLACEMENT_3D('',#12375,#10018,#10019);
#7931=AXIS2_PLACEMENT_3D('',#12376,#10020,#10021);
#7932=AXIS2_PLACEMENT_3D('',#12377,#10022,#10023);
#7933=AXIS2_PLACEMENT_3D('',#12378,#10024,#10025);
#7934=AXIS2_PLACEMENT_3D('',#12379,#10026,#10027);
#7935=AXIS2_PLACEMENT_3D('',#12381,#10028,#10029);
#7936=AXIS2_PLACEMENT_3D('',#12383,#10031,#10032);
#7937=AXIS2_PLACEMENT_3D('',#12384,#10033,#10034);
#7938=AXIS2_PLACEMENT_3D('',#12385,#10035,#10036);
#7939=AXIS2_PLACEMENT_3D('',#12386,#10037,#10038);
#7940=AXIS2_PLACEMENT_3D('',#12387,#10039,#10040);
#7941=AXIS2_PLACEMENT_3D('',#12388,#10041,#10042);
#7942=AXIS2_PLACEMENT_3D('',#12389,#10043,#10044);
#7943=AXIS2_PLACEMENT_3D('',#12390,#10045,#10046);
#7944=AXIS2_PLACEMENT_3D('',#12392,#10047,#10048);
#7945=AXIS2_PLACEMENT_3D('',#12394,#10050,#10051);
#7946=AXIS2_PLACEMENT_3D('',#12395,#10052,#10053);
#7947=AXIS2_PLACEMENT_3D('',#12396,#10054,#10055);
#7948=AXIS2_PLACEMENT_3D('',#12397,#10056,#10057);
#7949=AXIS2_PLACEMENT_3D('',#12399,#10058,#10059);
#7950=AXIS2_PLACEMENT_3D('',#12401,#10061,#10062);
#7951=AXIS2_PLACEMENT_3D('',#12404,#10064,#10065);
#7952=AXIS2_PLACEMENT_3D('',#12405,#10066,#10067);
#7953=AXIS2_PLACEMENT_3D('',#12409,#10070,#10071);
#7954=AXIS2_PLACEMENT_3D('',#12411,#10072,#10073);
#7955=AXIS2_PLACEMENT_3D('',#12415,#10075,#10076);
#7956=AXIS2_PLACEMENT_3D('',#12425,#10082,#10083);
#7957=AXIS2_PLACEMENT_3D('',#12436,#10090,#10091);
#7958=AXIS2_PLACEMENT_3D('',#12438,#10093,#10094);
#7959=AXIS2_PLACEMENT_3D('',#12448,#10100,#10101);
#7960=AXIS2_PLACEMENT_3D('',#12449,#10102,#10103);
#7961=AXIS2_PLACEMENT_3D('',#12452,#10106,#10107);
#7962=AXIS2_PLACEMENT_3D('',#12454,#10109,#10110);
#7963=AXIS2_PLACEMENT_3D('',#12460,#10114,#10115);
#7964=AXIS2_PLACEMENT_3D('',#12462,#10117,#10118);
#7965=AXIS2_PLACEMENT_3D('',#12466,#10121,#10122);
#7966=AXIS2_PLACEMENT_3D('',#12470,#10125,#10126);
#7967=AXIS2_PLACEMENT_3D('',#12471,#10127,#10128);
#7968=AXIS2_PLACEMENT_3D('',#12473,#10130,#10131);
#7969=AXIS2_PLACEMENT_3D('',#12475,#10133,#10134);
#7970=AXIS2_PLACEMENT_3D('',#12477,#10136,#10137);
#7971=AXIS2_PLACEMENT_3D('',#12479,#10139,#10140);
#7972=DIRECTION('axis',(0.,0.,1.));
#7973=DIRECTION('refdir',(1.,0.,0.));
#7974=DIRECTION('center_axis',(0.,-1.,8.94069662749075E-9));
#7975=DIRECTION('ref_axis',(0.,-8.94069662749075E-9,-1.));
#7976=DIRECTION('',(0.,-8.94069662749075E-9,-1.));
#7977=DIRECTION('',(1.,0.,0.));
#7978=DIRECTION('',(0.,-8.94069662749075E-9,-1.));
#7979=DIRECTION('',(1.,0.,0.));
#7980=DIRECTION('center_axis',(0.,8.94069662749075E-9,1.));
#7981=DIRECTION('ref_axis',(0.,-1.,8.94069662749075E-9));
#7982=DIRECTION('',(0.,-1.,8.94069662749075E-9));
#7983=DIRECTION('',(1.,0.,0.));
#7984=DIRECTION('',(0.,-1.,8.94069662749075E-9));
#7985=DIRECTION('center_axis',(0.,1.,-8.94069662749075E-9));
#7986=DIRECTION('ref_axis',(0.,8.94069662749075E-9,1.));
#7987=DIRECTION('',(0.,8.94069662749075E-9,1.));
#7988=DIRECTION('',(1.,0.,0.));
#7989=DIRECTION('',(0.,8.94069662749075E-9,1.));
#7990=DIRECTION('center_axis',(0.,0.,-1.));
#7991=DIRECTION('ref_axis',(0.,1.,0.));
#7992=DIRECTION('',(0.,1.,-8.94069662749075E-9));
#7993=DIRECTION('',(0.,1.,0.));
#7994=DIRECTION('center_axis',(1.,0.,0.));
#7995=DIRECTION('ref_axis',(0.,-8.94069662749075E-9,-1.));
#7996=DIRECTION('center_axis',(-1.,0.,0.));
#7997=DIRECTION('ref_axis',(0.,-1.,8.94069662749075E-9));
#7998=DIRECTION('',(0.,1.,-8.94069662749075E-9));
#7999=DIRECTION('',(0.,-8.94069662749075E-9,-1.));
#8000=DIRECTION('',(0.,-1.,8.94069662749075E-9));
#8001=DIRECTION('',(0.,8.94069662749075E-9,1.));
#8002=DIRECTION('',(0.,1.,-8.94069662749075E-9));
#8003=DIRECTION('center_axis',(0.408248290463864,0.408248283163814,-0.81649658457775));
#8004=DIRECTION('ref_axis',(-0.577350269189627,-0.57735027435154,-0.577350264027711));
#8005=DIRECTION('center_axis',(0.,-1.,8.94069662749075E-9));
#8006=DIRECTION('ref_axis',(0.,-8.94069662749075E-9,-1.));
#8007=DIRECTION('center_axis',(-1.,0.,0.));
#8008=DIRECTION('ref_axis',(0.,-1.,8.94069662749075E-9));
#8009=DIRECTION('center_axis',(0.,-8.94069662749075E-9,-1.));
#8010=DIRECTION('ref_axis',(-1.,0.,0.));
#8011=DIRECTION('center_axis',(-0.408248290463864,0.408248283163814,-0.81649658457775));
#8012=DIRECTION('ref_axis',(0.577350269189627,-0.57735027435154,-0.577350264027711));
#8013=DIRECTION('center_axis',(0.,-8.94069662749075E-9,-1.));
#8014=DIRECTION('ref_axis',(0.,-1.,8.94069662749075E-9));
#8015=DIRECTION('center_axis',(1.,0.,0.));
#8016=DIRECTION('ref_axis',(0.,-8.94069662749075E-9,-1.));
#8017=DIRECTION('center_axis',(0.,-1.,8.94069662749075E-9));
#8018=DIRECTION('ref_axis',(1.,0.,0.));
#8019=DIRECTION('center_axis',(-1.,3.08395284618099E-17,-2.75726868111909E-25));
#8020=DIRECTION('ref_axis',(0.,-0.707106787508575,-0.70710677486452));
#8021=DIRECTION('',(1.,-3.08395284618099E-17,2.75726868111909E-25));
#8022=DIRECTION('',(-1.,3.08395284618099E-17,-2.75726868111909E-25));
#8023=DIRECTION('center_axis',(-0.408248290463864,-0.408248297763909,-0.816496577277702));
#8024=DIRECTION('ref_axis',(-0.577350269189626,-0.577350264027713,0.577350274351538));
#8025=DIRECTION('center_axis',(0.,-1.,8.94069662749075E-9));
#8026=DIRECTION('ref_axis',(-1.,0.,0.));
#8027=DIRECTION('center_axis',(0.,8.94069662749075E-9,1.));
#8028=DIRECTION('ref_axis',(0.,-1.,8.94069662749075E-9));
#8029=DIRECTION('center_axis',(-1.,0.,0.));
#8030=DIRECTION('ref_axis',(0.,8.94069662749075E-9,1.));
#8031=DIRECTION('center_axis',(0.,8.94069662749075E-9,1.));
#8032=DIRECTION('ref_axis',(-0.707106781186548,-0.707106781186547,6.3220272138304E-9));
#8033=DIRECTION('',(0.,8.94069662749075E-9,1.));
#8034=DIRECTION('center_axis',(0.408248290463864,-0.408248297763909,-0.816496577277702));
#8035=DIRECTION('ref_axis',(-0.577350269189628,0.57735026402771,-0.57735027435154));
#8036=DIRECTION('center_axis',(0.,-8.94069662749075E-9,-1.));
#8037=DIRECTION('ref_axis',(0.,1.,-8.94069662749075E-9));
#8038=DIRECTION('center_axis',(-1.,0.,0.));
#8039=DIRECTION('ref_axis',(0.,-8.94069662749075E-9,-1.));
#8040=DIRECTION('center_axis',(0.,1.,-8.94069366689602E-9));
#8041=DIRECTION('ref_axis',(-1.,0.,0.));
#8042=DIRECTION('center_axis',(0.408248290463864,-0.408248297763909,-0.816496577277703));
#8043=DIRECTION('ref_axis',(0.577350269189626,-0.577350264027713,0.577350274351539));
#8044=DIRECTION('center_axis',(1.,0.,0.));
#8045=DIRECTION('ref_axis',(0.,-1.,8.94069662749075E-9));
#8046=DIRECTION('center_axis',(0.,8.94069662749075E-9,1.));
#8047=DIRECTION('ref_axis',(1.,0.,0.));
#8048=DIRECTION('center_axis',(7.40148683083436E-16,-1.,8.94069662749075E-9));
#8049=DIRECTION('ref_axis',(0.,8.94069662749075E-9,1.));
#8050=DIRECTION('center_axis',(0.,8.94069662749075E-9,1.));
#8051=DIRECTION('ref_axis',(0.707106781186548,-0.707106781186547,6.3220272138304E-9));
#8052=DIRECTION('',(0.,-8.94069662749075E-9,-1.));
#8053=DIRECTION('',(0.,8.94069662749075E-9,1.));
#8054=DIRECTION('center_axis',(-0.408248290463864,-0.408248297763909,-0.816496577277702));
#8055=DIRECTION('ref_axis',(0.577350269189627,0.577350264027712,-0.577350274351539));
#8056=DIRECTION('center_axis',(0.,-8.94069662749075E-9,-1.));
#8057=DIRECTION('ref_axis',(1.,0.,0.));
#8058=DIRECTION('center_axis',(0.,1.,-8.94069662749075E-9));
#8059=DIRECTION('ref_axis',(0.,-8.94069662749075E-9,-1.));
#8060=DIRECTION('center_axis',(1.,0.,0.));
#8061=DIRECTION('ref_axis',(0.,1.,-8.94069662749075E-9));
#8062=DIRECTION('center_axis',(0.,-1.,8.94069662749075E-9));
#8063=DIRECTION('ref_axis',(0.707106781186548,-6.3220272138304E-9,-0.707106781186547));
#8064=DIRECTION('',(0.,1.,-8.94069662749075E-9));
#8065=DIRECTION('',(0.,-1.,8.94069662749075E-9));
#8066=DIRECTION('center_axis',(1.,0.,0.));
#8067=DIRECTION('ref_axis',(0.,0.707106774864519,-0.707106787508576));
#8068=DIRECTION('',(-1.,0.,0.));
#8069=DIRECTION('',(1.,0.,0.));
#8070=DIRECTION('center_axis',(-0.816496580927726,-0.408248294113888,-0.408248286813837));
#8071=DIRECTION('ref_axis',(-0.577350269189626,0.577350274351541,0.57735026402771));
#8072=DIRECTION('center_axis',(-1.,0.,0.));
#8073=DIRECTION('ref_axis',(0.,1.,-8.94069662749075E-9));
#8074=DIRECTION('center_axis',(0.,8.94069662749075E-9,1.));
#8075=DIRECTION('ref_axis',(-1.,0.,0.));
#8076=DIRECTION('center_axis',(-2.96059473233374E-15,1.,-8.94069662749075E-9));
#8077=DIRECTION('ref_axis',(0.,8.94069662749075E-9,1.));
#8078=DIRECTION('center_axis',(0.,8.94069662749075E-9,1.));
#8079=DIRECTION('ref_axis',(-0.707106781186548,0.707106781186548,-6.32202721383041E-9));
#8080=DIRECTION('',(0.,-8.94069662749075E-9,-1.));
#8081=DIRECTION('center_axis',(0.,-1.,8.94069662749075E-9));
#8082=DIRECTION('ref_axis',(-0.707106781186548,6.3220272138304E-9,0.707106781186547));
#8083=DIRECTION('',(0.,1.,-8.94069662749075E-9));
#8084=DIRECTION('center_axis',(0.408248290463864,0.408248283163814,-0.81649658457775));
#8085=DIRECTION('ref_axis',(0.577350269189627,0.577350274351538,0.577350264027712));
#8086=DIRECTION('center_axis',(0.,1.,-8.94069662749075E-9));
#8087=DIRECTION('ref_axis',(1.,0.,0.));
#8088=DIRECTION('center_axis',(0.,8.94069662749075E-9,1.));
#8089=DIRECTION('ref_axis',(0.,1.,-8.94069662749075E-9));
#8090=DIRECTION('center_axis',(1.,0.,0.));
#8091=DIRECTION('ref_axis',(0.,8.94069662749075E-9,1.));
#8092=DIRECTION('center_axis',(0.,8.94069662749075E-9,1.));
#8093=DIRECTION('ref_axis',(0.70710678118655,0.707106781186545,-6.32202721383039E-9));
#8094=DIRECTION('',(0.,-8.94069662749075E-9,-1.));
#8095=DIRECTION('',(0.,8.94069662749075E-9,1.));
#8096=DIRECTION('center_axis',(-1.,0.,0.));
#8097=DIRECTION('ref_axis',(0.,0.707106787508573,0.707106774864522));
#8098=DIRECTION('',(1.,0.,0.));
#8099=DIRECTION('',(-1.,0.,0.));
#8100=DIRECTION('center_axis',(0.,1.,-8.94069662749075E-9));
#8101=DIRECTION('ref_axis',(0.707106781186548,6.3220272138304E-9,0.707106781186547));
#8102=DIRECTION('',(0.,-1.,8.94069662749075E-9));
#8103=DIRECTION('',(0.,1.,-8.94069662749075E-9));
#8104=DIRECTION('center_axis',(1.,-3.08395284618099E-17,2.75726868111909E-25));
#8105=DIRECTION('ref_axis',(0.,-0.70710677486452,0.707106787508575));
#8106=DIRECTION('',(-1.,3.08395284618099E-17,-2.75726868111909E-25));
#8107=DIRECTION('',(1.,-3.08395284618099E-17,2.75726868111909E-25));
#8108=DIRECTION('center_axis',(0.,1.,-8.94069662749075E-9));
#8109=DIRECTION('ref_axis',(-0.707106781186548,-6.3220272138304E-9,-0.707106781186547));
#8110=DIRECTION('',(0.,-1.,8.94069662749075E-9));
#8111=DIRECTION('center_axis',(-3.08395284618099E-17,-1.,8.94069662749075E-9));
#8112=DIRECTION('ref_axis',(1.,-3.08395284618099E-17,2.75726868111909E-25));
#8113=DIRECTION('center_axis',(0.,8.94069662749075E-9,1.));
#8114=DIRECTION('ref_axis',(1.,0.,0.));
#8115=DIRECTION('center_axis',(1.,0.,0.));
#8116=DIRECTION('ref_axis',(0.,1.,-8.94069662749075E-9));
#8117=DIRECTION('center_axis',(0.,1.,-8.94069662749075E-9));
#8118=DIRECTION('ref_axis',(-1.,0.,0.));
#8119=DIRECTION('center_axis',(0.,8.94069662749075E-9,1.));
#8120=DIRECTION('ref_axis',(1.,0.,0.));
#8121=DIRECTION('center_axis',(-1.,0.,0.));
#8122=DIRECTION('ref_axis',(0.,-1.,0.));
#8123=DIRECTION('',(0.,1.,0.));
#8124=DIRECTION('',(0.,0.,1.));
#8125=DIRECTION('',(0.,-1.,0.));
#8126=DIRECTION('',(0.,0.,1.));
#8127=DIRECTION('center_axis',(0.,1.,0.));
#8128=DIRECTION('ref_axis',(-1.,0.,0.));
#8129=DIRECTION('',(1.,0.,0.));
#8130=DIRECTION('',(-1.,0.,0.));
#8131=DIRECTION('',(0.,0.,1.));
#8132=DIRECTION('center_axis',(1.,0.,0.));
#8133=DIRECTION('ref_axis',(0.,1.,0.));
#8134=DIRECTION('',(0.,-1.,0.));
#8135=DIRECTION('',(0.,1.,0.));
#8136=DIRECTION('',(0.,0.,1.));
#8137=DIRECTION('center_axis',(0.,-1.,0.));
#8138=DIRECTION('ref_axis',(1.,0.,0.));
#8139=DIRECTION('',(-1.,0.,0.));
#8140=DIRECTION('',(1.,0.,0.));
#8141=DIRECTION('center_axis',(0.,0.,1.));
#8142=DIRECTION('ref_axis',(1.,0.,0.));
#8143=DIRECTION('center_axis',(0.,0.,1.));
#8144=DIRECTION('ref_axis',(1.,0.,0.));
#8145=DIRECTION('center_axis',(1.,1.22464679914735E-16,0.));
#8146=DIRECTION('ref_axis',(-1.22464679914735E-16,1.,0.));
#8147=DIRECTION('',(1.22464679914735E-16,-1.,0.));
#8148=DIRECTION('',(0.,0.,1.));
#8149=DIRECTION('',(-1.22464679914735E-16,1.,0.));
#8150=DIRECTION('',(0.,0.,1.));
#8151=DIRECTION('center_axis',(-1.22464679914735E-16,1.,0.));
#8152=DIRECTION('ref_axis',(-1.,-1.22464679914735E-16,0.));
#8153=DIRECTION('',(1.,1.22464679914735E-16,0.));
#8154=DIRECTION('',(0.,0.,1.));
#8155=DIRECTION('',(-1.,-1.22464679914735E-16,0.));
#8156=DIRECTION('center_axis',(-1.,-1.22464679914735E-16,0.));
#8157=DIRECTION('ref_axis',(1.22464679914735E-16,-1.,0.));
#8158=DIRECTION('',(-1.22464679914735E-16,1.,0.));
#8159=DIRECTION('',(0.,0.,1.));
#8160=DIRECTION('',(1.22464679914735E-16,-1.,0.));
#8161=DIRECTION('center_axis',(0.,0.,1.));
#8162=DIRECTION('ref_axis',(-1.,-1.22464679914735E-16,0.));
#8163=DIRECTION('',(1.,1.22464679914735E-16,0.));
#8164=DIRECTION('center_axis',(1.,1.22464679914735E-16,0.));
#8165=DIRECTION('ref_axis',(-1.22464679914735E-16,1.,0.));
#8166=DIRECTION('',(1.22464679914735E-16,-1.,0.));
#8167=DIRECTION('',(0.,0.,1.));
#8168=DIRECTION('',(-1.22464679914735E-16,1.,0.));
#8169=DIRECTION('',(0.,0.,1.));
#8170=DIRECTION('center_axis',(1.22464679914735E-16,-1.,0.));
#8171=DIRECTION('ref_axis',(1.,1.22464679914735E-16,0.));
#8172=DIRECTION('',(-1.,-1.22464679914735E-16,0.));
#8173=DIRECTION('',(1.,1.22464679914735E-16,0.));
#8174=DIRECTION('',(0.,0.,1.));
#8175=DIRECTION('center_axis',(-1.,-1.22464679914735E-16,0.));
#8176=DIRECTION('ref_axis',(1.22464679914735E-16,-1.,0.));
#8177=DIRECTION('',(-1.22464679914735E-16,1.,0.));
#8178=DIRECTION('',(1.22464679914735E-16,-1.,0.));
#8179=DIRECTION('',(0.,0.,1.));
#8180=DIRECTION('center_axis',(0.,0.,1.));
#8181=DIRECTION('ref_axis',(-1.,-1.22464679914735E-16,0.));
#8182=DIRECTION('',(-1.,-1.22464679914735E-16,0.));
#8183=DIRECTION('center_axis',(-1.,-1.22464679914735E-16,0.));
#8184=DIRECTION('ref_axis',(1.22464679914735E-16,-1.,0.));
#8185=DIRECTION('',(-1.22464679914735E-16,1.,0.));
#8186=DIRECTION('',(0.,0.,1.));
#8187=DIRECTION('',(1.22464679914735E-16,-1.,0.));
#8188=DIRECTION('',(0.,0.,1.));
#8189=DIRECTION('center_axis',(-1.22464679914735E-16,1.,0.));
#8190=DIRECTION('ref_axis',(-1.,-1.22464679914735E-16,0.));
#8191=DIRECTION('',(1.,1.22464679914735E-16,0.));
#8192=DIRECTION('',(-1.,-1.22464679914735E-16,0.));
#8193=DIRECTION('',(-1.,-1.22464679914735E-16,0.));
#8194=DIRECTION('',(0.,0.,1.));
#8195=DIRECTION('center_axis',(1.,1.22464679914735E-16,0.));
#8196=DIRECTION('ref_axis',(-1.22464679914735E-16,1.,0.));
#8197=DIRECTION('',(1.22464679914735E-16,-1.,0.));
#8198=DIRECTION('',(-1.22464679914735E-16,1.,0.));
#8199=DIRECTION('',(0.,0.,1.));
#8200=DIRECTION('center_axis',(1.22464679914735E-16,-1.,0.));
#8201=DIRECTION('ref_axis',(1.,1.22464679914735E-16,0.));
#8202=DIRECTION('',(-1.,-1.22464679914735E-16,0.));
#8203=DIRECTION('',(1.,1.22464679914735E-16,0.));
#8204=DIRECTION('',(1.,1.22464679914735E-16,0.));
#8205=DIRECTION('center_axis',(0.,0.,1.));
#8206=DIRECTION('ref_axis',(-1.,-1.22464679914735E-16,0.));
#8207=DIRECTION('center_axis',(0.,0.,1.));
#8208=DIRECTION('ref_axis',(-1.,-1.22464679914735E-16,0.));
#8209=DIRECTION('center_axis',(0.,0.,-1.));
#8210=DIRECTION('ref_axis',(-1.,0.,0.));
#8211=DIRECTION('',(-1.,0.,0.));
#8212=DIRECTION('',(0.,1.,0.));
#8213=DIRECTION('',(1.,0.,0.));
#8214=DIRECTION('',(0.,-1.,0.));
#8215=DIRECTION('center_axis',(0.,-1.,0.));
#8216=DIRECTION('ref_axis',(0.707106781186577,0.,-0.707106781186518));
#8217=DIRECTION('center_axis',(0.,-1.,0.));
#8218=DIRECTION('ref_axis',(1.,0.,0.));
#8219=DIRECTION('center_axis',(0.,1.,0.));
#8220=DIRECTION('ref_axis',(0.,0.,-1.));
#8221=DIRECTION('',(0.,-1.,0.));
#8222=DIRECTION('center_axis',(-1.,0.,0.));
#8223=DIRECTION('ref_axis',(0.,-0.707106781186552,-0.707106781186543));
#8224=DIRECTION('center_axis',(-1.,0.,0.));
#8225=DIRECTION('ref_axis',(0.,-1.,0.));
#8226=DIRECTION('center_axis',(1.,0.,0.));
#8227=DIRECTION('ref_axis',(0.,0.,-1.));
#8228=DIRECTION('',(-1.,0.,0.));
#8229=DIRECTION('center_axis',(0.,1.,0.));
#8230=DIRECTION('ref_axis',(-0.707106781186578,0.,-0.707106781186517));
#8231=DIRECTION('center_axis',(0.,1.,0.));
#8232=DIRECTION('ref_axis',(-1.,0.,0.));
#8233=DIRECTION('center_axis',(0.,-1.,0.));
#8234=DIRECTION('ref_axis',(0.,0.,-1.));
#8235=DIRECTION('',(0.,1.,0.));
#8236=DIRECTION('center_axis',(0.408248290463857,0.408248290463857,-0.816496580927733));
#8237=DIRECTION('ref_axis',(-0.577350269189641,-0.577350269189613,-0.577350269189623));
#8238=DIRECTION('center_axis',(0.,0.,-1.));
#8239=DIRECTION('ref_axis',(-1.,0.,0.));
#8240=DIRECTION('center_axis',(1.,0.,0.));
#8241=DIRECTION('ref_axis',(0.,0.707106781186552,-0.707106781186543));
#8242=DIRECTION('center_axis',(1.,0.,0.));
#8243=DIRECTION('ref_axis',(0.,1.,0.));
#8244=DIRECTION('center_axis',(-1.,0.,0.));
#8245=DIRECTION('ref_axis',(0.,0.,-1.));
#8246=DIRECTION('',(1.,0.,0.));
#8247=DIRECTION('center_axis',(0.40824829046386,-0.40824829046386,-0.816496580927729));
#8248=DIRECTION('ref_axis',(-0.577350269189644,0.577350269189616,-0.577350269189618));
#8249=DIRECTION('center_axis',(0.,0.,-1.));
#8250=DIRECTION('ref_axis',(0.,1.,0.));
#8251=DIRECTION('center_axis',(-0.40824829046386,0.40824829046386,-0.816496580927729));
#8252=DIRECTION('ref_axis',(0.577350269189644,-0.577350269189616,-0.577350269189618));
#8253=DIRECTION('center_axis',(0.,0.,-1.));
#8254=DIRECTION('ref_axis',(0.,-1.,0.));
#8255=DIRECTION('center_axis',(-0.408248290463857,-0.408248290463857,-0.816496580927733));
#8256=DIRECTION('ref_axis',(0.577350269189642,0.577350269189613,-0.577350269189622));
#8257=DIRECTION('center_axis',(0.,0.,-1.));
#8258=DIRECTION('ref_axis',(1.,0.,0.));
#8259=DIRECTION('center_axis',(0.,0.,1.));
#8260=DIRECTION('ref_axis',(0.707106781186573,-0.707106781186523,0.));
#8261=DIRECTION('',(0.,0.,1.));
#8262=DIRECTION('center_axis',(0.,0.,1.));
#8263=DIRECTION('ref_axis',(0.707106781186565,-0.70710678118653,0.));
#8264=DIRECTION('',(0.,0.,-1.));
#8265=DIRECTION('center_axis',(-1.,0.,0.));
#8266=DIRECTION('ref_axis',(0.,0.,1.));
#8267=DIRECTION('',(0.,0.,-1.));
#8268=DIRECTION('',(0.,1.,0.));
#8269=DIRECTION('center_axis',(0.,0.,-1.));
#8270=DIRECTION('ref_axis',(0.707106781186573,0.707106781186523,0.));
#8271=DIRECTION('',(0.,0.,1.));
#8272=DIRECTION('center_axis',(0.,0.,1.));
#8273=DIRECTION('ref_axis',(0.707106781186565,0.70710678118653,0.));
#8274=DIRECTION('center_axis',(0.,-1.,0.));
#8275=DIRECTION('ref_axis',(0.,0.,-1.));
#8276=DIRECTION('',(0.,0.,-1.));
#8277=DIRECTION('',(-1.,0.,0.));
#8278=DIRECTION('',(0.,0.,1.));
#8279=DIRECTION('',(1.,0.,0.));
#8280=DIRECTION('',(0.,0.,1.));
#8281=DIRECTION('',(1.,0.,0.));
#8282=DIRECTION('',(0.,0.,-1.));
#8283=DIRECTION('center_axis',(0.,1.,0.));
#8284=DIRECTION('ref_axis',(-0.707106781186547,0.,0.707106781186547));
#8285=DIRECTION('',(1.,0.,0.));
#8286=DIRECTION('',(0.,0.,-1.));
#8287=DIRECTION('',(-1.,0.,0.));
#8288=DIRECTION('',(0.,0.,1.));
#8289=DIRECTION('',(1.,0.,0.));
#8290=DIRECTION('center_axis',(0.,1.,0.));
#8291=DIRECTION('ref_axis',(0.707106781186547,0.,0.707106781186547));
#8292=DIRECTION('',(0.,0.,-1.));
#8293=DIRECTION('',(1.,0.,0.));
#8294=DIRECTION('',(0.,0.,-1.));
#8295=DIRECTION('',(1.,0.,0.));
#8296=DIRECTION('',(0.,0.,-1.));
#8297=DIRECTION('',(-1.,0.,0.));
#8298=DIRECTION('center_axis',(0.,0.,1.));
#8299=DIRECTION('ref_axis',(1.,0.,0.));
#8300=DIRECTION('',(0.,-1.,0.));
#8301=DIRECTION('',(1.,0.,0.));
#8302=DIRECTION('',(0.,1.,0.));
#8303=DIRECTION('center_axis',(0.,0.,-1.));
#8304=DIRECTION('ref_axis',(-1.,0.,0.));
#8305=DIRECTION('',(1.,0.,0.));
#8306=DIRECTION('',(0.,-1.,0.));
#8307=DIRECTION('',(-1.,0.,0.));
#8308=DIRECTION('',(0.,1.,0.));
#8309=DIRECTION('center_axis',(1.,0.,0.));
#8310=DIRECTION('ref_axis',(0.,0.,-1.));
#8311=DIRECTION('',(0.,-1.,0.));
#8312=DIRECTION('',(0.,0.,-1.));
#8313=DIRECTION('center_axis',(0.,1.,0.));
#8314=DIRECTION('ref_axis',(0.707106781186528,0.,-0.707106781186568));
#8315=DIRECTION('center_axis',(-0.707106781186566,-0.707106781186529,0.));
#8316=DIRECTION('ref_axis',(0.707106781186529,-0.707106781186566,0.));
#8317=DIRECTION('center_axis',(0.707106781186566,-0.707106781186529,0.));
#8318=DIRECTION('ref_axis',(-0.707106781186529,-0.707106781186566,0.));
#8319=DIRECTION('center_axis',(-1.,0.,0.));
#8320=DIRECTION('ref_axis',(0.,0.707106781186553,-0.707106781186542));
#8321=DIRECTION('center_axis',(-1.,0.,0.));
#8322=DIRECTION('ref_axis',(0.,0.,-1.));
#8323=DIRECTION('center_axis',(0.,1.,0.));
#8324=DIRECTION('ref_axis',(-0.707106781186578,0.,-0.707106781186517));
#8325=DIRECTION('center_axis',(0.,1.,0.));
#8326=DIRECTION('ref_axis',(-1.,0.,0.));
#8327=DIRECTION('center_axis',(0.,-1.,0.));
#8328=DIRECTION('ref_axis',(0.,0.,-1.));
#8329=DIRECTION('',(0.,1.,0.));
#8330=DIRECTION('center_axis',(-1.,0.,0.));
#8331=DIRECTION('ref_axis',(0.,-0.707106781186552,-0.707106781186543));
#8332=DIRECTION('',(-1.,0.,0.));
#8333=DIRECTION('center_axis',(-1.,0.,0.));
#8334=DIRECTION('ref_axis',(0.,-1.,0.));
#8335=DIRECTION('center_axis',(0.408248290463862,0.408248290463862,-0.816496580927728));
#8336=DIRECTION('ref_axis',(-0.577350269189645,-0.577350269189616,-0.577350269189616));
#8337=DIRECTION('center_axis',(0.,0.,-1.));
#8338=DIRECTION('ref_axis',(-1.,0.,0.));
#8339=DIRECTION('center_axis',(0.408248290463856,-0.408248290463856,-0.816496580927733));
#8340=DIRECTION('ref_axis',(-0.577350269189637,0.577350269189623,-0.577350269189617));
#8341=DIRECTION('center_axis',(0.,0.,-1.));
#8342=DIRECTION('ref_axis',(0.,1.,0.));
#8343=DIRECTION('center_axis',(0.,0.,-1.));
#8344=DIRECTION('ref_axis',(-0.707106781186573,-0.707106781186523,0.));
#8345=DIRECTION('',(0.,0.,1.));
#8346=DIRECTION('center_axis',(0.,0.,1.));
#8347=DIRECTION('ref_axis',(-0.707106781186565,-0.70710678118653,0.));
#8348=DIRECTION('',(0.,0.,-1.));
#8349=DIRECTION('center_axis',(0.,1.,0.));
#8350=DIRECTION('ref_axis',(0.,0.,1.));
#8351=DIRECTION('',(1.,0.,0.));
#8352=DIRECTION('',(0.,0.,-1.));
#8353=DIRECTION('center_axis',(0.,1.,0.));
#8354=DIRECTION('ref_axis',(0.707106781186547,0.,0.707106781186547));
#8355=DIRECTION('',(1.,0.,0.));
#8356=DIRECTION('',(0.,0.,1.));
#8357=DIRECTION('',(-1.,0.,0.));
#8358=DIRECTION('',(0.,0.,-1.));
#8359=DIRECTION('',(1.,0.,0.));
#8360=DIRECTION('center_axis',(0.,1.,0.));
#8361=DIRECTION('ref_axis',(-0.707106781186547,0.,0.707106781186547));
#8362=DIRECTION('',(0.,0.,-1.));
#8363=DIRECTION('',(-1.,0.,0.));
#8364=DIRECTION('',(0.,0.,-1.));
#8365=DIRECTION('',(-1.,0.,0.));
#8366=DIRECTION('',(0.,0.,-1.));
#8367=DIRECTION('',(1.,0.,0.));
#8368=DIRECTION('',(0.,0.,1.));
#8369=DIRECTION('center_axis',(1.,0.,0.));
#8370=DIRECTION('ref_axis',(0.,-1.,0.));
#8371=DIRECTION('',(0.,-1.,0.));
#8372=DIRECTION('center_axis',(0.,1.,0.));
#8373=DIRECTION('ref_axis',(-0.707106781186578,0.,-0.707106781186517));
#8374=DIRECTION('',(0.,-1.,0.));
#8375=DIRECTION('center_axis',(-0.707106781186541,0.707106781186554,0.));
#8376=DIRECTION('ref_axis',(-0.707106781186554,-0.707106781186541,0.));
#8377=DIRECTION('',(0.,1.,0.));
#8378=DIRECTION('center_axis',(-0.707106781186541,-0.707106781186554,0.));
#8379=DIRECTION('ref_axis',(0.707106781186554,-0.707106781186541,0.));
#8380=DIRECTION('center_axis',(0.40824829046386,-0.816496580927706,-0.408248290463906));
#8381=DIRECTION('ref_axis',(0.577350269189588,0.577350269189645,-0.577350269189645));
#8382=DIRECTION('center_axis',(0.,-2.22044604925032E-15,-1.));
#8383=DIRECTION('ref_axis',(1.,0.,0.));
#8384=DIRECTION('center_axis',(0.,1.,0.));
#8385=DIRECTION('ref_axis',(0.,0.,-1.));
#8386=DIRECTION('center_axis',(1.,0.,7.10542735760101E-14));
#8387=DIRECTION('ref_axis',(0.,1.,0.));
#8388=DIRECTION('center_axis',(-0.40824829046386,-0.816496580927706,0.408248290463905));
#8389=DIRECTION('ref_axis',(0.577350269189589,-0.577350269189645,-0.577350269189644));
#8390=DIRECTION('center_axis',(2.22044604925028E-15,0.,-1.));
#8391=DIRECTION('ref_axis',(0.,-1.,0.));
#8392=DIRECTION('center_axis',(1.,-7.10542735760103E-14,0.));
#8393=DIRECTION('ref_axis',(0.,0.,-1.));
#8394=DIRECTION('center_axis',(0.,-1.,0.));
#8395=DIRECTION('ref_axis',(1.,0.,0.));
#8396=DIRECTION('center_axis',(1.,0.,0.));
#8397=DIRECTION('ref_axis',(0.,-0.707106781186553,-0.707106781186542));
#8398=DIRECTION('',(1.,0.,0.));
#8399=DIRECTION('center_axis',(0.,1.,0.));
#8400=DIRECTION('ref_axis',(0.707106781186528,0.,-0.707106781186568));
#8401=DIRECTION('',(0.,-1.,0.));
#8402=DIRECTION('',(0.,1.,0.));
#8403=DIRECTION('center_axis',(-1.,0.,0.));
#8404=DIRECTION('ref_axis',(0.,0.707106781186553,-0.707106781186542));
#8405=DIRECTION('',(-1.,0.,0.));
#8406=DIRECTION('center_axis',(0.,0.,-1.));
#8407=DIRECTION('ref_axis',(-1.,0.,0.));
#8408=DIRECTION('center_axis',(0.,0.,1.));
#8409=DIRECTION('ref_axis',(1.,0.,0.));
#8410=DIRECTION('',(0.,1.,0.));
#8411=DIRECTION('',(0.,1.,0.));
#8412=DIRECTION('center_axis',(-1.,0.,0.));
#8413=DIRECTION('ref_axis',(0.,0.,1.));
#8414=DIRECTION('center_axis',(0.,0.,-1.));
#8415=DIRECTION('ref_axis',(0.707106781186573,0.707106781186523,0.));
#8416=DIRECTION('center_axis',(0.,0.,1.));
#8417=DIRECTION('ref_axis',(0.707106781186565,0.70710678118653,0.));
#8418=DIRECTION('',(0.,0.,-1.));
#8419=DIRECTION('center_axis',(-1.,0.,0.));
#8420=DIRECTION('ref_axis',(0.,1.,0.));
#8421=DIRECTION('',(0.,-1.,0.));
#8422=DIRECTION('center_axis',(0.,0.,1.));
#8423=DIRECTION('ref_axis',(-0.707106781186573,0.707106781186523,0.));
#8424=DIRECTION('',(0.,0.,1.));
#8425=DIRECTION('center_axis',(0.,0.,1.));
#8426=DIRECTION('ref_axis',(-0.707106781186565,0.70710678118653,0.));
#8427=DIRECTION('center_axis',(1.,0.,0.));
#8428=DIRECTION('ref_axis',(0.,0.,-1.));
#8429=DIRECTION('',(0.,0.,-1.));
#8430=DIRECTION('',(0.,-1.,0.));
#8431=DIRECTION('center_axis',(0.,0.,-1.));
#8432=DIRECTION('ref_axis',(-0.707106781186573,-0.707106781186523,0.));
#8433=DIRECTION('center_axis',(0.,0.,1.));
#8434=DIRECTION('ref_axis',(-0.707106781186565,-0.70710678118653,0.));
#8435=DIRECTION('center_axis',(0.,0.,1.));
#8436=DIRECTION('ref_axis',(0.707106781186573,-0.707106781186523,0.));
#8437=DIRECTION('',(0.,0.,1.));
#8438=DIRECTION('center_axis',(0.,0.,1.));
#8439=DIRECTION('ref_axis',(0.707106781186565,-0.70710678118653,0.));
#8440=DIRECTION('center_axis',(-1.,0.,0.));
#8441=DIRECTION('ref_axis',(0.,0.,1.));
#8442=DIRECTION('',(0.,1.,0.));
#8443=DIRECTION('center_axis',(0.,0.,-1.));
#8444=DIRECTION('ref_axis',(-1.,0.,0.));
#8445=DIRECTION('center_axis',(0.,-1.,0.));
#8446=DIRECTION('ref_axis',(-4.47034409489787E-8,0.,0.999999999999999));
#8447=DIRECTION('center_axis',(0.,0.,-1.));
#8448=DIRECTION('ref_axis',(0.707106781186565,0.70710678118653,0.));
#8449=DIRECTION('center_axis',(0.,1.,0.));
#8450=DIRECTION('ref_axis',(-0.707106781186576,0.,0.707106781186519));
#8451=DIRECTION('center_axis',(0.,-1.,0.));
#8452=DIRECTION('ref_axis',(-4.47035120032521E-8,0.,0.999999999999999));
#8453=DIRECTION('',(0.,1.,0.));
#8454=DIRECTION('center_axis',(0.,0.,-1.));
#8455=DIRECTION('ref_axis',(-1.,0.,0.));
#8456=DIRECTION('center_axis',(0.,0.,-1.));
#8457=DIRECTION('ref_axis',(0.707106781186565,-0.70710678118653,0.));
#8458=DIRECTION('center_axis',(0.,0.,1.));
#8459=DIRECTION('ref_axis',(1.,0.,0.));
#8460=DIRECTION('center_axis',(0.,0.,-1.));
#8461=DIRECTION('ref_axis',(-0.707106781186565,0.70710678118653,0.));
#8462=DIRECTION('center_axis',(0.,0.,1.));
#8463=DIRECTION('ref_axis',(1.,0.,0.));
#8464=DIRECTION('center_axis',(0.,0.,-1.));
#8465=DIRECTION('ref_axis',(-0.707106781186565,-0.70710678118653,0.));
#8466=DIRECTION('center_axis',(0.,0.,-1.));
#8467=DIRECTION('ref_axis',(-1.,0.,0.));
#8468=DIRECTION('center_axis',(0.,1.,0.));
#8469=DIRECTION('ref_axis',(0.,0.,1.));
#8470=DIRECTION('center_axis',(0.,0.,-1.));
#8471=DIRECTION('ref_axis',(-0.707106781186565,-0.70710678118653,0.));
#8472=DIRECTION('center_axis',(0.,0.,-1.));
#8473=DIRECTION('ref_axis',(-1.,0.,0.));
#8474=DIRECTION('center_axis',(0.,1.,0.));
#8475=DIRECTION('ref_axis',(7.105427357601E-14,0.,1.));
#8476=DIRECTION('center_axis',(0.,0.,-1.));
#8477=DIRECTION('ref_axis',(-0.707106781186565,0.70710678118653,0.));
#8478=DIRECTION('center_axis',(0.,0.,1.));
#8479=DIRECTION('ref_axis',(1.,0.,0.));
#8480=DIRECTION('center_axis',(0.,0.,-1.));
#8481=DIRECTION('ref_axis',(0.707106781186565,-0.70710678118653,0.));
#8482=DIRECTION('center_axis',(0.,0.,1.));
#8483=DIRECTION('ref_axis',(1.,0.,0.));
#8484=DIRECTION('center_axis',(0.,0.,-1.));
#8485=DIRECTION('ref_axis',(0.707106781186565,0.70710678118653,0.));
#8486=DIRECTION('center_axis',(0.,0.,-1.));
#8487=DIRECTION('ref_axis',(-1.,0.,0.));
#8488=DIRECTION('center_axis',(0.,1.,0.));
#8489=DIRECTION('ref_axis',(0.,0.,1.));
#8490=DIRECTION('center_axis',(0.,1.,0.));
#8491=DIRECTION('ref_axis',(0.707106781186526,0.,0.70710678118657));
#8492=DIRECTION('center_axis',(0.,1.,0.));
#8493=DIRECTION('ref_axis',(0.,0.,1.));
#8494=DIRECTION('',(0.,-1.,0.));
#8495=DIRECTION('center_axis',(0.,0.,-1.));
#8496=DIRECTION('ref_axis',(-1.,0.,0.));
#8497=DIRECTION('center_axis',(0.,0.,1.));
#8498=DIRECTION('ref_axis',(-0.707106781186565,0.70710678118653,0.));
#8499=DIRECTION('center_axis',(0.,0.,-1.));
#8500=DIRECTION('ref_axis',(-1.,0.,0.));
#8501=DIRECTION('center_axis',(0.,-1.,0.));
#8502=DIRECTION('ref_axis',(0.,0.,1.));
#8503=DIRECTION('center_axis',(0.,1.,0.));
#8504=DIRECTION('ref_axis',(-0.707106781186576,0.,0.707106781186519));
#8505=DIRECTION('center_axis',(0.,-1.,0.));
#8506=DIRECTION('ref_axis',(0.,0.,1.));
#8507=DIRECTION('center_axis',(0.,0.,-1.));
#8508=DIRECTION('ref_axis',(-1.,0.,0.));
#8509=DIRECTION('center_axis',(0.,0.,1.));
#8510=DIRECTION('ref_axis',(-0.707106781186573,0.707106781186523,0.));
#8511=DIRECTION('',(0.,0.,1.));
#8512=DIRECTION('center_axis',(1.,0.,0.));
#8513=DIRECTION('ref_axis',(0.,0.,-1.));
#8514=DIRECTION('center_axis',(0.,0.,1.));
#8515=DIRECTION('ref_axis',(1.,0.,0.));
#8516=DIRECTION('',(0.,1.,0.));
#8517=DIRECTION('',(0.,1.,0.));
#8518=DIRECTION('center_axis',(0.,-1.,0.));
#8519=DIRECTION('ref_axis',(-0.707106781186547,0.,0.707106781186547));
#8520=DIRECTION('',(0.,-1.,0.));
#8521=DIRECTION('center_axis',(0.,-1.,0.));
#8522=DIRECTION('ref_axis',(0.707106781186547,0.,0.707106781186547));
#8523=DIRECTION('',(0.,-1.,0.));
#8524=DIRECTION('center_axis',(-1.,0.,0.));
#8525=DIRECTION('ref_axis',(0.,0.,1.));
#8526=DIRECTION('',(0.,1.,0.));
#8527=DIRECTION('center_axis',(1.,0.,0.));
#8528=DIRECTION('ref_axis',(0.,0.,-1.));
#8529=DIRECTION('',(0.,-1.,0.));
#8530=DIRECTION('center_axis',(0.,0.,-1.));
#8531=DIRECTION('ref_axis',(-1.,0.,0.));
#8532=DIRECTION('center_axis',(0.,0.,-1.));
#8533=DIRECTION('ref_axis',(-1.,0.,0.));
#8534=DIRECTION('center_axis',(-1.,0.,0.));
#8535=DIRECTION('ref_axis',(0.,1.,0.));
#8536=DIRECTION('',(0.,1.,0.));
#8537=DIRECTION('',(0.,0.,-1.));
#8538=DIRECTION('',(0.,-1.,0.));
#8539=DIRECTION('',(0.,0.,-1.));
#8540=DIRECTION('center_axis',(0.,-1.,0.));
#8541=DIRECTION('ref_axis',(-1.,0.,0.));
#8542=DIRECTION('',(-1.,0.,-1.58603289232166E-16));
#8543=DIRECTION('',(0.,0.,-1.));
#8544=DIRECTION('',(1.,0.,3.96508223080414E-17));
#8545=DIRECTION('center_axis',(1.,0.,0.));
#8546=DIRECTION('ref_axis',(0.,-1.,0.));
#8547=DIRECTION('',(0.,-1.,0.));
#8548=DIRECTION('',(0.,0.,-1.));
#8549=DIRECTION('',(0.,1.,0.));
#8550=DIRECTION('center_axis',(0.,1.,0.));
#8551=DIRECTION('ref_axis',(1.,0.,0.));
#8552=DIRECTION('',(1.,0.,1.58603289232166E-16));
#8553=DIRECTION('',(-1.,0.,-3.96508223080414E-17));
#8554=DIRECTION('center_axis',(3.96508223080414E-17,0.,-1.));
#8555=DIRECTION('ref_axis',(1.,0.,3.96508223080414E-17));
#8556=DIRECTION('',(-1.,0.,-3.96508223080414E-17));
#8557=DIRECTION('',(0.,-1.,0.));
#8558=DIRECTION('',(1.,0.,3.96508223080414E-17));
#8559=DIRECTION('',(0.,-1.,0.));
#8560=DIRECTION('center_axis',(-1.,0.,0.));
#8561=DIRECTION('ref_axis',(0.,0.,-1.));
#8562=DIRECTION('',(0.,0.,1.));
#8563=DIRECTION('',(0.,0.,-1.));
#8564=DIRECTION('',(0.,-1.,0.));
#8565=DIRECTION('center_axis',(-1.58603289232166E-16,0.,1.));
#8566=DIRECTION('ref_axis',(-1.,0.,-1.58603289232166E-16));
#8567=DIRECTION('',(1.,0.,1.58603289232166E-16));
#8568=DIRECTION('',(-1.,0.,-1.58603289232166E-16));
#8569=DIRECTION('',(0.,-1.,0.));
#8570=DIRECTION('center_axis',(1.,0.,0.));
#8571=DIRECTION('ref_axis',(0.,0.,1.));
#8572=DIRECTION('',(0.,0.,-1.));
#8573=DIRECTION('',(0.,0.,1.));
#8574=DIRECTION('center_axis',(0.,-1.,0.));
#8575=DIRECTION('ref_axis',(0.,0.,-1.));
#8576=DIRECTION('center_axis',(2.22044604925031E-16,-1.,0.));
#8577=DIRECTION('ref_axis',(-1.,-2.22044604925031E-16,0.));
#8578=DIRECTION('',(-1.,-2.22044604925031E-16,0.));
#8579=DIRECTION('',(0.,0.,-1.));
#8580=DIRECTION('',(1.,2.22044604925031E-16,0.));
#8581=DIRECTION('',(0.,0.,-1.));
#8582=DIRECTION('center_axis',(1.,2.22044604925031E-16,0.));
#8583=DIRECTION('ref_axis',(2.22044604925031E-16,-1.,0.));
#8584=DIRECTION('',(2.22044604925031E-16,-1.,-1.58603289232166E-16));
#8585=DIRECTION('',(0.,0.,-1.));
#8586=DIRECTION('',(-2.22044604925031E-16,1.,3.96508223080414E-17));
#8587=DIRECTION('center_axis',(-2.22044604925031E-16,1.,0.));
#8588=DIRECTION('ref_axis',(1.,2.22044604925031E-16,0.));
#8589=DIRECTION('',(1.,2.22044604925031E-16,0.));
#8590=DIRECTION('',(0.,0.,-1.));
#8591=DIRECTION('',(-1.,-2.22044604925031E-16,0.));
#8592=DIRECTION('center_axis',(-1.,-2.22044604925031E-16,0.));
#8593=DIRECTION('ref_axis',(-2.22044604925031E-16,1.,0.));
#8594=DIRECTION('',(-2.22044604925031E-16,1.,1.58603289232166E-16));
#8595=DIRECTION('',(2.22044604925031E-16,-1.,-3.96508223080414E-17));
#8596=DIRECTION('center_axis',(-8.80425117434168E-33,3.96508223080414E-17,
-1.));
#8597=DIRECTION('ref_axis',(-2.22044604925031E-16,1.,3.96508223080414E-17));
#8598=DIRECTION('',(0.,-1.,-3.96508223080414E-17));
#8599=DIRECTION('',(1.,2.22044604925031E-16,0.));
#8600=DIRECTION('',(-2.22044604925031E-16,1.,3.96508223080414E-17));
#8601=DIRECTION('',(1.,2.22044604925031E-16,0.));
#8602=DIRECTION('center_axis',(2.22044604925031E-16,-1.,0.));
#8603=DIRECTION('ref_axis',(0.,0.,-1.));
#8604=DIRECTION('',(0.,0.,1.));
#8605=DIRECTION('',(0.,0.,-1.));
#8606=DIRECTION('',(1.,2.22044604925031E-16,0.));
#8607=DIRECTION('center_axis',(3.52170046973667E-32,-1.58603289232166E-16,
1.));
#8608=DIRECTION('ref_axis',(2.22044604925031E-16,-1.,-1.58603289232166E-16));
#8609=DIRECTION('',(0.,1.,1.58603289232166E-16));
#8610=DIRECTION('',(2.22044604925031E-16,-1.,-1.58603289232166E-16));
#8611=DIRECTION('',(1.,2.22044604925031E-16,0.));
#8612=DIRECTION('center_axis',(-2.22044604925031E-16,1.,0.));
#8613=DIRECTION('ref_axis',(0.,0.,1.));
#8614=DIRECTION('',(0.,0.,-1.));
#8615=DIRECTION('',(0.,0.,1.));
#8616=DIRECTION('center_axis',(1.,2.22044604925031E-16,0.));
#8617=DIRECTION('ref_axis',(0.,0.,-1.));
#8618=DIRECTION('center_axis',(0.,1.,0.));
#8619=DIRECTION('ref_axis',(0.,0.,1.));
#8620=DIRECTION('center_axis',(0.,1.,0.));
#8621=DIRECTION('ref_axis',(0.707106781186547,0.,0.707106781186547));
#8622=DIRECTION('',(1.,0.,0.));
#8623=DIRECTION('center_axis',(0.,1.,0.));
#8624=DIRECTION('ref_axis',(-0.707106781186547,0.,0.707106781186547));
#8625=DIRECTION('',(0.,0.,1.));
#8626=DIRECTION('center_axis',(0.,1.,0.));
#8627=DIRECTION('ref_axis',(-0.707106781186547,0.,-0.707106781186547));
#8628=DIRECTION('',(-1.,0.,0.));
#8629=DIRECTION('center_axis',(0.,1.,0.));
#8630=DIRECTION('ref_axis',(0.707106781186547,0.,-0.707106781186547));
#8631=DIRECTION('',(0.,0.,-1.));
#8632=DIRECTION('center_axis',(0.,1.,0.));
#8633=DIRECTION('ref_axis',(-0.707106781186547,0.,-0.707106781186547));
#8634=DIRECTION('',(0.,1.,0.));
#8635=DIRECTION('center_axis',(0.,1.,0.));
#8636=DIRECTION('ref_axis',(-1.,0.,0.));
#8637=DIRECTION('',(0.,-1.,0.));
#8638=DIRECTION('center_axis',(-1.,0.,0.));
#8639=DIRECTION('ref_axis',(0.,-1.,0.));
#8640=DIRECTION('',(0.,-1.,0.));
#8641=DIRECTION('',(0.,0.,1.));
#8642=DIRECTION('center_axis',(0.,-1.,0.));
#8643=DIRECTION('ref_axis',(-0.707106781186547,0.,0.707106781186547));
#8644=DIRECTION('',(0.,1.,0.));
#8645=DIRECTION('center_axis',(0.,1.,0.));
#8646=DIRECTION('ref_axis',(0.,0.,1.));
#8647=DIRECTION('center_axis',(0.,0.,1.));
#8648=DIRECTION('ref_axis',(1.,0.,0.));
#8649=DIRECTION('',(0.,1.,0.));
#8650=DIRECTION('',(1.,0.,0.));
#8651=DIRECTION('center_axis',(0.,0.,-1.));
#8652=DIRECTION('ref_axis',(-0.707106781186547,0.707106781186547,0.));
#8653=DIRECTION('',(0.,1.,0.));
#8654=DIRECTION('',(-1.,0.,0.));
#8655=DIRECTION('center_axis',(-0.408248290463863,-0.816496580927726,-0.408248290463864));
#8656=DIRECTION('ref_axis',(-0.577350269189625,0.577350269189628,-0.577350269189625));
#8657=DIRECTION('center_axis',(0.,0.,-1.));
#8658=DIRECTION('ref_axis',(0.,1.,0.));
#8659=DIRECTION('center_axis',(-1.,0.,0.));
#8660=DIRECTION('ref_axis',(0.,0.,-1.));
#8661=DIRECTION('center_axis',(1.,0.,0.));
#8662=DIRECTION('ref_axis',(0.,0.707106781186547,-0.707106781186547));
#8663=DIRECTION('center_axis',(1.,0.,0.));
#8664=DIRECTION('ref_axis',(0.,0.707106781186547,-0.707106781186547));
#8665=DIRECTION('',(1.,0.,0.));
#8666=DIRECTION('center_axis',(-0.408248290463863,-0.816496580927726,0.408248290463864));
#8667=DIRECTION('ref_axis',(-0.577350269189625,0.577350269189628,0.577350269189625));
#8668=DIRECTION('center_axis',(-1.,0.,0.));
#8669=DIRECTION('ref_axis',(0.,1.,0.));
#8670=DIRECTION('center_axis',(0.,0.,1.));
#8671=DIRECTION('ref_axis',(-1.,0.,0.));
#8672=DIRECTION('center_axis',(0.,0.,1.));
#8673=DIRECTION('ref_axis',(-0.707106781186547,0.707106781186547,0.));
#8674=DIRECTION('',(0.,0.,-1.));
#8675=DIRECTION('center_axis',(0.,0.,1.));
#8676=DIRECTION('ref_axis',(1.,0.,0.));
#8677=DIRECTION('center_axis',(0.,0.,1.));
#8678=DIRECTION('ref_axis',(-1.,0.,0.));
#8679=DIRECTION('center_axis',(0.,-1.,0.));
#8680=DIRECTION('ref_axis',(0.,0.,-1.));
#8681=DIRECTION('center_axis',(1.,0.,0.));
#8682=DIRECTION('ref_axis',(0.,-1.,0.));
#8683=DIRECTION('center_axis',(0.,1.,0.));
#8684=DIRECTION('ref_axis',(0.707106781186547,0.,-0.707106781186547));
#8685=DIRECTION('',(0.,-1.,0.));
#8686=DIRECTION('center_axis',(0.,0.,-1.));
#8687=DIRECTION('ref_axis',(-1.,0.,0.));
#8688=DIRECTION('center_axis',(0.,-1.,0.));
#8689=DIRECTION('ref_axis',(1.,0.,0.));
#8690=DIRECTION('center_axis',(0.,0.,-1.));
#8691=DIRECTION('ref_axis',(0.,1.,0.));
#8692=DIRECTION('center_axis',(1.,0.,0.));
#8693=DIRECTION('ref_axis',(0.,0.,1.));
#8694=DIRECTION('center_axis',(0.,0.,1.));
#8695=DIRECTION('ref_axis',(-0.707106781186547,0.707106781186547,0.));
#8696=DIRECTION('center_axis',(0.,0.,1.));
#8697=DIRECTION('ref_axis',(-0.707106781186547,0.707106781186547,0.));
#8698=DIRECTION('',(0.,0.,-1.));
#8699=DIRECTION('',(0.,0.,1.));
#8700=DIRECTION('center_axis',(0.,1.,0.));
#8701=DIRECTION('ref_axis',(0.707106781186547,0.,0.707106781186547));
#8702=DIRECTION('',(0.,1.,0.));
#8703=DIRECTION('',(0.,-1.,0.));
#8704=DIRECTION('center_axis',(1.,0.,0.));
#8705=DIRECTION('ref_axis',(0.,-0.707106781186547,-0.707106781186547));
#8706=DIRECTION('center_axis',(1.,0.,0.));
#8707=DIRECTION('ref_axis',(0.,-0.707106781186547,-0.707106781186547));
#8708=DIRECTION('',(-1.,0.,0.));
#8709=DIRECTION('center_axis',(1.,0.,0.));
#8710=DIRECTION('ref_axis',(0.,1.,0.));
#8711=DIRECTION('center_axis',(0.,-1.,0.));
#8712=DIRECTION('ref_axis',(1.,0.,0.));
#8713=DIRECTION('',(0.,0.,-1.));
#8714=DIRECTION('',(1.,0.,0.));
#8715=DIRECTION('center_axis',(0.,1.,0.));
#8716=DIRECTION('ref_axis',(-1.,0.,0.));
#8717=DIRECTION('',(0.,0.,1.));
#8718=DIRECTION('',(-1.,0.,0.));
#8719=DIRECTION('center_axis',(-1.,0.,0.));
#8720=DIRECTION('ref_axis',(0.,0.707106781186547,0.707106781186547));
#8721=DIRECTION('center_axis',(1.,0.,0.));
#8722=DIRECTION('ref_axis',(0.,0.707106781186547,0.707106781186547));
#8723=DIRECTION('',(1.,0.,0.));
#8724=DIRECTION('center_axis',(0.,0.,1.));
#8725=DIRECTION('ref_axis',(1.,0.,0.));
#8726=DIRECTION('',(0.,-1.,0.));
#8727=DIRECTION('',(-1.,0.,0.));
#8728=DIRECTION('center_axis',(1.,0.,0.));
#8729=DIRECTION('ref_axis',(0.,-0.707106781186547,0.707106781186547));
#8730=DIRECTION('center_axis',(1.,0.,0.));
#8731=DIRECTION('ref_axis',(0.,-0.707106781186547,0.707106781186547));
#8732=DIRECTION('center_axis',(1.,0.,0.));
#8733=DIRECTION('ref_axis',(0.,0.,-1.));
#8734=DIRECTION('center_axis',(4.44089209850063E-16,0.,-1.));
#8735=DIRECTION('ref_axis',(-1.,0.,-4.44089209850063E-16));
#8736=DIRECTION('',(1.,0.,4.44089209850063E-16));
#8737=DIRECTION('',(0.,1.,0.));
#8738=DIRECTION('',(1.,0.,4.44089209850063E-16));
#8739=DIRECTION('',(0.,1.,0.));
#8740=DIRECTION('center_axis',(0.,1.,0.));
#8741=DIRECTION('ref_axis',(1.,0.,2.66453525910037E-15));
#8742=DIRECTION('center_axis',(0.,1.,0.));
#8743=DIRECTION('ref_axis',(1.,0.,2.66453525910037E-15));
#8744=DIRECTION('',(0.,1.,0.));
#8745=DIRECTION('center_axis',(0.,1.,0.));
#8746=DIRECTION('ref_axis',(1.,0.,2.66453525910037E-15));
#8747=DIRECTION('center_axis',(-1.,0.,0.));
#8748=DIRECTION('ref_axis',(0.,0.,1.));
#8749=DIRECTION('',(0.,0.,-1.));
#8750=DIRECTION('',(0.,1.,0.));
#8751=DIRECTION('',(0.,0.,-1.));
#8752=DIRECTION('center_axis',(0.,1.,0.));
#8753=DIRECTION('ref_axis',(3.55271367880049E-15,0.,-1.));
#8754=DIRECTION('center_axis',(0.,1.,0.));
#8755=DIRECTION('ref_axis',(3.55271367880049E-15,0.,-1.));
#8756=DIRECTION('',(0.,-1.,0.));
#8757=DIRECTION('center_axis',(0.,1.,0.));
#8758=DIRECTION('ref_axis',(3.55271367880049E-15,0.,-1.));
#8759=DIRECTION('center_axis',(0.,0.,1.));
#8760=DIRECTION('ref_axis',(1.,0.,0.));
#8761=DIRECTION('',(1.,0.,0.));
#8762=DIRECTION('',(0.,-1.,0.));
#8763=DIRECTION('',(1.,0.,0.));
#8764=DIRECTION('center_axis',(-1.,0.,0.));
#8765=DIRECTION('ref_axis',(0.,0.,1.));
#8766=DIRECTION('',(0.,0.,1.));
#8767=DIRECTION('',(0.,1.,0.));
#8768=DIRECTION('',(0.,0.,1.));
#8769=DIRECTION('center_axis',(0.,0.,-1.));
#8770=DIRECTION('ref_axis',(-1.,0.,0.));
#8771=DIRECTION('',(1.,0.,0.));
#8772=DIRECTION('',(0.,1.,0.));
#8773=DIRECTION('',(-1.,0.,0.));
#8774=DIRECTION('',(0.,1.,0.));
#8775=DIRECTION('center_axis',(1.,0.,0.));
#8776=DIRECTION('ref_axis',(0.,0.,-1.));
#8777=DIRECTION('',(0.,0.,1.));
#8778=DIRECTION('',(0.,0.,-1.));
#8779=DIRECTION('',(0.,1.,0.));
#8780=DIRECTION('center_axis',(0.00442446892865959,0.,0.999990211989447));
#8781=DIRECTION('ref_axis',(0.999990211989447,0.,-0.00442446892865959));
#8782=DIRECTION('',(-0.999990211989447,0.,0.00442446892865959));
#8783=DIRECTION('',(0.999990211989447,0.,-0.00442446892865959));
#8784=DIRECTION('',(0.,1.,0.));
#8785=DIRECTION('center_axis',(1.,0.,0.));
#8786=DIRECTION('ref_axis',(0.,0.,-1.));
#8787=DIRECTION('',(0.,0.,1.));
#8788=DIRECTION('',(0.,0.,-1.));
#8789=DIRECTION('center_axis',(-1.,0.,0.));
#8790=DIRECTION('ref_axis',(0.,0.,1.));
#8791=DIRECTION('',(0.,0.,-1.));
#8792=DIRECTION('',(0.,-1.,0.));
#8793=DIRECTION('',(0.,0.,1.));
#8794=DIRECTION('',(0.,1.,0.));
#8795=DIRECTION('center_axis',(0.,0.,1.));
#8796=DIRECTION('ref_axis',(1.,0.,0.));
#8797=DIRECTION('',(-1.,0.,0.));
#8798=DIRECTION('',(1.,0.,0.));
#8799=DIRECTION('',(0.,1.,0.));
#8800=DIRECTION('center_axis',(-1.,0.,0.));
#8801=DIRECTION('ref_axis',(0.,0.,1.));
#8802=DIRECTION('',(0.,0.,-1.));
#8803=DIRECTION('',(0.,0.,1.));
#8804=DIRECTION('',(0.,1.,0.));
#8805=DIRECTION('center_axis',(0.,0.,-1.));
#8806=DIRECTION('ref_axis',(-1.,0.,0.));
#8807=DIRECTION('',(1.,0.,0.));
#8808=DIRECTION('',(-1.,0.,0.));
#8809=DIRECTION('',(0.,1.,0.));
#8810=DIRECTION('center_axis',(1.,0.,0.));
#8811=DIRECTION('ref_axis',(0.,0.,-1.));
#8812=DIRECTION('',(0.,0.,-1.));
#8813=DIRECTION('',(0.,0.,-1.));
#8814=DIRECTION('',(0.,1.,0.));
#8815=DIRECTION('center_axis',(0.,0.,-1.));
#8816=DIRECTION('ref_axis',(-1.,0.,0.));
#8817=DIRECTION('',(1.,0.,0.));
#8818=DIRECTION('',(-1.,0.,0.));
#8819=DIRECTION('',(0.,1.,0.));
#8820=DIRECTION('center_axis',(-1.,0.,0.));
#8821=DIRECTION('ref_axis',(0.,0.,1.));
#8822=DIRECTION('',(0.,0.,-1.));
#8823=DIRECTION('',(0.,0.,1.));
#8824=DIRECTION('',(0.,1.,0.));
#8825=DIRECTION('center_axis',(0.,0.,-1.));
#8826=DIRECTION('ref_axis',(-1.,0.,0.));
#8827=DIRECTION('',(1.,0.,0.));
#8828=DIRECTION('',(-1.,0.,0.));
#8829=DIRECTION('',(0.,1.,0.));
#8830=DIRECTION('center_axis',(1.,0.,0.));
#8831=DIRECTION('ref_axis',(0.,0.,-1.));
#8832=DIRECTION('',(0.,0.,-1.));
#8833=DIRECTION('',(0.,0.,-1.));
#8834=DIRECTION('',(0.,1.,0.));
#8835=DIRECTION('center_axis',(0.,0.,-1.));
#8836=DIRECTION('ref_axis',(-1.,0.,0.));
#8837=DIRECTION('',(-1.,0.,0.));
#8838=DIRECTION('',(-1.,0.,0.));
#8839=DIRECTION('',(0.,1.,0.));
#8840=DIRECTION('center_axis',(-1.,0.,0.));
#8841=DIRECTION('ref_axis',(0.,0.,1.));
#8842=DIRECTION('',(0.,0.,-1.));
#8843=DIRECTION('',(0.,0.,1.));
#8844=DIRECTION('center_axis',(0.,1.,0.));
#8845=DIRECTION('ref_axis',(0.,0.,1.));
#8846=DIRECTION('',(1.,0.,4.44089209850063E-16));
#8847=DIRECTION('center_axis',(0.,1.,0.));
#8848=DIRECTION('ref_axis',(-3.55271367880049E-15,0.,1.));
#8849=DIRECTION('',(0.,0.,1.));
#8850=DIRECTION('center_axis',(0.,1.,0.));
#8851=DIRECTION('ref_axis',(-1.,0.,-2.44249065417534E-15));
#8852=DIRECTION('',(1.,0.,0.));
#8853=DIRECTION('',(0.,0.,-1.));
#8854=DIRECTION('',(-1.,0.,0.));
#8855=DIRECTION('center_axis',(0.,-1.,0.));
#8856=DIRECTION('ref_axis',(1.,0.,0.));
#8857=DIRECTION('',(-1.,0.,0.));
#8858=DIRECTION('',(0.,0.,-1.));
#8859=DIRECTION('',(1.,0.,0.));
#8860=DIRECTION('center_axis',(0.,1.,0.));
#8861=DIRECTION('ref_axis',(-1.,0.,-2.44249065417534E-15));
#8862=DIRECTION('',(0.,0.,1.));
#8863=DIRECTION('center_axis',(0.,1.,0.));
#8864=DIRECTION('ref_axis',(-3.55271367880049E-15,0.,1.));
#8865=DIRECTION('',(1.,0.,4.44089209850063E-16));
#8866=DIRECTION('center_axis',(0.,0.,-1.));
#8867=DIRECTION('ref_axis',(-1.,0.,0.));
#8868=DIRECTION('',(0.,-1.,0.));
#8869=DIRECTION('center_axis',(1.,0.,0.));
#8870=DIRECTION('ref_axis',(0.,0.,-1.));
#8871=DIRECTION('',(0.,1.,0.));
#8872=DIRECTION('center_axis',(0.,0.,1.));
#8873=DIRECTION('ref_axis',(1.,0.,0.));
#8874=DIRECTION('',(0.,1.,0.));
#8875=DIRECTION('center_axis',(0.,1.,0.));
#8876=DIRECTION('ref_axis',(-1.,0.,-2.44249065417534E-15));
#8877=DIRECTION('',(0.,1.,0.));
#8878=DIRECTION('center_axis',(1.,0.,0.));
#8879=DIRECTION('ref_axis',(0.,0.,-1.));
#8880=DIRECTION('',(0.,1.,0.));
#8881=DIRECTION('center_axis',(0.,1.,0.));
#8882=DIRECTION('ref_axis',(-3.55271367880049E-15,0.,1.));
#8883=DIRECTION('',(0.,1.,0.));
#8884=DIRECTION('center_axis',(4.44089209850063E-16,0.,-1.));
#8885=DIRECTION('ref_axis',(-1.,0.,-4.44089209850063E-16));
#8886=DIRECTION('center_axis',(-1.,0.,0.));
#8887=DIRECTION('ref_axis',(0.,0.,1.));
#8888=DIRECTION('center_axis',(1.,0.,0.));
#8889=DIRECTION('ref_axis',(0.,1.,0.));
#8890=DIRECTION('center_axis',(0.,-1.,0.));
#8891=DIRECTION('ref_axis',(0.,0.,-1.));
#8892=DIRECTION('center_axis',(-1.,0.,0.));
#8893=DIRECTION('ref_axis',(0.,1.,0.));
#8894=DIRECTION('center_axis',(-1.,0.,0.));
#8895=DIRECTION('ref_axis',(0.,1.,0.));
#8896=DIRECTION('center_axis',(1.,0.,0.));
#8897=DIRECTION('ref_axis',(0.,1.,0.));
#8898=DIRECTION('center_axis',(0.,0.,1.));
#8899=DIRECTION('ref_axis',(1.,0.,0.));
#8900=DIRECTION('',(0.,-1.,0.));
#8901=DIRECTION('',(0.,-1.,0.));
#8902=DIRECTION('',(1.,0.,0.));
#8903=DIRECTION('center_axis',(0.,0.,1.));
#8904=DIRECTION('ref_axis',(0.707106781186547,0.707106781186547,0.));
#8905=DIRECTION('',(0.,1.,0.));
#8906=DIRECTION('',(-1.,0.,0.));
#8907=DIRECTION('',(0.,-1.,0.));
#8908=DIRECTION('center_axis',(1.,0.,0.));
#8909=DIRECTION('ref_axis',(0.,0.,-1.));
#8910=DIRECTION('',(0.,1.,0.));
#8911=DIRECTION('center_axis',(1.,0.,0.));
#8912=DIRECTION('ref_axis',(0.,1.,0.));
#8913=DIRECTION('center_axis',(0.,0.,1.));
#8914=DIRECTION('ref_axis',(1.,0.,0.));
#8915=DIRECTION('',(0.,1.,0.));
#8916=DIRECTION('',(1.,0.,0.));
#8917=DIRECTION('',(0.,-1.,0.));
#8918=DIRECTION('center_axis',(0.,0.,-1.));
#8919=DIRECTION('ref_axis',(0.707106781186547,0.707106781186547,0.));
#8920=DIRECTION('',(-1.,0.,0.));
#8921=DIRECTION('',(0.,1.,0.));
#8922=DIRECTION('center_axis',(-1.,0.,0.));
#8923=DIRECTION('ref_axis',(0.,1.,0.));
#8924=DIRECTION('',(-1.,0.,0.));
#8925=DIRECTION('center_axis',(1.,0.,0.));
#8926=DIRECTION('ref_axis',(0.,1.,0.));
#8927=DIRECTION('center_axis',(1.,0.,0.));
#8928=DIRECTION('ref_axis',(0.,1.,0.));
#8929=DIRECTION('center_axis',(-1.,0.,0.));
#8930=DIRECTION('ref_axis',(0.,1.,0.));
#8931=DIRECTION('center_axis',(0.,-1.,0.));
#8932=DIRECTION('ref_axis',(0.,0.,-1.));
#8933=DIRECTION('center_axis',(1.,0.,0.));
#8934=DIRECTION('ref_axis',(0.,1.,0.));
#8935=DIRECTION('center_axis',(-1.,0.,0.));
#8936=DIRECTION('ref_axis',(0.,0.,1.));
#8937=DIRECTION('center_axis',(0.,-1.,0.));
#8938=DIRECTION('ref_axis',(0.,0.,-1.));
#8939=DIRECTION('center_axis',(-1.,0.,0.));
#8940=DIRECTION('ref_axis',(0.,1.,0.));
#8941=DIRECTION('center_axis',(-1.,0.,0.));
#8942=DIRECTION('ref_axis',(0.,1.,0.));
#8943=DIRECTION('center_axis',(1.,0.,0.));
#8944=DIRECTION('ref_axis',(0.,1.,0.));
#8945=DIRECTION('center_axis',(1.,0.,0.));
#8946=DIRECTION('ref_axis',(0.,0.,-1.));
#8947=DIRECTION('center_axis',(1.,0.,0.));
#8948=DIRECTION('ref_axis',(0.,0.707106781186547,-0.707106781186547));
#8949=DIRECTION('',(0.,0.,1.));
#8950=DIRECTION('center_axis',(1.,0.,0.));
#8951=DIRECTION('ref_axis',(0.,0.707106781186547,0.707106781186547));
#8952=DIRECTION('center_axis',(-1.,0.,0.));
#8953=DIRECTION('ref_axis',(0.,1.,0.));
#8954=DIRECTION('',(-1.,0.,0.));
#8955=DIRECTION('center_axis',(1.,0.,0.));
#8956=DIRECTION('ref_axis',(0.,1.,0.));
#8957=DIRECTION('center_axis',(1.,0.,0.));
#8958=DIRECTION('ref_axis',(0.,1.,0.));
#8959=DIRECTION('center_axis',(-1.,0.,0.));
#8960=DIRECTION('ref_axis',(0.,1.,0.));
#8961=DIRECTION('center_axis',(0.,-1.,0.));
#8962=DIRECTION('ref_axis',(0.,0.,-1.));
#8963=DIRECTION('center_axis',(1.,0.,0.));
#8964=DIRECTION('ref_axis',(0.,1.,0.));
#8965=DIRECTION('center_axis',(0.,1.,0.));
#8966=DIRECTION('ref_axis',(-0.707106781186547,0.,-0.707106781186547));
#8967=DIRECTION('',(0.,1.,0.));
#8968=DIRECTION('center_axis',(0.,1.,0.));
#8969=DIRECTION('ref_axis',(-0.707106781186547,0.,-0.707106781186547));
#8970=DIRECTION('',(0.,-1.,0.));
#8971=DIRECTION('',(0.,-1.,0.));
#8972=DIRECTION('',(0.,-1.,0.));
#8973=DIRECTION('center_axis',(0.,-1.,0.));
#8974=DIRECTION('ref_axis',(0.,0.,-1.));
#8975=DIRECTION('center_axis',(-1.,0.,0.));
#8976=DIRECTION('ref_axis',(0.,-1.,0.));
#8977=DIRECTION('',(0.,-1.,0.));
#8978=DIRECTION('',(0.,0.,1.));
#8979=DIRECTION('',(0.,0.,-1.));
#8980=DIRECTION('center_axis',(0.,-1.,0.));
#8981=DIRECTION('ref_axis',(-0.707106781186547,0.,0.707106781186547));
#8982=DIRECTION('',(0.,1.,0.));
#8983=DIRECTION('',(0.,1.,0.));
#8984=DIRECTION('',(0.,1.,0.));
#8985=DIRECTION('center_axis',(0.,1.,0.));
#8986=DIRECTION('ref_axis',(-0.707106781186547,0.,0.707106781186547));
#8987=DIRECTION('center_axis',(0.,-1.,0.));
#8988=DIRECTION('ref_axis',(-1.,0.,0.));
#8989=DIRECTION('center_axis',(0.,0.,1.));
#8990=DIRECTION('ref_axis',(1.,0.,0.));
#8991=DIRECTION('',(0.,-1.,0.));
#8992=DIRECTION('',(-1.,0.,0.));
#8993=DIRECTION('',(-1.,0.,0.));
#8994=DIRECTION('center_axis',(0.,0.,1.));
#8995=DIRECTION('ref_axis',(-0.707106781186547,-0.707106781186547,0.));
#8996=DIRECTION('center_axis',(1.,0.,0.));
#8997=DIRECTION('ref_axis',(0.,-1.,0.));
#8998=DIRECTION('',(0.,-1.,0.));
#8999=DIRECTION('',(0.,0.,-1.));
#9000=DIRECTION('',(0.,1.,0.));
#9001=DIRECTION('',(0.,0.,-1.));
#9002=DIRECTION('center_axis',(1.,0.,0.));
#9003=DIRECTION('ref_axis',(0.,-1.,0.));
#9004=DIRECTION('',(0.,1.,0.));
#9005=DIRECTION('',(0.,0.,-1.));
#9006=DIRECTION('',(0.,-1.,0.));
#9007=DIRECTION('',(0.,0.,-1.));
#9008=DIRECTION('center_axis',(0.,1.,0.));
#9009=DIRECTION('ref_axis',(1.,0.,0.));
#9010=DIRECTION('',(1.,0.,3.96508223080414E-17));
#9011=DIRECTION('',(0.,0.,-1.));
#9012=DIRECTION('',(-1.,0.,0.));
#9013=DIRECTION('center_axis',(0.,1.,0.));
#9014=DIRECTION('ref_axis',(1.,0.,0.));
#9015=DIRECTION('',(-1.,0.,-1.58603289232166E-16));
#9016=DIRECTION('',(1.,0.,0.));
#9017=DIRECTION('',(0.,0.,-1.));
#9018=DIRECTION('center_axis',(0.,-1.,0.));
#9019=DIRECTION('ref_axis',(-1.,0.,0.));
#9020=DIRECTION('',(-1.,0.,-3.96508223080414E-17));
#9021=DIRECTION('',(1.,0.,0.));
#9022=DIRECTION('',(0.,0.,-1.));
#9023=DIRECTION('center_axis',(-1.,0.,0.));
#9024=DIRECTION('ref_axis',(0.,1.,0.));
#9025=DIRECTION('',(0.,1.,0.));
#9026=DIRECTION('center_axis',(-1.,0.,0.));
#9027=DIRECTION('ref_axis',(0.,1.,0.));
#9028=DIRECTION('',(0.,-1.,0.));
#9029=DIRECTION('',(0.,0.,-1.));
#9030=DIRECTION('center_axis',(0.,-1.,0.));
#9031=DIRECTION('ref_axis',(-1.,0.,0.));
#9032=DIRECTION('',(1.,0.,1.58603289232166E-16));
#9033=DIRECTION('center_axis',(0.,0.,1.));
#9034=DIRECTION('ref_axis',(1.,0.,0.));
#9035=DIRECTION('',(0.,-1.,0.));
#9036=DIRECTION('',(1.,0.,0.));
#9037=DIRECTION('center_axis',(0.,0.,1.));
#9038=DIRECTION('ref_axis',(1.,0.,0.));
#9039=DIRECTION('',(-1.,0.,0.));
#9040=DIRECTION('',(0.,1.,0.));
#9041=DIRECTION('center_axis',(-1.58603289232166E-16,0.,1.));
#9042=DIRECTION('ref_axis',(-1.,0.,-1.58603289232166E-16));
#9043=DIRECTION('',(-1.,0.,-1.58603289232166E-16));
#9044=DIRECTION('',(0.,-1.,0.));
#9045=DIRECTION('',(1.,0.,1.58603289232166E-16));
#9046=DIRECTION('',(0.,-1.,0.));
#9047=DIRECTION('center_axis',(-1.,0.,0.));
#9048=DIRECTION('ref_axis',(0.,0.,-1.));
#9049=DIRECTION('',(0.,0.,-1.));
#9050=DIRECTION('',(0.,0.,1.));
#9051=DIRECTION('',(0.,-1.,0.));
#9052=DIRECTION('center_axis',(3.96508223080414E-17,0.,-1.));
#9053=DIRECTION('ref_axis',(1.,0.,3.96508223080414E-17));
#9054=DIRECTION('',(1.,0.,3.96508223080414E-17));
#9055=DIRECTION('',(-1.,0.,-3.96508223080414E-17));
#9056=DIRECTION('',(0.,-1.,0.));
#9057=DIRECTION('center_axis',(1.,0.,0.));
#9058=DIRECTION('ref_axis',(0.,0.,1.));
#9059=DIRECTION('',(0.,0.,1.));
#9060=DIRECTION('',(0.,0.,-1.));
#9061=DIRECTION('center_axis',(0.,1.,0.));
#9062=DIRECTION('ref_axis',(0.,0.,1.));
#9063=DIRECTION('center_axis',(0.,1.,0.));
#9064=DIRECTION('ref_axis',(0.707106781186547,0.,0.707106781186547));
#9065=DIRECTION('',(0.,0.,-1.));
#9066=DIRECTION('center_axis',(0.,1.,0.));
#9067=DIRECTION('ref_axis',(0.707106781186547,0.,-0.707106781186547));
#9068=DIRECTION('center_axis',(0.,0.,1.));
#9069=DIRECTION('ref_axis',(1.,0.,0.));
#9070=DIRECTION('',(0.,1.,0.));
#9071=DIRECTION('center_axis',(0.,0.,-1.));
#9072=DIRECTION('ref_axis',(-0.707106781186547,-0.707106781186547,0.));
#9073=DIRECTION('',(1.,0.,0.));
#9074=DIRECTION('center_axis',(0.,1.,0.));
#9075=DIRECTION('ref_axis',(0.707106781186547,0.,-0.707106781186547));
#9076=DIRECTION('',(0.,-1.,0.));
#9077=DIRECTION('center_axis',(0.,1.,0.));
#9078=DIRECTION('ref_axis',(1.,0.,0.));
#9079=DIRECTION('center_axis',(1.,0.,0.));
#9080=DIRECTION('ref_axis',(0.,1.,0.));
#9081=DIRECTION('',(0.,1.,0.));
#9082=DIRECTION('',(0.,0.,1.));
#9083=DIRECTION('center_axis',(0.,1.,0.));
#9084=DIRECTION('ref_axis',(0.707106781186547,0.,0.707106781186547));
#9085=DIRECTION('center_axis',(0.,1.,0.));
#9086=DIRECTION('ref_axis',(0.,0.,1.));
#9087=DIRECTION('center_axis',(0.408248290463863,-0.816496580927726,0.408248290463864));
#9088=DIRECTION('ref_axis',(-0.577350269189625,-0.577350269189628,-0.577350269189625));
#9089=DIRECTION('center_axis',(0.,0.,-1.));
#9090=DIRECTION('ref_axis',(-1.,0.,0.));
#9091=DIRECTION('center_axis',(0.,-1.,0.));
#9092=DIRECTION('ref_axis',(0.,0.,-1.));
#9093=DIRECTION('center_axis',(-1.,0.,0.));
#9094=DIRECTION('ref_axis',(0.,-1.,0.));
#9095=DIRECTION('center_axis',(0.,0.,1.));
#9096=DIRECTION('ref_axis',(1.,0.,0.));
#9097=DIRECTION('center_axis',(0.,0.,1.));
#9098=DIRECTION('ref_axis',(0.,1.,0.));
#9099=DIRECTION('center_axis',(-1.,0.,0.));
#9100=DIRECTION('ref_axis',(0.,0.,-1.));
#9101=DIRECTION('center_axis',(0.,-1.,0.));
#9102=DIRECTION('ref_axis',(-1.,0.,0.));
#9103=DIRECTION('center_axis',(0.408248290463863,-0.816496580927726,-0.408248290463864));
#9104=DIRECTION('ref_axis',(-0.577350269189625,-0.577350269189628,0.577350269189625));
#9105=DIRECTION('center_axis',(0.,-1.,0.));
#9106=DIRECTION('ref_axis',(-1.,0.,0.));
#9107=DIRECTION('center_axis',(0.,0.,1.));
#9108=DIRECTION('ref_axis',(0.,-1.,0.));
#9109=DIRECTION('center_axis',(-1.,0.,0.));
#9110=DIRECTION('ref_axis',(0.,0.,1.));
#9111=DIRECTION('center_axis',(0.,0.,1.));
#9112=DIRECTION('ref_axis',(-0.707106781186547,-0.707106781186547,0.));
#9113=DIRECTION('',(0.,0.,-1.));
#9114=DIRECTION('',(0.,0.,1.));
#9115=DIRECTION('center_axis',(1.,0.,0.));
#9116=DIRECTION('ref_axis',(0.,-0.707106781186547,0.707106781186547));
#9117=DIRECTION('center_axis',(1.,0.,0.));
#9118=DIRECTION('ref_axis',(0.,-0.707106781186547,0.707106781186547));
#9119=DIRECTION('',(1.,0.,0.));
#9120=DIRECTION('center_axis',(0.408248290463863,-0.816496580927726,0.408248290463864));
#9121=DIRECTION('ref_axis',(-0.577350269189626,-0.577350269189626,-0.577350269189626));
#9122=DIRECTION('center_axis',(0.,0.,-1.));
#9123=DIRECTION('ref_axis',(-1.,0.,0.));
#9124=DIRECTION('center_axis',(-1.,0.,0.));
#9125=DIRECTION('ref_axis',(0.,-1.,0.));
#9126=DIRECTION('center_axis',(0.,0.,-1.));
#9127=DIRECTION('ref_axis',(-1.,0.,0.));
#9128=DIRECTION('center_axis',(-1.,0.,0.));
#9129=DIRECTION('ref_axis',(0.,-1.,0.));
#9130=DIRECTION('center_axis',(0.,0.,-1.));
#9131=DIRECTION('ref_axis',(1.,0.,0.));
#9132=DIRECTION('center_axis',(0.,-1.,0.));
#9133=DIRECTION('ref_axis',(0.,0.,1.));
#9134=DIRECTION('center_axis',(0.,0.,1.));
#9135=DIRECTION('ref_axis',(0.707106781186547,0.707106781186547,0.));
#9136=DIRECTION('',(0.,0.,-1.));
#9137=DIRECTION('',(0.,0.,1.));
#9138=DIRECTION('center_axis',(0.,-1.,0.));
#9139=DIRECTION('ref_axis',(-0.707106781186547,0.,0.707106781186547));
#9140=DIRECTION('',(0.,-1.,0.));
#9141=DIRECTION('center_axis',(0.408248290463863,-0.816496580927726,-0.408248290463864));
#9142=DIRECTION('ref_axis',(-0.577350269189626,-0.577350269189626,0.577350269189626));
#9143=DIRECTION('center_axis',(0.,0.,1.));
#9144=DIRECTION('ref_axis',(0.,-1.,0.));
#9145=DIRECTION('center_axis',(-1.,0.,0.));
#9146=DIRECTION('ref_axis',(0.,0.,1.));
#9147=DIRECTION('center_axis',(0.,0.,1.));
#9148=DIRECTION('ref_axis',(-0.707106781186547,-0.707106781186547,0.));
#9149=DIRECTION('',(0.,0.,1.));
#9150=DIRECTION('center_axis',(1.,0.,0.));
#9151=DIRECTION('ref_axis',(0.,-0.707106781186547,0.707106781186547));
#9152=DIRECTION('',(1.,0.,0.));
#9153=DIRECTION('',(1.,0.,0.));
#9154=DIRECTION('center_axis',(1.,0.,0.));
#9155=DIRECTION('ref_axis',(0.,-0.707106781186547,-0.707106781186547));
#9156=DIRECTION('',(-1.,0.,0.));
#9157=DIRECTION('',(-1.,0.,0.));
#9158=DIRECTION('center_axis',(0.,-1.,0.));
#9159=DIRECTION('ref_axis',(-0.707106781186547,0.,-0.707106781186547));
#9160=DIRECTION('',(0.,1.,0.));
#9161=DIRECTION('center_axis',(-1.,0.,0.));
#9162=DIRECTION('ref_axis',(0.,-1.,0.));
#9163=DIRECTION('center_axis',(0.,-1.,0.));
#9164=DIRECTION('ref_axis',(1.,0.,0.));
#9165=DIRECTION('center_axis',(0.,0.,1.));
#9166=DIRECTION('ref_axis',(1.,0.,0.));
#9167=DIRECTION('center_axis',(0.,0.,1.));
#9168=DIRECTION('ref_axis',(0.,-1.,0.));
#9169=DIRECTION('center_axis',(1.,0.,0.));
#9170=DIRECTION('ref_axis',(0.,0.,-1.));
#9171=DIRECTION('center_axis',(0.,0.,-1.));
#9172=DIRECTION('ref_axis',(-1.,0.,0.));
#9173=DIRECTION('center_axis',(1.,0.,0.));
#9174=DIRECTION('ref_axis',(0.,1.,0.));
#9175=DIRECTION('center_axis',(0.,0.,-1.));
#9176=DIRECTION('ref_axis',(-1.,0.,0.));
#9177=DIRECTION('center_axis',(0.,0.,1.));
#9178=DIRECTION('ref_axis',(-0.707106781186547,-0.707106781186547,0.));
#9179=DIRECTION('',(0.,0.,-1.));
#9180=DIRECTION('center_axis',(-1.,0.,0.));
#9181=DIRECTION('ref_axis',(0.,0.707106781186547,0.707106781186547));
#9182=DIRECTION('',(-1.,0.,0.));
#9183=DIRECTION('center_axis',(0.,1.,0.));
#9184=DIRECTION('ref_axis',(-1.,0.,0.));
#9185=DIRECTION('',(1.,0.,0.));
#9186=DIRECTION('center_axis',(0.,-1.,0.));
#9187=DIRECTION('ref_axis',(0.,0.,-1.));
#9188=DIRECTION('center_axis',(0.,-1.,0.));
#9189=DIRECTION('ref_axis',(1.,0.,0.));
#9190=DIRECTION('',(0.,0.,-1.));
#9191=DIRECTION('',(-1.,0.,0.));
#9192=DIRECTION('center_axis',(1.,0.,0.));
#9193=DIRECTION('ref_axis',(0.,-0.707106781186547,-0.707106781186547));
#9194=DIRECTION('center_axis',(1.,0.,0.));
#9195=DIRECTION('ref_axis',(0.,-0.707106781186547,-0.707106781186547));
#9196=DIRECTION('center_axis',(-1.,0.,0.));
#9197=DIRECTION('ref_axis',(0.,0.707106781186547,-0.707106781186547));
#9198=DIRECTION('center_axis',(1.,0.,0.));
#9199=DIRECTION('ref_axis',(0.,0.,-1.));
#9200=DIRECTION('center_axis',(0.,0.,-1.));
#9201=DIRECTION('ref_axis',(2.22044604925031E-16,-1.,0.));
#9202=DIRECTION('',(2.22044604925031E-16,-1.,0.));
#9203=DIRECTION('',(-1.,-2.22044604925031E-16,0.));
#9204=DIRECTION('',(-2.22044604925031E-16,1.,0.));
#9205=DIRECTION('',(1.,2.22044604925031E-16,0.));
#9206=DIRECTION('center_axis',(1.,2.22044604925031E-16,0.));
#9207=DIRECTION('ref_axis',(-1.57009245868384E-16,0.707106781186577,-0.707106781186518));
#9208=DIRECTION('center_axis',(1.,2.22044604925031E-16,0.));
#9209=DIRECTION('ref_axis',(-2.22044604925031E-16,1.,0.));
#9210=DIRECTION('center_axis',(-1.,-2.22044604925031E-16,0.));
#9211=DIRECTION('ref_axis',(0.,0.,-1.));
#9212=DIRECTION('',(1.,2.22044604925031E-16,0.));
#9213=DIRECTION('center_axis',(2.22044604925031E-16,-1.,0.));
#9214=DIRECTION('ref_axis',(0.707106781186552,1.57009245868379E-16,-0.707106781186543));
#9215=DIRECTION('center_axis',(2.22044604925031E-16,-1.,0.));
#9216=DIRECTION('ref_axis',(1.,2.22044604925031E-16,0.));
#9217=DIRECTION('center_axis',(-2.22044604925031E-16,1.,0.));
#9218=DIRECTION('ref_axis',(0.,0.,-1.));
#9219=DIRECTION('',(2.22044604925031E-16,-1.,0.));
#9220=DIRECTION('center_axis',(-1.,-2.22044604925031E-16,0.));
#9221=DIRECTION('ref_axis',(1.57009245868384E-16,-0.707106781186578,-0.707106781186517));
#9222=DIRECTION('center_axis',(-1.,-2.22044604925031E-16,0.));
#9223=DIRECTION('ref_axis',(2.22044604925031E-16,-1.,0.));
#9224=DIRECTION('center_axis',(1.,2.22044604925031E-16,0.));
#9225=DIRECTION('ref_axis',(0.,0.,-1.));
#9226=DIRECTION('',(-1.,-2.22044604925031E-16,0.));
#9227=DIRECTION('center_axis',(-0.408248290463861,0.408248290463856,-0.816496580927731));
#9228=DIRECTION('ref_axis',(0.577350269189617,-0.577350269189639,-0.577350269189621));
#9229=DIRECTION('center_axis',(0.,0.,-1.));
#9230=DIRECTION('ref_axis',(2.22044604925031E-16,-1.,0.));
#9231=DIRECTION('center_axis',(-2.22044604925031E-16,1.,0.));
#9232=DIRECTION('ref_axis',(-0.707106781186552,-1.57009245868379E-16,-0.707106781186543));
#9233=DIRECTION('center_axis',(-2.22044604925031E-16,1.,0.));
#9234=DIRECTION('ref_axis',(-1.,-2.22044604925031E-16,0.));
#9235=DIRECTION('center_axis',(2.22044604925031E-16,-1.,0.));
#9236=DIRECTION('ref_axis',(0.,0.,-1.));
#9237=DIRECTION('',(-2.22044604925031E-16,1.,0.));
#9238=DIRECTION('center_axis',(0.40824829046386,0.40824829046386,-0.816496580927729));
#9239=DIRECTION('ref_axis',(-0.577350269189616,-0.577350269189644,-0.577350269189618));
#9240=DIRECTION('center_axis',(0.,0.,-1.));
#9241=DIRECTION('ref_axis',(-1.,-2.22044604925031E-16,0.));
#9242=DIRECTION('center_axis',(-0.408248290463859,-0.40824829046386,-0.816496580927729));
#9243=DIRECTION('ref_axis',(0.577350269189615,0.577350269189644,-0.577350269189618));
#9244=DIRECTION('center_axis',(0.,0.,-1.));
#9245=DIRECTION('ref_axis',(1.,2.22044604925031E-16,0.));
#9246=DIRECTION('center_axis',(0.40824829046386,-0.408248290463856,-0.816496580927731));
#9247=DIRECTION('ref_axis',(-0.577350269189618,0.577350269189639,-0.57735026918962));
#9248=DIRECTION('center_axis',(0.,0.,-1.));
#9249=DIRECTION('ref_axis',(-2.22044604925031E-16,1.,0.));
#9250=DIRECTION('center_axis',(0.,0.,1.));
#9251=DIRECTION('ref_axis',(0.707106781186522,0.707106781186573,0.));
#9252=DIRECTION('',(0.,0.,1.));
#9253=DIRECTION('center_axis',(0.,0.,1.));
#9254=DIRECTION('ref_axis',(0.70710678118653,0.707106781186565,0.));
#9255=DIRECTION('',(0.,0.,-1.));
#9256=DIRECTION('center_axis',(2.22044604925031E-16,-1.,0.));
#9257=DIRECTION('ref_axis',(0.,0.,1.));
#9258=DIRECTION('',(0.,0.,-1.));
#9259=DIRECTION('',(-1.,-2.22044604925031E-16,0.));
#9260=DIRECTION('center_axis',(0.,0.,-1.));
#9261=DIRECTION('ref_axis',(-0.707106781186523,0.707106781186572,0.));
#9262=DIRECTION('',(0.,0.,1.));
#9263=DIRECTION('center_axis',(0.,0.,1.));
#9264=DIRECTION('ref_axis',(-0.70710678118653,0.707106781186565,0.));
#9265=DIRECTION('center_axis',(1.,2.22044604925031E-16,0.));
#9266=DIRECTION('ref_axis',(0.,0.,-1.));
#9267=DIRECTION('',(0.,0.,-1.));
#9268=DIRECTION('',(2.22044604925031E-16,-1.,0.));
#9269=DIRECTION('',(0.,0.,1.));
#9270=DIRECTION('',(-2.22044604925031E-16,1.,0.));
#9271=DIRECTION('',(0.,0.,1.));
#9272=DIRECTION('',(-2.22044604925031E-16,1.,0.));
#9273=DIRECTION('',(0.,0.,-1.));
#9274=DIRECTION('center_axis',(-1.,-2.22044604925031E-16,0.));
#9275=DIRECTION('ref_axis',(1.57009245868377E-16,-0.707106781186547,0.707106781186547));
#9276=DIRECTION('',(-2.22044604925031E-16,1.,0.));
#9277=DIRECTION('',(0.,0.,-1.));
#9278=DIRECTION('',(2.22044604925031E-16,-1.,0.));
#9279=DIRECTION('',(0.,0.,1.));
#9280=DIRECTION('',(-2.22044604925031E-16,1.,0.));
#9281=DIRECTION('center_axis',(-1.,-2.22044604925031E-16,0.));
#9282=DIRECTION('ref_axis',(-1.57009245868377E-16,0.707106781186547,0.707106781186547));
#9283=DIRECTION('',(0.,0.,-1.));
#9284=DIRECTION('',(-2.22044604925031E-16,1.,0.));
#9285=DIRECTION('',(0.,0.,-1.));
#9286=DIRECTION('',(-2.22044604925031E-16,1.,0.));
#9287=DIRECTION('',(0.,0.,-1.));
#9288=DIRECTION('',(2.22044604925031E-16,-1.,0.));
#9289=DIRECTION('center_axis',(0.,0.,1.));
#9290=DIRECTION('ref_axis',(-2.22044604925031E-16,1.,0.));
#9291=DIRECTION('',(1.,2.22044604925031E-16,0.));
#9292=DIRECTION('',(-2.22044604925031E-16,1.,0.));
#9293=DIRECTION('',(-1.,-2.22044604925031E-16,0.));
#9294=DIRECTION('center_axis',(0.,0.,-1.));
#9295=DIRECTION('ref_axis',(2.22044604925031E-16,-1.,0.));
#9296=DIRECTION('',(-2.22044604925031E-16,1.,0.));
#9297=DIRECTION('',(1.,2.22044604925031E-16,0.));
#9298=DIRECTION('',(2.22044604925031E-16,-1.,0.));
#9299=DIRECTION('',(-1.,-2.22044604925031E-16,0.));
#9300=DIRECTION('center_axis',(-2.22044604925031E-16,1.,0.));
#9301=DIRECTION('ref_axis',(0.,0.,-1.));
#9302=DIRECTION('',(1.,2.22044604925031E-16,0.));
#9303=DIRECTION('',(0.,0.,-1.));
#9304=DIRECTION('center_axis',(-1.,-2.22044604925031E-16,0.));
#9305=DIRECTION('ref_axis',(-1.57009245868373E-16,0.707106781186528,-0.707106781186568));
#9306=DIRECTION('center_axis',(0.707106781186529,-0.707106781186566,0.));
#9307=DIRECTION('ref_axis',(0.707106781186566,0.707106781186529,0.));
#9308=DIRECTION('center_axis',(0.707106781186529,0.707106781186567,0.));
#9309=DIRECTION('ref_axis',(0.707106781186567,-0.707106781186528,0.));
#9310=DIRECTION('center_axis',(2.22044604925031E-16,-1.,0.));
#9311=DIRECTION('ref_axis',(-0.707106781186553,-1.57009245868379E-16,-0.707106781186542));
#9312=DIRECTION('center_axis',(2.22044604925031E-16,-1.,0.));
#9313=DIRECTION('ref_axis',(0.,0.,-1.));
#9314=DIRECTION('center_axis',(-1.,-2.22044604925031E-16,0.));
#9315=DIRECTION('ref_axis',(1.57009245868384E-16,-0.707106781186578,-0.707106781186517));
#9316=DIRECTION('center_axis',(-1.,-2.22044604925031E-16,0.));
#9317=DIRECTION('ref_axis',(2.22044604925031E-16,-1.,0.));
#9318=DIRECTION('center_axis',(1.,2.22044604925031E-16,0.));
#9319=DIRECTION('ref_axis',(0.,0.,-1.));
#9320=DIRECTION('',(-1.,-2.22044604925031E-16,0.));
#9321=DIRECTION('center_axis',(2.22044604925031E-16,-1.,0.));
#9322=DIRECTION('ref_axis',(0.707106781186552,1.57009245868379E-16,-0.707106781186543));
#9323=DIRECTION('',(2.22044604925031E-16,-1.,0.));
#9324=DIRECTION('center_axis',(2.22044604925031E-16,-1.,0.));
#9325=DIRECTION('ref_axis',(1.,2.22044604925031E-16,0.));
#9326=DIRECTION('center_axis',(-0.40824829046386,0.408248290463862,-0.816496580927728));
#9327=DIRECTION('ref_axis',(0.577350269189614,-0.577350269189646,-0.577350269189617));
#9328=DIRECTION('center_axis',(0.,0.,-1.));
#9329=DIRECTION('ref_axis',(2.22044604925031E-16,-1.,0.));
#9330=DIRECTION('center_axis',(0.408248290463859,0.408248290463855,-0.816496580927732));
#9331=DIRECTION('ref_axis',(-0.577350269189618,-0.57735026918964,-0.577350269189619));
#9332=DIRECTION('center_axis',(0.,0.,-1.));
#9333=DIRECTION('ref_axis',(-1.,-2.22044604925031E-16,0.));
#9334=DIRECTION('center_axis',(0.,0.,-1.));
#9335=DIRECTION('ref_axis',(0.707106781186523,-0.707106781186572,0.));
#9336=DIRECTION('',(0.,0.,1.));
#9337=DIRECTION('center_axis',(0.,0.,1.));
#9338=DIRECTION('ref_axis',(0.70710678118653,-0.707106781186565,0.));
#9339=DIRECTION('',(0.,0.,-1.));
#9340=DIRECTION('center_axis',(-1.,-2.22044604925031E-16,0.));
#9341=DIRECTION('ref_axis',(0.,0.,1.));
#9342=DIRECTION('',(-2.22044604925031E-16,1.,0.));
#9343=DIRECTION('',(0.,0.,-1.));
#9344=DIRECTION('center_axis',(-1.,-2.22044604925031E-16,0.));
#9345=DIRECTION('ref_axis',(-1.57009245868377E-16,0.707106781186547,0.707106781186547));
#9346=DIRECTION('',(-2.22044604925031E-16,1.,0.));
#9347=DIRECTION('',(0.,0.,1.));
#9348=DIRECTION('',(2.22044604925031E-16,-1.,0.));
#9349=DIRECTION('',(0.,0.,-1.));
#9350=DIRECTION('',(-2.22044604925031E-16,1.,0.));
#9351=DIRECTION('center_axis',(-1.,-2.22044604925031E-16,0.));
#9352=DIRECTION('ref_axis',(1.57009245868377E-16,-0.707106781186547,0.707106781186547));
#9353=DIRECTION('',(0.,0.,-1.));
#9354=DIRECTION('',(2.22044604925031E-16,-1.,0.));
#9355=DIRECTION('',(0.,0.,-1.));
#9356=DIRECTION('',(2.22044604925031E-16,-1.,0.));
#9357=DIRECTION('',(0.,0.,-1.));
#9358=DIRECTION('',(-2.22044604925031E-16,1.,0.));
#9359=DIRECTION('',(0.,0.,1.));
#9360=DIRECTION('center_axis',(-2.22044604925031E-16,1.,0.));
#9361=DIRECTION('ref_axis',(1.,2.22044604925031E-16,0.));
#9362=DIRECTION('',(1.,2.22044604925031E-16,0.));
#9363=DIRECTION('center_axis',(-1.,-2.22044604925031E-16,0.));
#9364=DIRECTION('ref_axis',(1.57009245868384E-16,-0.707106781186578,-0.707106781186517));
#9365=DIRECTION('',(1.,2.22044604925031E-16,0.));
#9366=DIRECTION('center_axis',(-0.707106781186554,-0.707106781186541,0.));
#9367=DIRECTION('ref_axis',(0.707106781186541,-0.707106781186554,0.));
#9368=DIRECTION('',(-1.,-2.22044604925031E-16,0.));
#9369=DIRECTION('center_axis',(0.707106781186554,-0.707106781186541,0.));
#9370=DIRECTION('ref_axis',(0.707106781186541,0.707106781186554,0.));
#9371=DIRECTION('center_axis',(0.816496580927707,0.408248290463859,-0.408248290463905));
#9372=DIRECTION('ref_axis',(-0.577350269189642,0.577350269189589,-0.577350269189646));
#9373=DIRECTION('center_axis',(2.22044604925032E-15,4.93038065763134E-31,
-1.));
#9374=DIRECTION('ref_axis',(-2.22044604925031E-16,1.,0.));
#9375=DIRECTION('center_axis',(-1.,-2.22044604925031E-16,0.));
#9376=DIRECTION('ref_axis',(0.,0.,-1.));
#9377=DIRECTION('center_axis',(-2.22044604925031E-16,1.,7.10542735760101E-14));
#9378=DIRECTION('ref_axis',(-1.,-2.22044604925031E-16,0.));
#9379=DIRECTION('center_axis',(0.816496580927707,-0.408248290463859,0.408248290463904));
#9380=DIRECTION('ref_axis',(0.577350269189644,0.577350269189589,-0.577350269189644));
#9381=DIRECTION('center_axis',(-4.93038065763125E-31,2.22044604925028E-15,
-1.));
#9382=DIRECTION('ref_axis',(1.,2.22044604925031E-16,0.));
#9383=DIRECTION('center_axis',(7.08322289710852E-14,1.,0.));
#9384=DIRECTION('ref_axis',(0.,0.,-1.));
#9385=DIRECTION('center_axis',(1.,2.22044604925031E-16,0.));
#9386=DIRECTION('ref_axis',(-2.22044604925031E-16,1.,0.));
#9387=DIRECTION('center_axis',(-2.22044604925031E-16,1.,0.));
#9388=DIRECTION('ref_axis',(0.707106781186553,1.57009245868379E-16,-0.707106781186542));
#9389=DIRECTION('',(-2.22044604925031E-16,1.,0.));
#9390=DIRECTION('center_axis',(-1.,-2.22044604925031E-16,0.));
#9391=DIRECTION('ref_axis',(-1.57009245868373E-16,0.707106781186528,-0.707106781186568));
#9392=DIRECTION('',(1.,2.22044604925031E-16,0.));
#9393=DIRECTION('',(-1.,-2.22044604925031E-16,0.));
#9394=DIRECTION('center_axis',(2.22044604925031E-16,-1.,0.));
#9395=DIRECTION('ref_axis',(-0.707106781186553,-1.57009245868379E-16,-0.707106781186542));
#9396=DIRECTION('',(2.22044604925031E-16,-1.,0.));
#9397=DIRECTION('center_axis',(0.,0.,-1.));
#9398=DIRECTION('ref_axis',(2.22044604925031E-16,-1.,0.));
#9399=DIRECTION('center_axis',(0.,0.,1.));
#9400=DIRECTION('ref_axis',(-2.22044604925031E-16,1.,0.));
#9401=DIRECTION('',(-1.,-2.22044604925031E-16,0.));
#9402=DIRECTION('',(-1.,-2.22044604925031E-16,0.));
#9403=DIRECTION('center_axis',(2.22044604925031E-16,-1.,0.));
#9404=DIRECTION('ref_axis',(0.,0.,1.));
#9405=DIRECTION('center_axis',(0.,0.,-1.));
#9406=DIRECTION('ref_axis',(-0.707106781186523,0.707106781186572,0.));
#9407=DIRECTION('center_axis',(0.,0.,1.));
#9408=DIRECTION('ref_axis',(-0.70710678118653,0.707106781186565,0.));
#9409=DIRECTION('',(0.,0.,-1.));
#9410=DIRECTION('center_axis',(2.22044604925031E-16,-1.,0.));
#9411=DIRECTION('ref_axis',(-1.,-2.22044604925031E-16,0.));
#9412=DIRECTION('',(1.,2.22044604925031E-16,0.));
#9413=DIRECTION('center_axis',(0.,0.,1.));
#9414=DIRECTION('ref_axis',(-0.707106781186522,-0.707106781186573,0.));
#9415=DIRECTION('',(0.,0.,1.));
#9416=DIRECTION('center_axis',(0.,0.,1.));
#9417=DIRECTION('ref_axis',(-0.70710678118653,-0.707106781186565,0.));
#9418=DIRECTION('center_axis',(-2.22044604925031E-16,1.,0.));
#9419=DIRECTION('ref_axis',(0.,0.,-1.));
#9420=DIRECTION('',(0.,0.,-1.));
#9421=DIRECTION('',(1.,2.22044604925031E-16,0.));
#9422=DIRECTION('center_axis',(0.,0.,-1.));
#9423=DIRECTION('ref_axis',(0.707106781186523,-0.707106781186572,0.));
#9424=DIRECTION('center_axis',(0.,0.,1.));
#9425=DIRECTION('ref_axis',(0.70710678118653,-0.707106781186565,0.));
#9426=DIRECTION('center_axis',(0.,0.,1.));
#9427=DIRECTION('ref_axis',(0.707106781186522,0.707106781186573,0.));
#9428=DIRECTION('',(0.,0.,1.));
#9429=DIRECTION('center_axis',(0.,0.,1.));
#9430=DIRECTION('ref_axis',(0.70710678118653,0.707106781186565,0.));
#9431=DIRECTION('center_axis',(2.22044604925031E-16,-1.,0.));
#9432=DIRECTION('ref_axis',(0.,0.,1.));
#9433=DIRECTION('',(-1.,-2.22044604925031E-16,0.));
#9434=DIRECTION('center_axis',(0.,0.,-1.));
#9435=DIRECTION('ref_axis',(0.,-1.,0.));
#9436=DIRECTION('center_axis',(1.,2.22044604925031E-16,0.));
#9437=DIRECTION('ref_axis',(9.92615788430545E-24,-4.47034409489787E-8,0.999999999999999));
#9438=DIRECTION('center_axis',(0.,0.,-1.));
#9439=DIRECTION('ref_axis',(-0.70710678118653,0.707106781186565,0.));
#9440=DIRECTION('center_axis',(-1.,-2.22044604925031E-16,0.));
#9441=DIRECTION('ref_axis',(1.57009245868384E-16,-0.707106781186576,0.707106781186519));
#9442=DIRECTION('center_axis',(1.,2.22044604925031E-16,0.));
#9443=DIRECTION('ref_axis',(9.92617366152351E-24,-4.47035120032521E-8,0.999999999999999));
#9444=DIRECTION('',(-1.,-2.22044604925031E-16,0.));
#9445=DIRECTION('center_axis',(0.,0.,-1.));
#9446=DIRECTION('ref_axis',(2.22044604925031E-16,-1.,0.));
#9447=DIRECTION('center_axis',(0.,0.,-1.));
#9448=DIRECTION('ref_axis',(0.70710678118653,0.707106781186565,0.));
#9449=DIRECTION('center_axis',(0.,0.,1.));
#9450=DIRECTION('ref_axis',(-2.22044604925031E-16,1.,0.));
#9451=DIRECTION('center_axis',(0.,0.,-1.));
#9452=DIRECTION('ref_axis',(-0.70710678118653,-0.707106781186565,0.));
#9453=DIRECTION('center_axis',(0.,0.,1.));
#9454=DIRECTION('ref_axis',(-2.22044604925031E-16,1.,0.));
#9455=DIRECTION('center_axis',(0.,0.,-1.));
#9456=DIRECTION('ref_axis',(0.70710678118653,-0.707106781186565,0.));
#9457=DIRECTION('center_axis',(0.,0.,-1.));
#9458=DIRECTION('ref_axis',(2.22044604925031E-16,-1.,0.));
#9459=DIRECTION('center_axis',(-1.,-2.22044604925031E-16,0.));
#9460=DIRECTION('ref_axis',(0.,0.,1.));
#9461=DIRECTION('center_axis',(0.,0.,-1.));
#9462=DIRECTION('ref_axis',(0.70710678118653,-0.707106781186565,0.));
#9463=DIRECTION('center_axis',(0.,0.,-1.));
#9464=DIRECTION('ref_axis',(0.,-1.,0.));
#9465=DIRECTION('center_axis',(-1.,-2.22044604925031E-16,0.));
#9466=DIRECTION('ref_axis',(-1.57772181044202E-29,7.105427357601E-14,1.));
#9467=DIRECTION('center_axis',(0.,0.,-1.));
#9468=DIRECTION('ref_axis',(-0.70710678118653,-0.707106781186565,0.));
#9469=DIRECTION('center_axis',(0.,0.,1.));
#9470=DIRECTION('ref_axis',(-2.22044604925031E-16,1.,0.));
#9471=DIRECTION('center_axis',(0.,0.,-1.));
#9472=DIRECTION('ref_axis',(0.70710678118653,0.707106781186565,0.));
#9473=DIRECTION('center_axis',(0.,0.,1.));
#9474=DIRECTION('ref_axis',(-2.22044604925031E-16,1.,0.));
#9475=DIRECTION('center_axis',(0.,0.,-1.));
#9476=DIRECTION('ref_axis',(-0.70710678118653,0.707106781186565,0.));
#9477=DIRECTION('center_axis',(0.,0.,-1.));
#9478=DIRECTION('ref_axis',(2.22044604925031E-16,-1.,0.));
#9479=DIRECTION('center_axis',(-1.,-2.22044604925031E-16,0.));
#9480=DIRECTION('ref_axis',(0.,0.,1.));
#9481=DIRECTION('center_axis',(-1.,-2.22044604925031E-16,0.));
#9482=DIRECTION('ref_axis',(-1.57009245868373E-16,0.707106781186526,0.70710678118657));
#9483=DIRECTION('center_axis',(-1.,-2.22044604925031E-16,0.));
#9484=DIRECTION('ref_axis',(0.,0.,1.));
#9485=DIRECTION('',(1.,2.22044604925031E-16,0.));
#9486=DIRECTION('center_axis',(0.,0.,-1.));
#9487=DIRECTION('ref_axis',(0.,-1.,0.));
#9488=DIRECTION('center_axis',(0.,0.,1.));
#9489=DIRECTION('ref_axis',(-0.70710678118653,-0.707106781186565,0.));
#9490=DIRECTION('center_axis',(0.,0.,-1.));
#9491=DIRECTION('ref_axis',(0.,-1.,0.));
#9492=DIRECTION('center_axis',(1.,2.22044604925031E-16,0.));
#9493=DIRECTION('ref_axis',(0.,0.,1.));
#9494=DIRECTION('center_axis',(-1.,-2.22044604925031E-16,0.));
#9495=DIRECTION('ref_axis',(1.57009245868384E-16,-0.707106781186576,0.707106781186519));
#9496=DIRECTION('center_axis',(1.,2.22044604925031E-16,0.));
#9497=DIRECTION('ref_axis',(0.,0.,1.));
#9498=DIRECTION('center_axis',(0.,0.,-1.));
#9499=DIRECTION('ref_axis',(2.22044604925031E-16,-1.,0.));
#9500=DIRECTION('center_axis',(0.,0.,1.));
#9501=DIRECTION('ref_axis',(-0.707106781186522,-0.707106781186573,0.));
#9502=DIRECTION('',(0.,0.,1.));
#9503=DIRECTION('center_axis',(-2.22044604925031E-16,1.,0.));
#9504=DIRECTION('ref_axis',(0.,0.,-1.));
#9505=DIRECTION('center_axis',(0.,0.,1.));
#9506=DIRECTION('ref_axis',(-2.22044604925031E-16,1.,0.));
#9507=DIRECTION('',(-1.,-2.22044604925031E-16,0.));
#9508=DIRECTION('',(-1.,-2.22044604925031E-16,0.));
#9509=DIRECTION('center_axis',(1.,2.22044604925031E-16,0.));
#9510=DIRECTION('ref_axis',(1.57009245868377E-16,-0.707106781186547,0.707106781186547));
#9511=DIRECTION('',(1.,2.22044604925031E-16,0.));
#9512=DIRECTION('center_axis',(1.,2.22044604925031E-16,0.));
#9513=DIRECTION('ref_axis',(-1.57009245868377E-16,0.707106781186547,0.707106781186547));
#9514=DIRECTION('',(1.,2.22044604925031E-16,0.));
#9515=DIRECTION('center_axis',(2.22044604925031E-16,-1.,0.));
#9516=DIRECTION('ref_axis',(0.,0.,1.));
#9517=DIRECTION('',(-1.,-2.22044604925031E-16,0.));
#9518=DIRECTION('center_axis',(-2.22044604925031E-16,1.,0.));
#9519=DIRECTION('ref_axis',(0.,0.,-1.));
#9520=DIRECTION('',(1.,2.22044604925031E-16,0.));
#9521=DIRECTION('center_axis',(0.,0.,-1.));
#9522=DIRECTION('ref_axis',(2.22044604925031E-16,-1.,0.));
#9523=DIRECTION('center_axis',(0.,0.,-1.));
#9524=DIRECTION('ref_axis',(2.22044604925031E-16,-1.,0.));
#9525=DIRECTION('center_axis',(-1.,-2.22044604925031E-16,0.));
#9526=DIRECTION('ref_axis',(-1.57009245868377E-16,0.707106781186547,0.707106781186547));
#9527=DIRECTION('center_axis',(1.,0.,0.));
#9528=DIRECTION('ref_axis',(0.,0.707106781186547,0.707106781186547));
#9529=DIRECTION('',(-1.,-2.22044604925031E-16,0.));
#9530=DIRECTION('center_axis',(-1.,-2.22044604925031E-16,0.));
#9531=DIRECTION('ref_axis',(-1.57009245868377E-16,0.707106781186547,0.707106781186547));
#9532=DIRECTION('',(1.,2.22044604925031E-16,0.));
#9533=DIRECTION('',(1.,2.22044604925031E-16,0.));
#9534=DIRECTION('',(1.,2.22044604925031E-16,0.));
#9535=DIRECTION('center_axis',(-1.,-2.22044604925031E-16,0.));
#9536=DIRECTION('ref_axis',(-1.57009245868377E-16,0.707106781186547,-0.707106781186547));
#9537=DIRECTION('center_axis',(1.,0.,0.));
#9538=DIRECTION('ref_axis',(0.,0.707106781186547,-0.707106781186547));
#9539=DIRECTION('',(-1.,-2.22044604925031E-16,0.));
#9540=DIRECTION('',(-1.,-2.22044604925031E-16,0.));
#9541=DIRECTION('',(-1.,-2.22044604925031E-16,0.));
#9542=DIRECTION('center_axis',(-1.,-2.22044604925031E-16,0.));
#9543=DIRECTION('ref_axis',(-1.57009245868377E-16,0.707106781186547,-0.707106781186547));
#9544=DIRECTION('',(1.,2.22044604925031E-16,0.));
#9545=DIRECTION('center_axis',(-1.,-2.22044604925031E-16,0.));
#9546=DIRECTION('ref_axis',(0.,0.,1.));
#9547=DIRECTION('',(0.,0.,-1.));
#9548=DIRECTION('',(2.22044604925031E-16,-1.,0.));
#9549=DIRECTION('center_axis',(-1.,-2.22044604925031E-16,0.));
#9550=DIRECTION('ref_axis',(1.57009245868377E-16,-0.707106781186547,-0.707106781186547));
#9551=DIRECTION('',(0.,0.,1.));
#9552=DIRECTION('center_axis',(-1.,-2.22044604925031E-16,0.));
#9553=DIRECTION('ref_axis',(1.57009245868377E-16,-0.707106781186547,0.707106781186547));
#9554=DIRECTION('',(-2.22044604925031E-16,1.,0.));
#9555=DIRECTION('',(-2.22044604925031E-16,1.,3.96508223080414E-17));
#9556=DIRECTION('',(0.,0.,1.));
#9557=DIRECTION('',(2.22044604925031E-16,-1.,-1.58603289232166E-16));
#9558=DIRECTION('',(0.,0.,-1.));
#9559=DIRECTION('center_axis',(-2.22044604925031E-16,1.,0.));
#9560=DIRECTION('ref_axis',(0.,0.,1.));
#9561=DIRECTION('',(1.,2.22044604925031E-16,0.));
#9562=DIRECTION('',(0.,0.,-1.));
#9563=DIRECTION('',(1.,2.22044604925031E-16,0.));
#9564=DIRECTION('center_axis',(-8.80425117434168E-33,3.96508223080414E-17,
-1.));
#9565=DIRECTION('ref_axis',(-2.22044604925031E-16,1.,3.96508223080414E-17));
#9566=DIRECTION('',(1.,2.22044604925031E-16,0.));
#9567=DIRECTION('',(0.,-1.,-3.96508223080414E-17));
#9568=DIRECTION('',(-1.,-2.22044604925031E-16,0.));
#9569=DIRECTION('',(-2.22044604925031E-16,1.,3.96508223080414E-17));
#9570=DIRECTION('',(1.,2.22044604925031E-16,0.));
#9571=DIRECTION('',(2.22044604925031E-16,-1.,-3.96508223080414E-17));
#9572=DIRECTION('center_axis',(2.22044604925031E-16,-1.,0.));
#9573=DIRECTION('ref_axis',(0.,0.,-1.));
#9574=DIRECTION('',(1.,2.22044604925031E-16,0.));
#9575=DIRECTION('',(0.,0.,1.));
#9576=DIRECTION('center_axis',(3.52170046973667E-32,-1.58603289232166E-16,
1.));
#9577=DIRECTION('ref_axis',(2.22044604925031E-16,-1.,-1.58603289232166E-16));
#9578=DIRECTION('',(0.,1.,1.58603289232166E-16));
#9579=DIRECTION('',(1.,2.22044604925031E-16,0.));
#9580=DIRECTION('',(-2.22044604925031E-16,1.,1.58603289232166E-16));
#9581=DIRECTION('',(-1.,-2.22044604925031E-16,0.));
#9582=DIRECTION('',(2.22044604925031E-16,-1.,-1.58603289232166E-16));
#9583=DIRECTION('center_axis',(0.,0.,1.));
#9584=DIRECTION('ref_axis',(-2.22044604925031E-16,1.,0.));
#9585=DIRECTION('',(2.22044604925031E-16,-1.,0.));
#9586=DIRECTION('',(1.,2.22044604925031E-16,0.));
#9587=DIRECTION('center_axis',(0.,0.,1.));
#9588=DIRECTION('ref_axis',(-2.22044604925031E-16,1.,0.));
#9589=DIRECTION('',(-2.22044604925031E-16,1.,0.));
#9590=DIRECTION('',(-1.,-2.22044604925031E-16,0.));
#9591=DIRECTION('center_axis',(1.,2.22044604925031E-16,0.));
#9592=DIRECTION('ref_axis',(2.22044604925031E-16,-1.,0.));
#9593=DIRECTION('',(0.,0.,-1.));
#9594=DIRECTION('',(2.22044604925031E-16,-1.,0.));
#9595=DIRECTION('',(0.,0.,-1.));
#9596=DIRECTION('center_axis',(2.22044604925031E-16,-1.,0.));
#9597=DIRECTION('ref_axis',(-1.,-2.22044604925031E-16,0.));
#9598=DIRECTION('',(0.,0.,-1.));
#9599=DIRECTION('',(-1.,-2.22044604925031E-16,0.));
#9600=DIRECTION('center_axis',(2.22044604925031E-16,-1.,0.));
#9601=DIRECTION('ref_axis',(-1.,-2.22044604925031E-16,0.));
#9602=DIRECTION('',(0.,0.,-1.));
#9603=DIRECTION('',(1.,2.22044604925031E-16,0.));
#9604=DIRECTION('',(0.,0.,-1.));
#9605=DIRECTION('center_axis',(1.,2.22044604925031E-16,0.));
#9606=DIRECTION('ref_axis',(2.22044604925031E-16,-1.,0.));
#9607=DIRECTION('',(0.,0.,-1.));
#9608=DIRECTION('',(-2.22044604925031E-16,1.,0.));
#9609=DIRECTION('center_axis',(-1.,-2.22044604925031E-16,0.));
#9610=DIRECTION('ref_axis',(-2.22044604925031E-16,1.,0.));
#9611=DIRECTION('',(0.,0.,-1.));
#9612=DIRECTION('center_axis',(-1.,-2.22044604925031E-16,0.));
#9613=DIRECTION('ref_axis',(-2.22044604925031E-16,1.,0.));
#9614=DIRECTION('',(0.,0.,-1.));
#9615=DIRECTION('center_axis',(-2.22044604925031E-16,1.,0.));
#9616=DIRECTION('ref_axis',(1.,2.22044604925031E-16,0.));
#9617=DIRECTION('center_axis',(-2.22044604925031E-16,1.,0.));
#9618=DIRECTION('ref_axis',(1.,2.22044604925031E-16,0.));
#9619=DIRECTION('center_axis',(1.,2.22044604925031E-16,0.));
#9620=DIRECTION('ref_axis',(1.57009245868377E-16,-0.707106781186547,0.707106781186547));
#9621=DIRECTION('center_axis',(1.,0.,0.));
#9622=DIRECTION('ref_axis',(0.,-0.707106781186547,0.707106781186547));
#9623=DIRECTION('',(-1.,-2.22044604925031E-16,0.));
#9624=DIRECTION('',(1.,2.22044604925031E-16,0.));
#9625=DIRECTION('center_axis',(-1.,-2.22044604925031E-16,0.));
#9626=DIRECTION('ref_axis',(1.57009245868377E-16,-0.707106781186547,-0.707106781186547));
#9627=DIRECTION('center_axis',(1.,0.,0.));
#9628=DIRECTION('ref_axis',(0.,-0.707106781186547,-0.707106781186547));
#9629=DIRECTION('',(-1.,-2.22044604925031E-16,0.));
#9630=DIRECTION('',(1.,2.22044604925031E-16,0.));
#9631=DIRECTION('center_axis',(1.,0.,0.));
#9632=DIRECTION('ref_axis',(0.,0.,-1.));
#9633=DIRECTION('center_axis',(0.,-1.,0.));
#9634=DIRECTION('ref_axis',(1.,0.,0.));
#9635=DIRECTION('',(-1.,0.,0.));
#9636=DIRECTION('',(0.,0.,-1.));
#9637=DIRECTION('',(1.,0.,0.));
#9638=DIRECTION('center_axis',(1.,0.,0.));
#9639=DIRECTION('ref_axis',(0.,-0.707106781186547,-0.707106781186547));
#9640=DIRECTION('',(1.,0.,0.));
#9641=DIRECTION('center_axis',(-1.,0.,0.));
#9642=DIRECTION('ref_axis',(0.,0.,-1.));
#9643=DIRECTION('center_axis',(0.,0.,1.));
#9644=DIRECTION('ref_axis',(1.,0.,0.));
#9645=DIRECTION('',(-1.,0.,0.));
#9646=DIRECTION('',(0.,1.,0.));
#9647=DIRECTION('',(-1.,0.,0.));
#9648=DIRECTION('',(0.,-1.,0.));
#9649=DIRECTION('center_axis',(0.,0.,-1.));
#9650=DIRECTION('ref_axis',(0.707106781186547,0.707106781186547,0.));
#9651=DIRECTION('center_axis',(1.,0.,0.));
#9652=DIRECTION('ref_axis',(0.,0.707106781186547,-0.707106781186547));
#9653=DIRECTION('',(1.,0.,0.));
#9654=DIRECTION('center_axis',(1.,0.,0.));
#9655=DIRECTION('ref_axis',(0.,1.,0.));
#9656=DIRECTION('center_axis',(1.,0.,0.));
#9657=DIRECTION('ref_axis',(0.,-0.707106781186547,0.707106781186547));
#9658=DIRECTION('center_axis',(-1.,0.,0.));
#9659=DIRECTION('ref_axis',(0.,-1.,0.));
#9660=DIRECTION('',(-1.,0.,0.));
#9661=DIRECTION('center_axis',(0.,0.,1.));
#9662=DIRECTION('ref_axis',(0.707106781186547,0.707106781186547,0.));
#9663=DIRECTION('center_axis',(0.,0.,-1.));
#9664=DIRECTION('ref_axis',(1.,0.,0.));
#9665=DIRECTION('center_axis',(0.,0.,1.));
#9666=DIRECTION('ref_axis',(0.,1.,0.));
#9667=DIRECTION('',(0.,0.,1.));
#9668=DIRECTION('center_axis',(0.,0.,-1.));
#9669=DIRECTION('ref_axis',(-1.,0.,0.));
#9670=DIRECTION('center_axis',(0.,-1.,0.));
#9671=DIRECTION('ref_axis',(0.,0.,1.));
#9672=DIRECTION('center_axis',(0.,0.,1.));
#9673=DIRECTION('ref_axis',(0.707106781186547,0.707106781186547,0.));
#9674=DIRECTION('center_axis',(0.,0.,-1.));
#9675=DIRECTION('ref_axis',(-1.,0.,0.));
#9676=DIRECTION('center_axis',(0.,-1.,0.));
#9677=DIRECTION('ref_axis',(-1.,0.,0.));
#9678=DIRECTION('center_axis',(0.,1.,0.));
#9679=DIRECTION('ref_axis',(-1.,0.,0.));
#9680=DIRECTION('',(-1.,0.,0.));
#9681=DIRECTION('',(0.,0.,1.));
#9682=DIRECTION('center_axis',(1.,0.,0.));
#9683=DIRECTION('ref_axis',(0.,1.,0.));
#9684=DIRECTION('',(0.,0.,-1.));
#9685=DIRECTION('',(0.,-1.,0.));
#9686=DIRECTION('',(0.,0.,-1.));
#9687=DIRECTION('',(0.,1.,0.));
#9688=DIRECTION('center_axis',(0.,1.,0.));
#9689=DIRECTION('ref_axis',(0.707106781186547,0.,0.707106781186547));
#9690=DIRECTION('center_axis',(0.,1.,0.));
#9691=DIRECTION('ref_axis',(0.707106781186547,0.,0.707106781186547));
#9692=DIRECTION('center_axis',(0.,1.,0.));
#9693=DIRECTION('ref_axis',(1.,0.,0.));
#9694=DIRECTION('',(0.,-1.,0.));
#9695=DIRECTION('center_axis',(-1.,0.,0.));
#9696=DIRECTION('ref_axis',(0.,0.707106781186547,0.707106781186547));
#9697=DIRECTION('',(1.,0.,0.));
#9698=DIRECTION('center_axis',(1.,0.,0.));
#9699=DIRECTION('ref_axis',(0.,0.,1.));
#9700=DIRECTION('center_axis',(0.,0.,1.));
#9701=DIRECTION('ref_axis',(0.707106781186547,0.707106781186547,0.));
#9702=DIRECTION('center_axis',(0.,0.,1.));
#9703=DIRECTION('ref_axis',(0.,1.,0.));
#9704=DIRECTION('center_axis',(0.,0.,-1.));
#9705=DIRECTION('ref_axis',(1.,0.,0.));
#9706=DIRECTION('center_axis',(0.408248290463863,-0.816496580927726,0.408248290463864));
#9707=DIRECTION('ref_axis',(0.577350269189625,0.577350269189628,0.577350269189625));
#9708=DIRECTION('center_axis',(0.408248290463863,-0.816496580927726,-0.408248290463864));
#9709=DIRECTION('ref_axis',(0.577350269189625,0.577350269189628,-0.577350269189625));
#9710=DIRECTION('center_axis',(0.,1.,0.));
#9711=DIRECTION('ref_axis',(0.,0.,-1.));
#9712=DIRECTION('center_axis',(0.,-1.,0.));
#9713=DIRECTION('ref_axis',(0.707106781186547,0.,-0.707106781186547));
#9714=DIRECTION('center_axis',(0.,1.,0.));
#9715=DIRECTION('ref_axis',(0.707106781186547,0.,-0.707106781186547));
#9716=DIRECTION('center_axis',(0.,0.,1.));
#9717=DIRECTION('ref_axis',(1.,0.,0.));
#9718=DIRECTION('',(0.,1.,0.));
#9719=DIRECTION('',(1.,0.,0.));
#9720=DIRECTION('center_axis',(0.,-1.,0.));
#9721=DIRECTION('ref_axis',(-0.707106781186547,0.,0.707106781186547));
#9722=DIRECTION('center_axis',(0.,1.,0.));
#9723=DIRECTION('ref_axis',(-0.707106781186547,0.,0.707106781186547));
#9724=DIRECTION('',(0.,-1.,0.));
#9725=DIRECTION('center_axis',(-1.,0.,0.));
#9726=DIRECTION('ref_axis',(0.,-1.,0.));
#9727=DIRECTION('',(0.,0.,1.));
#9728=DIRECTION('',(0.,1.,0.));
#9729=DIRECTION('center_axis',(0.,-1.,0.));
#9730=DIRECTION('ref_axis',(-0.707106781186547,0.,-0.707106781186547));
#9731=DIRECTION('center_axis',(0.,1.,0.));
#9732=DIRECTION('ref_axis',(-0.707106781186547,0.,-0.707106781186547));
#9733=DIRECTION('center_axis',(0.,1.,0.));
#9734=DIRECTION('ref_axis',(0.,0.,1.));
#9735=DIRECTION('',(0.,0.,-1.));
#9736=DIRECTION('',(-1.,0.,0.));
#9737=DIRECTION('',(0.,0.,1.));
#9738=DIRECTION('',(1.,0.,0.));
#9739=DIRECTION('center_axis',(0.,-1.,0.));
#9740=DIRECTION('ref_axis',(0.,0.,-1.));
#9741=DIRECTION('',(-1.,0.,0.));
#9742=DIRECTION('',(0.,0.,-1.));
#9743=DIRECTION('',(1.,0.,0.));
#9744=DIRECTION('',(0.,0.,1.));
#9745=DIRECTION('center_axis',(0.,0.,1.));
#9746=DIRECTION('ref_axis',(-1.,0.,0.));
#9747=DIRECTION('',(0.,-1.,0.));
#9748=DIRECTION('',(0.,-1.,0.));
#9749=DIRECTION('',(0.,1.,0.));
#9750=DIRECTION('',(1.,0.,0.));
#9751=DIRECTION('',(0.,-1.,0.));
#9752=DIRECTION('',(-1.,0.,0.));
#9753=DIRECTION('center_axis',(-1.,0.,0.));
#9754=DIRECTION('ref_axis',(0.,0.,-1.));
#9755=DIRECTION('',(0.,-1.,0.));
#9756=DIRECTION('center_axis',(0.,0.,-1.));
#9757=DIRECTION('ref_axis',(1.,0.,0.));
#9758=DIRECTION('',(0.,-1.,0.));
#9759=DIRECTION('',(0.,-1.,0.));
#9760=DIRECTION('',(1.,0.,0.));
#9761=DIRECTION('',(0.,1.,0.));
#9762=DIRECTION('',(-1.,0.,0.));
#9763=DIRECTION('center_axis',(1.,0.,0.));
#9764=DIRECTION('ref_axis',(0.,0.,1.));
#9765=DIRECTION('center_axis',(0.,-1.,0.));
#9766=DIRECTION('ref_axis',(-1.,0.,0.));
#9767=DIRECTION('',(0.,0.,-1.));
#9768=DIRECTION('',(0.,0.,-1.));
#9769=DIRECTION('center_axis',(-1.,0.,0.));
#9770=DIRECTION('ref_axis',(0.,1.,0.));
#9771=DIRECTION('',(0.,0.,-1.));
#9772=DIRECTION('center_axis',(0.,1.,0.));
#9773=DIRECTION('ref_axis',(1.,0.,0.));
#9774=DIRECTION('',(0.,0.,-1.));
#9775=DIRECTION('center_axis',(1.,0.,0.));
#9776=DIRECTION('ref_axis',(0.,-1.,0.));
#9777=DIRECTION('center_axis',(1.,0.,0.));
#9778=DIRECTION('ref_axis',(0.,0.,-1.));
#9779=DIRECTION('center_axis',(1.,0.,0.));
#9780=DIRECTION('ref_axis',(0.,-1.,0.));
#9781=DIRECTION('center_axis',(0.,-1.,0.));
#9782=DIRECTION('ref_axis',(0.,0.,1.));
#9783=DIRECTION('center_axis',(-1.,0.,0.));
#9784=DIRECTION('ref_axis',(0.,-1.,0.));
#9785=DIRECTION('center_axis',(-1.,0.,0.));
#9786=DIRECTION('ref_axis',(0.,-1.,0.));
#9787=DIRECTION('center_axis',(1.,0.,0.));
#9788=DIRECTION('ref_axis',(0.,-1.,0.));
#9789=DIRECTION('center_axis',(1.,0.,0.));
#9790=DIRECTION('ref_axis',(0.,0.,-1.));
#9791=DIRECTION('',(0.,1.,0.));
#9792=DIRECTION('center_axis',(1.,0.,0.));
#9793=DIRECTION('ref_axis',(0.,-0.707106781186547,-0.707106781186547));
#9794=DIRECTION('',(0.,0.,-1.));
#9795=DIRECTION('center_axis',(1.,0.,0.));
#9796=DIRECTION('ref_axis',(0.,-0.707106781186547,0.707106781186547));
#9797=DIRECTION('',(0.,-1.,0.));
#9798=DIRECTION('center_axis',(-1.,0.,0.));
#9799=DIRECTION('ref_axis',(0.,-1.,0.));
#9800=DIRECTION('center_axis',(-1.,0.,0.));
#9801=DIRECTION('ref_axis',(0.,-1.,0.));
#9802=DIRECTION('',(1.,0.,0.));
#9803=DIRECTION('center_axis',(-1.,0.,0.));
#9804=DIRECTION('ref_axis',(0.,-1.,0.));
#9805=DIRECTION('center_axis',(1.,0.,0.));
#9806=DIRECTION('ref_axis',(0.,-1.,0.));
#9807=DIRECTION('center_axis',(0.,-1.,0.));
#9808=DIRECTION('ref_axis',(0.,0.,-1.));
#9809=DIRECTION('center_axis',(-1.,0.,0.));
#9810=DIRECTION('ref_axis',(0.,-1.,0.));
#9811=DIRECTION('center_axis',(1.,0.,0.));
#9812=DIRECTION('ref_axis',(0.,0.,-1.));
#9813=DIRECTION('center_axis',(1.,0.,0.));
#9814=DIRECTION('ref_axis',(0.,-1.,0.));
#9815=DIRECTION('center_axis',(0.,-1.,0.));
#9816=DIRECTION('ref_axis',(0.,0.,1.));
#9817=DIRECTION('center_axis',(-1.,0.,0.));
#9818=DIRECTION('ref_axis',(0.,-1.,0.));
#9819=DIRECTION('center_axis',(-1.,0.,0.));
#9820=DIRECTION('ref_axis',(0.,-1.,0.));
#9821=DIRECTION('center_axis',(1.,0.,0.));
#9822=DIRECTION('ref_axis',(0.,-1.,0.));
#9823=DIRECTION('center_axis',(1.,0.,0.));
#9824=DIRECTION('ref_axis',(0.,0.,-1.));
#9825=DIRECTION('',(0.,-1.,0.));
#9826=DIRECTION('',(0.,1.,0.));
#9827=DIRECTION('center_axis',(-1.,0.,0.));
#9828=DIRECTION('ref_axis',(0.,-1.,0.));
#9829=DIRECTION('center_axis',(-1.,0.,0.));
#9830=DIRECTION('ref_axis',(0.,-1.,0.));
#9831=DIRECTION('',(1.,0.,0.));
#9832=DIRECTION('center_axis',(-1.,0.,0.));
#9833=DIRECTION('ref_axis',(0.,-1.,0.));
#9834=DIRECTION('center_axis',(1.,0.,0.));
#9835=DIRECTION('ref_axis',(0.,-1.,0.));
#9836=DIRECTION('center_axis',(0.,-1.,0.));
#9837=DIRECTION('ref_axis',(0.,0.,-1.));
#9838=DIRECTION('center_axis',(-1.,0.,0.));
#9839=DIRECTION('ref_axis',(0.,-1.,0.));
#9840=DIRECTION('center_axis',(1.,0.,0.));
#9841=DIRECTION('ref_axis',(0.,0.,-1.));
#9842=DIRECTION('',(0.,-1.,0.));
#9843=DIRECTION('center_axis',(1.,0.,0.));
#9844=DIRECTION('ref_axis',(0.,0.707106781186547,0.707106781186547));
#9845=DIRECTION('',(0.,0.,1.));
#9846=DIRECTION('center_axis',(1.,0.,0.));
#9847=DIRECTION('ref_axis',(0.,0.707106781186547,-0.707106781186547));
#9848=DIRECTION('',(0.,1.,0.));
#9849=DIRECTION('center_axis',(0.,1.,0.));
#9850=DIRECTION('ref_axis',(-1.,0.,0.));
#9851=DIRECTION('',(-1.,0.,0.));
#9852=DIRECTION('',(0.,0.,1.));
#9853=DIRECTION('',(1.,0.,0.));
#9854=DIRECTION('center_axis',(-1.,0.,0.));
#9855=DIRECTION('ref_axis',(0.,0.707106781186547,0.707106781186547));
#9856=DIRECTION('',(1.,0.,0.));
#9857=DIRECTION('center_axis',(-1.,0.,0.));
#9858=DIRECTION('ref_axis',(0.,0.,1.));
#9859=DIRECTION('center_axis',(0.,0.,1.));
#9860=DIRECTION('ref_axis',(1.,0.,0.));
#9861=DIRECTION('',(-1.,0.,0.));
#9862=DIRECTION('',(0.,-1.,0.));
#9863=DIRECTION('center_axis',(0.,0.,1.));
#9864=DIRECTION('ref_axis',(-0.707106781186547,0.707106781186547,0.));
#9865=DIRECTION('',(-1.,0.,0.));
#9866=DIRECTION('',(0.,-1.,0.));
#9867=DIRECTION('',(1.,0.,0.));
#9868=DIRECTION('center_axis',(0.,0.,1.));
#9869=DIRECTION('ref_axis',(-0.707106781186547,-0.707106781186547,0.));
#9870=DIRECTION('',(0.,-1.,0.));
#9871=DIRECTION('',(1.,0.,0.));
#9872=DIRECTION('',(0.,1.,0.));
#9873=DIRECTION('center_axis',(0.,0.,1.));
#9874=DIRECTION('ref_axis',(0.707106781186547,-0.707106781186547,0.));
#9875=DIRECTION('',(0.,1.,0.));
#9876=DIRECTION('',(1.,0.,0.));
#9877=DIRECTION('',(0.,-1.,0.));
#9878=DIRECTION('',(-1.,0.,0.));
#9879=DIRECTION('center_axis',(1.,0.,0.));
#9880=DIRECTION('ref_axis',(0.,-0.707106781186547,0.707106781186547));
#9881=DIRECTION('',(1.,0.,0.));
#9882=DIRECTION('center_axis',(1.,0.,0.));
#9883=DIRECTION('ref_axis',(0.,-1.,0.));
#9884=DIRECTION('center_axis',(0.,-1.,0.));
#9885=DIRECTION('ref_axis',(0.,0.,-1.));
#9886=DIRECTION('',(-1.,0.,0.));
#9887=DIRECTION('',(0.,0.,1.));
#9888=DIRECTION('',(1.,0.,0.));
#9889=DIRECTION('',(0.,0.,-1.));
#9890=DIRECTION('center_axis',(-1.,0.,0.));
#9891=DIRECTION('ref_axis',(0.,0.707106781186547,-0.707106781186547));
#9892=DIRECTION('center_axis',(-1.,0.,0.));
#9893=DIRECTION('ref_axis',(0.,1.,0.));
#9894=DIRECTION('',(-1.,0.,0.));
#9895=DIRECTION('center_axis',(0.,0.,1.));
#9896=DIRECTION('ref_axis',(0.707106781186547,-0.707106781186547,0.));
#9897=DIRECTION('center_axis',(0.,0.,-1.));
#9898=DIRECTION('ref_axis',(0.,-1.,0.));
#9899=DIRECTION('',(0.,0.,-1.));
#9900=DIRECTION('center_axis',(0.,0.,1.));
#9901=DIRECTION('ref_axis',(1.,0.,0.));
#9902=DIRECTION('center_axis',(0.,0.,-1.));
#9903=DIRECTION('ref_axis',(-1.,0.,0.));
#9904=DIRECTION('center_axis',(0.,1.,0.));
#9905=DIRECTION('ref_axis',(-1.,0.,0.));
#9906=DIRECTION('center_axis',(0.,0.,1.));
#9907=DIRECTION('ref_axis',(1.,0.,0.));
#9908=DIRECTION('center_axis',(0.,1.,0.));
#9909=DIRECTION('ref_axis',(0.,0.,-1.));
#9910=DIRECTION('center_axis',(0.,0.,-1.));
#9911=DIRECTION('ref_axis',(0.707106781186547,-0.707106781186547,0.));
#9912=DIRECTION('center_axis',(0.,-1.,0.));
#9913=DIRECTION('ref_axis',(1.,0.,0.));
#9914=DIRECTION('',(-1.,0.,0.));
#9915=DIRECTION('',(0.,0.,-1.));
#9916=DIRECTION('center_axis',(0.,1.,0.));
#9917=DIRECTION('ref_axis',(-1.,0.,0.));
#9918=DIRECTION('',(1.,0.,0.));
#9919=DIRECTION('',(0.,0.,-1.));
#9920=DIRECTION('',(-1.,0.,0.));
#9921=DIRECTION('',(0.,0.,1.));
#9922=DIRECTION('center_axis',(1.,0.,0.));
#9923=DIRECTION('ref_axis',(0.,1.,0.));
#9924=DIRECTION('',(0.,0.,1.));
#9925=DIRECTION('',(0.,-1.,0.));
#9926=DIRECTION('',(0.,0.,-1.));
#9927=DIRECTION('',(0.,1.,0.));
#9928=DIRECTION('center_axis',(1.,0.,0.));
#9929=DIRECTION('ref_axis',(0.,1.,0.));
#9930=DIRECTION('',(0.,-1.,0.));
#9931=DIRECTION('',(0.,0.,-1.));
#9932=DIRECTION('',(0.,1.,0.));
#9933=DIRECTION('',(0.,0.,1.));
#9934=DIRECTION('center_axis',(0.,-1.,0.));
#9935=DIRECTION('ref_axis',(1.,0.,0.));
#9936=DIRECTION('',(-1.,0.,0.));
#9937=DIRECTION('',(0.,0.,-1.));
#9938=DIRECTION('',(1.,0.,0.));
#9939=DIRECTION('',(0.,0.,1.));
#9940=DIRECTION('center_axis',(0.,1.,0.));
#9941=DIRECTION('ref_axis',(0.707106781186547,0.,-0.707106781186547));
#9942=DIRECTION('center_axis',(0.,-1.,0.));
#9943=DIRECTION('ref_axis',(0.,0.,-1.));
#9944=DIRECTION('center_axis',(0.,-1.,0.));
#9945=DIRECTION('ref_axis',(1.,0.,0.));
#9946=DIRECTION('',(0.,1.,0.));
#9947=DIRECTION('center_axis',(1.,0.,0.));
#9948=DIRECTION('ref_axis',(0.,-0.707106781186547,0.707106781186547));
#9949=DIRECTION('center_axis',(1.,0.,0.));
#9950=DIRECTION('ref_axis',(0.,-1.,0.));
#9951=DIRECTION('center_axis',(1.,0.,0.));
#9952=DIRECTION('ref_axis',(0.,0.,1.));
#9953=DIRECTION('center_axis',(1.,0.,0.));
#9954=DIRECTION('ref_axis',(0.,-0.707106781186547,-0.707106781186547));
#9955=DIRECTION('',(1.,0.,0.));
#9956=DIRECTION('center_axis',(1.,0.,0.));
#9957=DIRECTION('ref_axis',(0.,0.,-1.));
#9958=DIRECTION('center_axis',(0.,1.,0.));
#9959=DIRECTION('ref_axis',(0.707106781186547,0.,0.707106781186547));
#9960=DIRECTION('center_axis',(0.,1.,0.));
#9961=DIRECTION('ref_axis',(1.,0.,0.));
#9962=DIRECTION('center_axis',(0.,-1.,0.));
#9963=DIRECTION('ref_axis',(0.,0.,1.));
#9964=DIRECTION('center_axis',(-1.,0.,0.));
#9965=DIRECTION('ref_axis',(0.,0.707106781186547,0.707106781186547));
#9966=DIRECTION('center_axis',(1.,0.,0.));
#9967=DIRECTION('ref_axis',(0.,1.,0.));
#9968=DIRECTION('center_axis',(1.,0.,0.));
#9969=DIRECTION('ref_axis',(0.,0.,1.));
#9970=DIRECTION('center_axis',(0.,0.,1.));
#9971=DIRECTION('ref_axis',(-0.707106781186547,-0.707106781186547,0.));
#9972=DIRECTION('center_axis',(0.,0.,-1.));
#9973=DIRECTION('ref_axis',(-1.,0.,0.));
#9974=DIRECTION('center_axis',(0.,0.,1.));
#9975=DIRECTION('ref_axis',(0.,-1.,0.));
#9976=DIRECTION('',(0.,0.,1.));
#9977=DIRECTION('center_axis',(0.,0.,-1.));
#9978=DIRECTION('ref_axis',(-1.,0.,0.));
#9979=DIRECTION('center_axis',(0.,1.,0.));
#9980=DIRECTION('ref_axis',(0.,0.,1.));
#9981=DIRECTION('center_axis',(0.,0.,1.));
#9982=DIRECTION('ref_axis',(0.707106781186547,0.707106781186547,0.));
#9983=DIRECTION('center_axis',(0.,0.,1.));
#9984=DIRECTION('ref_axis',(0.,1.,0.));
#9985=DIRECTION('center_axis',(0.,0.,-1.));
#9986=DIRECTION('ref_axis',(1.,0.,0.));
#9987=DIRECTION('center_axis',(0.408248290463863,-0.816496580927726,0.408248290463863));
#9988=DIRECTION('ref_axis',(0.577350269189626,0.577350269189626,0.577350269189626));
#9989=DIRECTION('center_axis',(-1.,0.,0.));
#9990=DIRECTION('ref_axis',(0.,0.707106781186547,-0.707106781186547));
#9991=DIRECTION('center_axis',(1.,0.,0.));
#9992=DIRECTION('ref_axis',(0.,0.,-1.));
#9993=DIRECTION('center_axis',(1.,0.,0.));
#9994=DIRECTION('ref_axis',(0.,1.,0.));
#9995=DIRECTION('',(-1.,0.,0.));
#9996=DIRECTION('center_axis',(0.,0.,1.));
#9997=DIRECTION('ref_axis',(1.,0.,0.));
#9998=DIRECTION('center_axis',(0.,0.,-1.));
#9999=DIRECTION('ref_axis',(-0.707106781186547,-0.707106781186547,0.));
#10000=DIRECTION('center_axis',(0.,1.,0.));
#10001=DIRECTION('ref_axis',(1.,0.,0.));
#10002=DIRECTION('center_axis',(0.,1.,0.));
#10003=DIRECTION('ref_axis',(0.707106781186547,0.,0.707106781186547));
#10004=DIRECTION('center_axis',(0.,-1.,0.));
#10005=DIRECTION('ref_axis',(1.,0.,0.));
#10006=DIRECTION('center_axis',(0.,-1.,0.));
#10007=DIRECTION('ref_axis',(0.,0.,1.));
#10008=DIRECTION('center_axis',(0.,0.,1.));
#10009=DIRECTION('ref_axis',(0.707106781186547,-0.707106781186547,0.));
#10010=DIRECTION('center_axis',(0.,0.,1.));
#10011=DIRECTION('ref_axis',(1.,0.,0.));
#10012=DIRECTION('center_axis',(0.,0.,-1.));
#10013=DIRECTION('ref_axis',(0.,-1.,0.));
#10014=DIRECTION('center_axis',(-0.408248290463863,-0.816496580927726,-0.408248290463864));
#10015=DIRECTION('ref_axis',(0.577350269189625,-0.577350269189628,0.577350269189625));
#10016=DIRECTION('center_axis',(0.,0.,1.));
#10017=DIRECTION('ref_axis',(0.707106781186547,-0.707106781186547,0.));
#10018=DIRECTION('center_axis',(0.,0.,1.));
#10019=DIRECTION('ref_axis',(1.,0.,0.));
#10020=DIRECTION('center_axis',(0.,0.,-1.));
#10021=DIRECTION('ref_axis',(0.,-1.,0.));
#10022=DIRECTION('center_axis',(-0.408248290463863,-0.816496580927726,-0.408248290463864));
#10023=DIRECTION('ref_axis',(0.577350269189626,-0.577350269189626,0.577350269189626));
#10024=DIRECTION('center_axis',(0.,1.,0.));
#10025=DIRECTION('ref_axis',(0.707106781186547,0.,-0.707106781186547));
#10026=DIRECTION('center_axis',(0.,1.,0.));
#10027=DIRECTION('ref_axis',(0.,0.,-1.));
#10028=DIRECTION('center_axis',(0.,-1.,0.));
#10029=DIRECTION('ref_axis',(1.,0.,0.));
#10030=DIRECTION('',(0.,1.,0.));
#10031=DIRECTION('center_axis',(0.408248290463862,-0.816496580927726,-0.408248290463863));
#10032=DIRECTION('ref_axis',(0.577350269189626,0.577350269189626,-0.577350269189626));
#10033=DIRECTION('center_axis',(0.,0.,1.));
#10034=DIRECTION('ref_axis',(-0.707106781186547,0.707106781186547,0.));
#10035=DIRECTION('center_axis',(0.,0.,-1.));
#10036=DIRECTION('ref_axis',(0.,1.,0.));
#10037=DIRECTION('center_axis',(0.,0.,1.));
#10038=DIRECTION('ref_axis',(-1.,0.,0.));
#10039=DIRECTION('center_axis',(0.,0.,-1.));
#10040=DIRECTION('ref_axis',(-1.,0.,0.));
#10041=DIRECTION('center_axis',(-0.408248290463863,-0.816496580927726,0.408248290463864));
#10042=DIRECTION('ref_axis',(0.577350269189625,-0.577350269189628,-0.577350269189625));
#10043=DIRECTION('center_axis',(1.,0.,0.));
#10044=DIRECTION('ref_axis',(0.,-0.707106781186547,-0.707106781186547));
#10045=DIRECTION('center_axis',(1.,0.,0.));
#10046=DIRECTION('ref_axis',(0.,0.,-1.));
#10047=DIRECTION('center_axis',(1.,0.,0.));
#10048=DIRECTION('ref_axis',(0.,-1.,0.));
#10049=DIRECTION('',(1.,0.,0.));
#10050=DIRECTION('center_axis',(-0.408248290463863,-0.816496580927726,0.408248290463864));
#10051=DIRECTION('ref_axis',(0.577350269189626,-0.577350269189626,-0.577350269189626));
#10052=DIRECTION('center_axis',(0.,0.,1.));
#10053=DIRECTION('ref_axis',(1.,0.,0.));
#10054=DIRECTION('center_axis',(0.,0.,-1.));
#10055=DIRECTION('ref_axis',(-0.707106781186547,0.707106781186547,0.));
#10056=DIRECTION('center_axis',(0.,-1.,0.));
#10057=DIRECTION('ref_axis',(-0.707106781186547,0.,0.707106781186547));
#10058=DIRECTION('center_axis',(0.,1.,0.));
#10059=DIRECTION('ref_axis',(-0.707106781186547,0.,0.707106781186547));
#10060=DIRECTION('',(0.,-1.,0.));
#10061=DIRECTION('center_axis',(0.,1.,0.));
#10062=DIRECTION('ref_axis',(0.707106781186547,0.,0.707106781186547));
#10063=DIRECTION('',(0.,1.,0.));
#10064=DIRECTION('center_axis',(0.,1.,0.));
#10065=DIRECTION('ref_axis',(0.707106781186547,0.,0.707106781186547));
#10066=DIRECTION('center_axis',(1.,0.,0.));
#10067=DIRECTION('ref_axis',(0.,1.,0.));
#10068=DIRECTION('',(0.,-1.,0.));
#10069=DIRECTION('',(0.,0.,-1.));
#10070=DIRECTION('center_axis',(0.,1.,0.));
#10071=DIRECTION('ref_axis',(0.,0.,1.));
#10072=DIRECTION('center_axis',(0.,1.,0.));
#10073=DIRECTION('ref_axis',(0.707106781186547,0.,-0.707106781186547));
#10074=DIRECTION('',(-1.,0.,0.));
#10075=DIRECTION('center_axis',(0.,1.,0.));
#10076=DIRECTION('ref_axis',(-0.707106781186547,0.,-0.707106781186547));
#10077=DIRECTION('',(0.,0.,1.));
#10078=DIRECTION('',(0.,0.,-1.));
#10079=DIRECTION('',(1.,0.,0.));
#10080=DIRECTION('',(0.,0.,1.));
#10081=DIRECTION('',(-1.,0.,0.));
#10082=DIRECTION('center_axis',(0.,0.,-1.));
#10083=DIRECTION('ref_axis',(1.,0.,0.));
#10084=DIRECTION('',(0.,-1.,0.));
#10085=DIRECTION('',(0.,-1.,0.));
#10086=DIRECTION('',(0.,1.,0.));
#10087=DIRECTION('',(1.,0.,0.));
#10088=DIRECTION('',(0.,-1.,0.));
#10089=DIRECTION('',(-1.,0.,0.));
#10090=DIRECTION('center_axis',(1.,0.,0.));
#10091=DIRECTION('ref_axis',(0.,0.,1.));
#10092=DIRECTION('',(0.,-1.,0.));
#10093=DIRECTION('center_axis',(0.,0.,1.));
#10094=DIRECTION('ref_axis',(-1.,0.,0.));
#10095=DIRECTION('',(0.,-1.,0.));
#10096=DIRECTION('',(0.,-1.,0.));
#10097=DIRECTION('',(1.,0.,0.));
#10098=DIRECTION('',(0.,1.,0.));
#10099=DIRECTION('',(-1.,0.,0.));
#10100=DIRECTION('center_axis',(-1.,0.,0.));
#10101=DIRECTION('ref_axis',(0.,0.,-1.));
#10102=DIRECTION('center_axis',(0.,-1.,0.));
#10103=DIRECTION('ref_axis',(-1.,0.,0.));
#10104=DIRECTION('',(0.,0.,-1.));
#10105=DIRECTION('',(0.,0.,-1.));
#10106=DIRECTION('center_axis',(-1.,0.,0.));
#10107=DIRECTION('ref_axis',(0.,1.,0.));
#10108=DIRECTION('',(0.,0.,-1.));
#10109=DIRECTION('center_axis',(-1.,0.,0.));
#10110=DIRECTION('ref_axis',(0.,1.,0.));
#10111=DIRECTION('',(0.,0.,-1.));
#10112=DIRECTION('',(0.,-1.,0.));
#10113=DIRECTION('',(0.,0.,-1.));
#10114=DIRECTION('center_axis',(0.,1.,0.));
#10115=DIRECTION('ref_axis',(1.,0.,0.));
#10116=DIRECTION('',(0.,0.,-1.));
#10117=DIRECTION('center_axis',(0.,1.,0.));
#10118=DIRECTION('ref_axis',(1.,0.,0.));
#10119=DIRECTION('',(-1.,0.,0.));
#10120=DIRECTION('',(0.,0.,-1.));
#10121=DIRECTION('center_axis',(0.,-1.,0.));
#10122=DIRECTION('ref_axis',(-1.,0.,0.));
#10123=DIRECTION('',(0.,0.,-1.));
#10124=DIRECTION('',(1.,0.,0.));
#10125=DIRECTION('center_axis',(1.,0.,0.));
#10126=DIRECTION('ref_axis',(0.,-1.,0.));
#10127=DIRECTION('center_axis',(1.,0.,0.));
#10128=DIRECTION('ref_axis',(0.,-1.,0.));
#10129=DIRECTION('',(0.,1.,0.));
#10130=DIRECTION('center_axis',(-1.,0.,0.));
#10131=DIRECTION('ref_axis',(0.,-1.,0.));
#10132=DIRECTION('',(0.,1.,0.));
#10133=DIRECTION('center_axis',(0.,-1.,0.));
#10134=DIRECTION('ref_axis',(-0.707106781186547,0.,-0.707106781186547));
#10135=DIRECTION('',(0.,-1.,0.));
#10136=DIRECTION('center_axis',(0.,0.,1.));
#10137=DIRECTION('ref_axis',(1.,0.,0.));
#10138=DIRECTION('',(0.,1.,0.));
#10139=DIRECTION('center_axis',(0.,-1.,0.));
#10140=DIRECTION('ref_axis',(0.707106781186547,0.,-0.707106781186547));
#10141=CARTESIAN_POINT('',(0.,0.,0.));
#10142=CARTESIAN_POINT('Origin',(75.,-63.9999998658896,29.));
#10143=CARTESIAN_POINT('',(75.,-63.9999998658896,29.));
#10144=CARTESIAN_POINT('',(75.,-64.,14.));
#10145=CARTESIAN_POINT('',(75.,-63.9999999463558,20.));
#10146=CARTESIAN_POINT('',(77.,-63.9999998658896,29.));
#10147=CARTESIAN_POINT('',(75.,-63.9999998658896,29.));
#10148=CARTESIAN_POINT('',(77.,-64.,14.));
#10149=CARTESIAN_POINT('',(77.,-63.9999998658896,29.));
#10150=CARTESIAN_POINT('',(75.,-64.,14.));
#10151=CARTESIAN_POINT('Origin',(75.,-58.9999998658896,28.9999999552965));
#10152=CARTESIAN_POINT('',(75.,-58.9999998658896,28.9999999552965));
#10153=CARTESIAN_POINT('',(75.,-49.4999998658896,28.9999998703599));
#10154=CARTESIAN_POINT('',(77.,-58.9999998658896,28.9999999552965));
#10155=CARTESIAN_POINT('',(75.,-58.9999998658896,28.9999999552965));
#10156=CARTESIAN_POINT('',(77.,-58.9999998658896,28.9999999552965));
#10157=CARTESIAN_POINT('Origin',(75.,-59.,14.));
#10158=CARTESIAN_POINT('',(75.,-59.,14.));
#10159=CARTESIAN_POINT('',(75.,-59.0000000134111,12.4999999776483));
#10160=CARTESIAN_POINT('',(77.,-59.,14.));
#10161=CARTESIAN_POINT('',(75.,-59.,14.));
#10162=CARTESIAN_POINT('',(77.,-59.,14.));
#10163=CARTESIAN_POINT('Origin',(75.,-64.,14.));
#10164=CARTESIAN_POINT('',(75.,-50.75,13.9999998815358));
#10165=CARTESIAN_POINT('',(77.,-64.,14.));
#10166=CARTESIAN_POINT('Origin',(77.,-61.4999999329448,21.4999999776483));
#10167=CARTESIAN_POINT('Origin',(75.,-40.0000000268221,10.9999997854233));
#10168=CARTESIAN_POINT('',(75.,-80.,14.0000001430511));
#10169=CARTESIAN_POINT('',(75.,-50.75,13.9999998815358));
#10170=CARTESIAN_POINT('',(75.,-79.9999998569489,30.0000001430511));
#10171=CARTESIAN_POINT('',(75.,-80.0000000268221,11.0000001430511));
#10172=CARTESIAN_POINT('',(75.,-42.9999998569489,29.9999998122454));
#10173=CARTESIAN_POINT('',(75.,-50.7499998569489,29.9999998815358));
#10174=CARTESIAN_POINT('',(75.,-43.,13.9999998122454));
#10175=CARTESIAN_POINT('',(75.,-43.0000000268221,10.9999998122454));
#10176=CARTESIAN_POINT('',(75.,-50.75,13.9999998815358));
#10177=CARTESIAN_POINT('Origin',(78.,-80.,14.0000001430511));
#10178=CARTESIAN_POINT('',(78.,-80.0000000268221,11.0000001430511));
#10179=CARTESIAN_POINT('Origin',(78.,-80.,14.0000001430511));
#10180=CARTESIAN_POINT('',(78.,-83.,14.0000001698732));
#10181=CARTESIAN_POINT('Origin',(78.,-80.,14.0000001430511));
#10182=CARTESIAN_POINT('Origin',(78.,-80.,14.0000001430511));
#10183=CARTESIAN_POINT('Origin',(108.,-80.,14.0000001430511));
#10184=CARTESIAN_POINT('',(108.,-83.,14.0000001698732));
#10185=CARTESIAN_POINT('',(111.,-80.,14.0000001430511));
#10186=CARTESIAN_POINT('Origin',(108.,-80.,14.0000001430511));
#10187=CARTESIAN_POINT('',(108.,-80.0000000268221,11.0000001430511));
#10188=CARTESIAN_POINT('Origin',(108.,-80.,14.0000001430511));
#10189=CARTESIAN_POINT('Origin',(108.,-80.,14.0000001430511));
#10190=CARTESIAN_POINT('Origin',(84.,-80.,14.0000001430511));
#10191=CARTESIAN_POINT('',(84.,-80.0000000268221,11.0000001430511));
#10192=CARTESIAN_POINT('',(84.,-83.,14.0000001698732));
#10193=CARTESIAN_POINT('Origin',(78.,-79.9999998569489,30.0000001430511));
#10194=CARTESIAN_POINT('',(78.,-79.9999998301268,33.0000001430511));
#10195=CARTESIAN_POINT('Origin',(78.,-79.9999998569489,30.0000001430511));
#10196=CARTESIAN_POINT('',(78.,-82.9999998569488,30.0000001698732));
#10197=CARTESIAN_POINT('Origin',(78.,-79.9999998569489,30.0000001430511));
#10198=CARTESIAN_POINT('Origin',(78.,-79.9999998569489,30.0000001430511));
#10199=CARTESIAN_POINT('Origin',(78.,-80.0000000268221,11.0000001430511));
#10200=CARTESIAN_POINT('',(78.,-83.0000000268221,11.0000001698732));
#10201=CARTESIAN_POINT('Origin',(78.,-43.,13.9999998122454));
#10202=CARTESIAN_POINT('',(78.,-40.,13.9999997854233));
#10203=CARTESIAN_POINT('Origin',(78.,-43.,13.9999998122454));
#10204=CARTESIAN_POINT('',(78.,-43.0000000268221,10.9999998122454));
#10205=CARTESIAN_POINT('Origin',(78.,-43.,13.9999998122454));
#10206=CARTESIAN_POINT('Origin',(78.,-43.,13.9999998122454));
#10207=CARTESIAN_POINT('Origin',(108.,-79.9999998569489,30.0000001430511));
#10208=CARTESIAN_POINT('',(108.,-82.9999998569488,30.0000001698732));
#10209=CARTESIAN_POINT('',(108.,-79.9999998301268,33.0000001430511));
#10210=CARTESIAN_POINT('Origin',(108.,-79.9999998569489,30.0000001430511));
#10211=CARTESIAN_POINT('',(111.,-79.9999998569489,30.0000001430511));
#10212=CARTESIAN_POINT('Origin',(108.,-79.9999998569489,30.0000001430511));
#10213=CARTESIAN_POINT('Origin',(108.,-79.9999998569489,30.0000001430511));
#10214=CARTESIAN_POINT('Origin',(108.,-80.0000000268221,11.0000001430511));
#10215=CARTESIAN_POINT('',(108.,-83.0000000268221,11.0000001698732));
#10216=CARTESIAN_POINT('',(111.,-80.0000000268221,11.0000001430511));
#10217=CARTESIAN_POINT('Origin',(108.,-43.,13.9999998122454));
#10218=CARTESIAN_POINT('',(111.,-43.,13.9999998122454));
#10219=CARTESIAN_POINT('',(108.,-40.,13.9999997854233));
#10220=CARTESIAN_POINT('Origin',(108.,-43.,13.9999998122454));
#10221=CARTESIAN_POINT('',(108.,-43.0000000268221,10.9999998122454));
#10222=CARTESIAN_POINT('Origin',(108.,-43.,13.9999998122454));
#10223=CARTESIAN_POINT('Origin',(108.,-43.,13.9999998122454));
#10224=CARTESIAN_POINT('Origin',(108.,-72.25,14.0000000737607));
#10225=CARTESIAN_POINT('',(108.,-72.2500000268221,11.0000000737607));
#10226=CARTESIAN_POINT('',(111.,-72.25,14.0000000737607));
#10227=CARTESIAN_POINT('Origin',(102.,-43.,13.9999998122454));
#10228=CARTESIAN_POINT('',(102.,-43.0000000268221,10.9999998122454));
#10229=CARTESIAN_POINT('',(102.,-40.,13.9999997854233));
#10230=CARTESIAN_POINT('Origin',(78.,-42.9999998569489,29.9999998122454));
#10231=CARTESIAN_POINT('',(78.,-39.9999998569489,29.9999997854233));
#10232=CARTESIAN_POINT('',(78.,-42.9999998301268,32.9999998122454));
#10233=CARTESIAN_POINT('Origin',(78.,-42.9999998569489,29.9999998122454));
#10234=CARTESIAN_POINT('Origin',(78.,-42.9999998569489,29.9999998122454));
#10235=CARTESIAN_POINT('Origin',(78.,-42.9999998569489,29.9999998122454));
#10236=CARTESIAN_POINT('Origin',(78.,-43.0000000268221,10.9999998122454));
#10237=CARTESIAN_POINT('',(78.,-40.0000000268221,10.9999997854233));
#10238=CARTESIAN_POINT('Origin',(78.,-50.7499998569489,29.9999998815358));
#10239=CARTESIAN_POINT('',(78.,-50.7499998301268,32.9999998815358));
#10240=CARTESIAN_POINT('Origin',(108.,-42.9999998569489,29.9999998122454));
#10241=CARTESIAN_POINT('',(111.,-42.9999998569489,29.9999998122454));
#10242=CARTESIAN_POINT('',(108.,-42.9999998301268,32.9999998122454));
#10243=CARTESIAN_POINT('Origin',(108.,-42.9999998569489,29.9999998122454));
#10244=CARTESIAN_POINT('',(108.,-39.9999998569489,29.9999997854233));
#10245=CARTESIAN_POINT('Origin',(108.,-42.9999998569489,29.9999998122454));
#10246=CARTESIAN_POINT('Origin',(108.,-42.9999998569489,29.9999998122454));
#10247=CARTESIAN_POINT('Origin',(108.,-43.0000000268221,10.9999998122454));
#10248=CARTESIAN_POINT('',(111.,-43.0000000268221,10.9999998122454));
#10249=CARTESIAN_POINT('',(108.,-40.0000000268221,10.9999997854233));
#10250=CARTESIAN_POINT('Origin',(102.,-42.9999998569489,29.9999998122454));
#10251=CARTESIAN_POINT('',(102.,-42.9999998301268,32.9999998122454));
#10252=CARTESIAN_POINT('',(102.,-39.9999998569489,29.9999997854233));
#10253=CARTESIAN_POINT('Origin',(108.,-72.2499998569488,30.0000000737607));
#10254=CARTESIAN_POINT('',(108.,-72.2499998301268,33.0000000737607));
#10255=CARTESIAN_POINT('',(111.,-72.2499998569488,30.0000000737607));
#10256=CARTESIAN_POINT('Origin',(84.,-79.9999998569489,30.0000001430511));
#10257=CARTESIAN_POINT('',(84.,-79.9999998301268,33.0000001430511));
#10258=CARTESIAN_POINT('',(84.,-82.9999998569488,30.0000001698732));
#10259=CARTESIAN_POINT('Origin',(78.,-50.75,13.9999998815358));
#10260=CARTESIAN_POINT('',(78.,-50.7500000268221,10.9999998815358));
#10261=CARTESIAN_POINT('Origin',(75.,-83.0000000268221,11.0000001698732));
#10262=CARTESIAN_POINT('Origin',(93.,-61.5000000268221,10.9999999776483));
#10263=CARTESIAN_POINT('Origin',(111.,-83.0000000268221,11.0000001698732));
#10264=CARTESIAN_POINT('Origin',(111.,-40.0000000268221,10.9999997854233));
#10265=CARTESIAN_POINT('Origin',(93.,-61.4999998301268,32.9999999776483));
#10266=CARTESIAN_POINT('Origin',(46.9843111459651,-88.3077808279464,15.));
#10267=CARTESIAN_POINT('',(46.9843111459651,-105.307780827946,15.));
#10268=CARTESIAN_POINT('',(46.9843111459651,-88.3077808279464,15.));
#10269=CARTESIAN_POINT('',(46.9843111459651,-105.307780827946,15.));
#10270=CARTESIAN_POINT('',(46.9843111459651,-105.307780827946,18.));
#10271=CARTESIAN_POINT('',(46.9843111459651,-105.307780827946,15.));
#10272=CARTESIAN_POINT('',(46.9843111459651,-88.3077808279464,18.));
#10273=CARTESIAN_POINT('',(46.9843111459651,-105.307780827946,18.));
#10274=CARTESIAN_POINT('',(46.9843111459651,-88.3077808279464,15.));
#10275=CARTESIAN_POINT('Origin',(60.9843111459651,-88.3077808279464,15.));
#10276=CARTESIAN_POINT('',(60.9843111459651,-88.3077808279464,15.));
#10277=CARTESIAN_POINT('',(46.9843111459651,-88.3077808279464,15.));
#10278=CARTESIAN_POINT('',(60.9843111459651,-88.3077808279464,18.));
#10279=CARTESIAN_POINT('',(46.9843111459651,-88.3077808279464,18.));
#10280=CARTESIAN_POINT('',(60.9843111459651,-88.3077808279464,15.));
#10281=CARTESIAN_POINT('Origin',(60.9843111459651,-105.307780827946,15.));
#10282=CARTESIAN_POINT('',(60.9843111459651,-105.307780827946,15.));
#10283=CARTESIAN_POINT('',(60.9843111459651,-88.3077808279464,15.));
#10284=CARTESIAN_POINT('',(60.9843111459651,-105.307780827946,18.));
#10285=CARTESIAN_POINT('',(60.9843111459651,-88.3077808279464,18.));
#10286=CARTESIAN_POINT('',(60.9843111459651,-105.307780827946,15.));
#10287=CARTESIAN_POINT('Origin',(46.9843111459651,-105.307780827946,15.));
#10288=CARTESIAN_POINT('',(60.9843111459651,-105.307780827946,15.));
#10289=CARTESIAN_POINT('',(60.9843111459651,-105.307780827946,18.));
#10290=CARTESIAN_POINT('Origin',(53.9843111459651,-96.8077808279463,18.));
#10291=CARTESIAN_POINT('Origin',(53.9843111459651,-96.8077808279463,15.));
#10292=CARTESIAN_POINT('Origin',(58.1086469403898,-176.235294978764,11.));
#10293=CARTESIAN_POINT('',(58.1086469403898,-166.235294978764,16.));
#10294=CARTESIAN_POINT('',(58.1086469403898,-176.235294978764,16.));
#10295=CARTESIAN_POINT('',(58.1086469403898,-166.235294978764,16.));
#10296=CARTESIAN_POINT('',(58.1086469403898,-166.235294978764,21.));
#10297=CARTESIAN_POINT('',(58.1086469403898,-166.235294978764,11.));
#10298=CARTESIAN_POINT('',(58.1086469403898,-176.235294978764,21.));
#10299=CARTESIAN_POINT('',(58.1086469403898,-166.235294978764,21.));
#10300=CARTESIAN_POINT('',(58.1086469403898,-176.235294978764,11.));
#10301=CARTESIAN_POINT('Origin',(58.1086469403898,-166.235294978764,11.));
#10302=CARTESIAN_POINT('',(48.1086469403898,-166.235294978764,16.));
#10303=CARTESIAN_POINT('',(48.1086469403898,-166.235294978764,16.));
#10304=CARTESIAN_POINT('',(48.1086469403898,-166.235294978764,21.));
#10305=CARTESIAN_POINT('',(48.1086469403898,-166.235294978764,11.));
#10306=CARTESIAN_POINT('',(48.1086469403898,-166.235294978764,21.));
#10307=CARTESIAN_POINT('Origin',(48.1086469403898,-166.235294978764,11.));
#10308=CARTESIAN_POINT('',(48.1086469403898,-176.235294978764,16.));
#10309=CARTESIAN_POINT('',(48.1086469403898,-176.235294978764,16.));
#10310=CARTESIAN_POINT('',(48.1086469403898,-176.235294978764,21.));
#10311=CARTESIAN_POINT('',(48.1086469403898,-176.235294978764,11.));
#10312=CARTESIAN_POINT('',(48.1086469403898,-176.235294978764,21.));
#10313=CARTESIAN_POINT('Origin',(53.1086469403898,-171.235294978764,21.));
#10314=CARTESIAN_POINT('',(58.1086469403898,-176.235294978764,21.));
#10315=CARTESIAN_POINT('Origin',(60.1086469403898,-146.235294978764,11.));
#10316=CARTESIAN_POINT('',(60.1086469403898,-129.235294978764,16.));
#10317=CARTESIAN_POINT('',(60.1086469403898,-146.235294978764,16.));
#10318=CARTESIAN_POINT('',(60.1086469403898,-129.235294978764,16.));
#10319=CARTESIAN_POINT('',(60.1086469403898,-129.235294978764,21.));
#10320=CARTESIAN_POINT('',(60.1086469403898,-129.235294978764,11.));
#10321=CARTESIAN_POINT('',(60.1086469403898,-146.235294978764,21.));
#10322=CARTESIAN_POINT('',(60.1086469403898,-129.235294978764,21.));
#10323=CARTESIAN_POINT('',(60.1086469403898,-146.235294978764,11.));
#10324=CARTESIAN_POINT('Origin',(46.1086469403898,-146.235294978764,11.));
#10325=CARTESIAN_POINT('',(46.1086469403898,-146.235294978764,16.));
#10326=CARTESIAN_POINT('',(60.1086469403898,-146.235294978764,16.));
#10327=CARTESIAN_POINT('',(46.1086469403898,-146.235294978764,21.));
#10328=CARTESIAN_POINT('',(60.1086469403898,-146.235294978764,21.));
#10329=CARTESIAN_POINT('',(46.1086469403898,-146.235294978764,11.));
#10330=CARTESIAN_POINT('Origin',(46.1086469403898,-129.235294978764,11.));
#10331=CARTESIAN_POINT('',(46.1086469403898,-129.235294978764,16.));
#10332=CARTESIAN_POINT('',(46.1086469403898,-146.235294978764,16.));
#10333=CARTESIAN_POINT('',(46.1086469403898,-129.235294978764,21.));
#10334=CARTESIAN_POINT('',(46.1086469403898,-146.235294978764,21.));
#10335=CARTESIAN_POINT('',(46.1086469403898,-129.235294978764,11.));
#10336=CARTESIAN_POINT('Origin',(53.1086469403898,-137.735294978764,21.));
#10337=CARTESIAN_POINT('',(46.1086469403898,-129.235294978764,21.));
#10338=CARTESIAN_POINT('Origin',(38.1086469403898,-129.235294978764,11.));
#10339=CARTESIAN_POINT('',(38.1086469403898,-176.235294978764,11.));
#10340=CARTESIAN_POINT('',(38.1086469403898,-129.235294978764,11.));
#10341=CARTESIAN_POINT('',(38.1086469403898,-176.235294978764,11.));
#10342=CARTESIAN_POINT('',(38.1086469403898,-176.235294978764,16.));
#10343=CARTESIAN_POINT('',(38.1086469403898,-176.235294978764,11.));
#10344=CARTESIAN_POINT('',(38.1086469403898,-129.235294978764,16.));
#10345=CARTESIAN_POINT('',(38.1086469403898,-176.235294978764,16.));
#10346=CARTESIAN_POINT('',(38.1086469403898,-129.235294978764,11.));
#10347=CARTESIAN_POINT('Origin',(68.1086469403898,-129.235294978764,11.));
#10348=CARTESIAN_POINT('',(68.1086469403898,-129.235294978764,11.));
#10349=CARTESIAN_POINT('',(38.1086469403898,-129.235294978764,11.));
#10350=CARTESIAN_POINT('',(38.1086469403898,-129.235294978764,16.));
#10351=CARTESIAN_POINT('',(68.1086469403898,-129.235294978764,16.));
#10352=CARTESIAN_POINT('',(38.1086469403898,-129.235294978764,16.));
#10353=CARTESIAN_POINT('',(68.1086469403898,-129.235294978764,11.));
#10354=CARTESIAN_POINT('Origin',(68.1086469403898,-176.235294978764,11.));
#10355=CARTESIAN_POINT('',(68.1086469403898,-176.235294978764,11.));
#10356=CARTESIAN_POINT('',(68.1086469403898,-129.235294978764,11.));
#10357=CARTESIAN_POINT('',(68.1086469403898,-176.235294978764,16.));
#10358=CARTESIAN_POINT('',(68.1086469403898,-129.235294978764,16.));
#10359=CARTESIAN_POINT('',(68.1086469403898,-176.235294978764,11.));
#10360=CARTESIAN_POINT('Origin',(58.1086469403898,-176.235294978764,11.));
#10361=CARTESIAN_POINT('',(68.1086469403898,-176.235294978764,11.));
#10362=CARTESIAN_POINT('',(68.1086469403898,-176.235294978764,16.));
#10363=CARTESIAN_POINT('',(68.1086469403898,-176.235294978764,16.));
#10364=CARTESIAN_POINT('Origin',(53.1086469403898,-152.735294978764,16.));
#10365=CARTESIAN_POINT('Origin',(53.1086469403898,-152.735294978764,11.));
#10366=CARTESIAN_POINT('Origin',(-100.000001117587,30.,2.));
#10367=CARTESIAN_POINT('',(-101.749997731298,29.7499999701977,2.));
#10368=CARTESIAN_POINT('',(-103.249997675419,29.7499999701977,2.));
#10369=CARTESIAN_POINT('',(-101.250001322478,29.7499999701977,2.));
#10370=CARTESIAN_POINT('',(-101.749997731298,25.2499999701977,2.));
#10371=CARTESIAN_POINT('',(-101.749997731298,27.4999999850988,2.));
#10372=CARTESIAN_POINT('',(-103.249997675419,25.2499999701977,2.));
#10373=CARTESIAN_POINT('',(-101.250001322478,25.2499999701977,2.));
#10374=CARTESIAN_POINT('',(-103.249997675419,27.4999999850988,2.));
#10375=CARTESIAN_POINT('Origin',(-101.749997731298,27.4999999850988,2.25));
#10376=CARTESIAN_POINT('',(-101.499997731298,25.2499999701977,2.25));
#10377=CARTESIAN_POINT('Origin',(-101.749997731298,25.2499999701977,2.25));
#10378=CARTESIAN_POINT('',(-101.499997731298,29.7499999701977,2.25));
#10379=CARTESIAN_POINT('Origin',(-101.749997731298,29.7499999701977,2.25));
#10380=CARTESIAN_POINT('',(-101.499997731298,27.4999999850988,2.25));
#10381=CARTESIAN_POINT('Origin',(-101.250001322478,25.2499999701977,2.25));
#10382=CARTESIAN_POINT('',(-103.249997675419,24.9999999701977,2.25));
#10383=CARTESIAN_POINT('Origin',(-103.249997675419,25.2499999701977,2.25));
#10384=CARTESIAN_POINT('',(-101.749997731298,24.9999999701977,2.25));
#10385=CARTESIAN_POINT('Origin',(-101.749997731298,25.2499999701977,2.25));
#10386=CARTESIAN_POINT('',(-101.250001322478,24.9999999701977,2.25));
#10387=CARTESIAN_POINT('Origin',(-103.249997675419,27.4999999850988,2.25));
#10388=CARTESIAN_POINT('',(-103.499997675419,29.7499999701977,2.25));
#10389=CARTESIAN_POINT('Origin',(-103.249997675419,29.7499999701977,2.25));
#10390=CARTESIAN_POINT('',(-103.499997675419,25.2499999701977,2.25));
#10391=CARTESIAN_POINT('Origin',(-103.249997675419,25.2499999701977,2.25));
#10392=CARTESIAN_POINT('',(-103.499997675419,27.4999999850988,2.25));
#10393=CARTESIAN_POINT('Origin',(-103.249997675419,25.2499999701977,2.25));
#10394=CARTESIAN_POINT('Origin',(-103.249997675419,25.2499999701977,2.25));
#10395=CARTESIAN_POINT('Origin',(-101.250001322478,29.7499999701977,2.25));
#10396=CARTESIAN_POINT('',(-101.749997731298,29.9999999701977,2.25));
#10397=CARTESIAN_POINT('Origin',(-101.749997731298,29.7499999701977,2.25));
#10398=CARTESIAN_POINT('',(-103.249997675419,29.9999999701977,2.25));
#10399=CARTESIAN_POINT('Origin',(-103.249997675419,29.7499999701977,2.25));
#10400=CARTESIAN_POINT('',(-101.250001322478,29.9999999701977,2.25));
#10401=CARTESIAN_POINT('Origin',(-103.249997675419,29.7499999701977,2.25));
#10402=CARTESIAN_POINT('Origin',(-103.249997675419,29.7499999701977,2.25));
#10403=CARTESIAN_POINT('Origin',(-101.749997731298,25.2499999701977,2.25));
#10404=CARTESIAN_POINT('Origin',(-101.749997731298,25.2499999701977,2.25));
#10405=CARTESIAN_POINT('Origin',(-101.749997731298,29.7499999701977,2.25));
#10406=CARTESIAN_POINT('Origin',(-101.749997731298,29.7499999701977,2.25));
#10407=CARTESIAN_POINT('Origin',(-101.749997731298,25.2499999701977,3.0000000372529));
#10408=CARTESIAN_POINT('',(-101.499997731298,25.2499999701977,7.24999979883432));
#10409=CARTESIAN_POINT('',(-101.499997731298,25.2499999701977,3.0000000372529));
#10410=CARTESIAN_POINT('',(-101.749997731298,24.9999999701977,7.24999979883432));
#10411=CARTESIAN_POINT('Origin',(-101.749997731298,25.2499999701977,7.24999979883432));
#10412=CARTESIAN_POINT('',(-101.749997731298,24.9999999701977,3.0000000372529));
#10413=CARTESIAN_POINT('Origin',(-101.499997731298,24.9999999701977,0.499999999999999));
#10414=CARTESIAN_POINT('',(-101.499997731298,29.7499999701977,7.24999979883432));
#10415=CARTESIAN_POINT('',(-101.499997731298,29.7499999701977,4.5000000372529));
#10416=CARTESIAN_POINT('',(-101.499997731298,24.9999999701977,7.24999979883432));
#10417=CARTESIAN_POINT('Origin',(-101.749997731298,29.7499999701977,3.0000000372529));
#10418=CARTESIAN_POINT('',(-101.749997731298,29.9999999701977,7.24999979883432));
#10419=CARTESIAN_POINT('',(-101.749997731298,29.9999999701977,3.0000000372529));
#10420=CARTESIAN_POINT('Origin',(-101.749997731298,29.7499999701977,7.24999979883432));
#10421=CARTESIAN_POINT('Origin',(-102.500001527369,29.9999999701977,5.50000007450581));
#10422=CARTESIAN_POINT('',(-103.249997675419,29.9999999701977,7.24999979883432));
#10423=CARTESIAN_POINT('',(-103.249997675419,29.9999999701977,7.99999993667006));
#10424=CARTESIAN_POINT('',(-103.683010377311,29.9999999701977,7.49999979883432));
#10425=CARTESIAN_POINT('Ctrl Pts',(-103.683010377311,29.9999999701977,7.49999979883432));
#10426=CARTESIAN_POINT('Ctrl Pts',(-103.619291021842,29.9999999701977,7.49999979883432));
#10427=CARTESIAN_POINT('Ctrl Pts',(-103.546180293707,29.9999999701977,7.47760679885988));
#10428=CARTESIAN_POINT('Ctrl Pts',(-103.40380349347,29.9999999701977,7.40097797788151));
#10429=CARTESIAN_POINT('Ctrl Pts',(-103.319272230939,29.9999999701977,7.31927435435456));
#10430=CARTESIAN_POINT('Ctrl Pts',(-103.249997675419,29.9999999701977,7.24999979883432));
#10431=CARTESIAN_POINT('',(-103.816984973527,29.9999999701977,7.49999979883432));
#10432=CARTESIAN_POINT('',(-103.249999601394,29.9999999701977,7.49999979883432));
#10433=CARTESIAN_POINT('',(-104.249997675419,29.9999999701977,7.24999979883432));
#10434=CARTESIAN_POINT('Ctrl Pts',(-104.249997675419,29.9999999701977,7.24999979883432));
#10435=CARTESIAN_POINT('Ctrl Pts',(-104.180723119899,29.9999999701977,7.31927435435456));
#10436=CARTESIAN_POINT('Ctrl Pts',(-104.096191857368,29.9999999701977,7.40097797788151));
#10437=CARTESIAN_POINT('Ctrl Pts',(-103.953815057131,29.9999999701977,7.47760679885988));
#10438=CARTESIAN_POINT('Ctrl Pts',(-103.880704328996,29.9999999701977,7.49999979883432));
#10439=CARTESIAN_POINT('Ctrl Pts',(-103.816984973527,29.9999999701977,7.49999979883432));
#10440=CARTESIAN_POINT('',(-104.249997675419,29.9999999701977,1.24999997764826));
#10441=CARTESIAN_POINT('',(-104.249997675419,29.9999999701977,3.0000000372529));
#10442=CARTESIAN_POINT('',(-105.999997630715,29.9999999701977,1.24999997764826));
#10443=CARTESIAN_POINT('',(-103.249999601394,29.9999999701977,1.24999997764826));
#10444=CARTESIAN_POINT('',(-105.999997630715,29.9999999701977,1.99999995529652));
#10445=CARTESIAN_POINT('',(-105.999997630715,29.9999999701977,1.99999995529652));
#10446=CARTESIAN_POINT('',(-105.,30.,2.));
#10447=CARTESIAN_POINT('',(-104.499997664243,29.9999999701977,1.99999995529652));
#10448=CARTESIAN_POINT('',(-105.,30.,11.5));
#10449=CARTESIAN_POINT('',(-105.,30.,11.5));
#10450=CARTESIAN_POINT('',(-110.,30.,6.5));
#10451=CARTESIAN_POINT('Origin',(-105.,30.,6.5));
#10452=CARTESIAN_POINT('',(-113.500001691282,29.9999999701977,6.5));
#10453=CARTESIAN_POINT('',(-102.500001527369,29.9999999701977,6.5));
#10454=CARTESIAN_POINT('',(-113.500001691282,29.9999999701977,13.0000001862645));
#10455=CARTESIAN_POINT('',(-113.500001691282,29.9999999701977,1.75000001862645));
#10456=CARTESIAN_POINT('',(-91.5000013634562,29.9999999701977,13.0000001862645));
#10457=CARTESIAN_POINT('',(-108.000001609325,29.9999999701977,13.0000001862645));
#10458=CARTESIAN_POINT('',(-91.5000013634562,29.9999999701977,6.5));
#10459=CARTESIAN_POINT('',(-91.5000013634562,29.9999999701977,9.25000013038516));
#10460=CARTESIAN_POINT('',(-95.0000011175871,30.,6.5));
#10461=CARTESIAN_POINT('',(-102.500001527369,29.9999999701977,6.5));
#10462=CARTESIAN_POINT('',(-100.000001117587,30.,11.5));
#10463=CARTESIAN_POINT('Origin',(-100.000001117587,30.,6.5));
#10464=CARTESIAN_POINT('',(-100.000001117587,30.,2.));
#10465=CARTESIAN_POINT('',(-100.000001117587,30.,11.5));
#10466=CARTESIAN_POINT('',(-98.9999977871776,29.9999999701977,2.));
#10467=CARTESIAN_POINT('',(-100.49999775365,29.9999999701977,2.));
#10468=CARTESIAN_POINT('',(-98.9999977871776,29.9999999701977,1.24999997764826));
#10469=CARTESIAN_POINT('',(-98.9999977871776,29.9999999701977,2.));
#10470=CARTESIAN_POINT('',(-100.749997742474,29.9999999701977,1.24999997764826));
#10471=CARTESIAN_POINT('',(-100.749999657273,29.9999999701977,1.24999997764826));
#10472=CARTESIAN_POINT('',(-100.749997742474,29.9999999701977,7.24999979883432));
#10473=CARTESIAN_POINT('',(-100.749997742474,29.9999999701977,7.99999993667006));
#10474=CARTESIAN_POINT('',(-101.183010444366,29.9999999701977,7.49999979883432));
#10475=CARTESIAN_POINT('Ctrl Pts',(-101.183010444366,29.9999999701977,7.49999979883432));
#10476=CARTESIAN_POINT('Ctrl Pts',(-101.119291088897,29.9999999701977,7.49999979883432));
#10477=CARTESIAN_POINT('Ctrl Pts',(-101.046180360762,29.9999999701977,7.47760679885988));
#10478=CARTESIAN_POINT('Ctrl Pts',(-100.903803560525,29.9999999701977,7.40097797788151));
#10479=CARTESIAN_POINT('Ctrl Pts',(-100.819272297994,29.9999999701977,7.31927435435456));
#10480=CARTESIAN_POINT('Ctrl Pts',(-100.749997742474,29.9999999701977,7.24999979883432));
#10481=CARTESIAN_POINT('',(-101.316985029406,29.9999999701977,7.49999979883432));
#10482=CARTESIAN_POINT('',(-101.999999629334,29.9999999701977,7.49999979883432));
#10483=CARTESIAN_POINT('Ctrl Pts',(-101.749997731298,29.9999999701977,7.24999979883432));
#10484=CARTESIAN_POINT('Ctrl Pts',(-101.680723175778,29.9999999701977,7.31927435435456));
#10485=CARTESIAN_POINT('Ctrl Pts',(-101.596191913247,29.9999999701977,7.40097797788151));
#10486=CARTESIAN_POINT('Ctrl Pts',(-101.453815113011,29.9999999701977,7.47760679885988));
#10487=CARTESIAN_POINT('Ctrl Pts',(-101.380704384875,29.9999999701977,7.49999979883432));
#10488=CARTESIAN_POINT('Ctrl Pts',(-101.316985029406,29.9999999701977,7.49999979883432));
#10489=CARTESIAN_POINT('Origin',(-100.999997742474,24.9999999701977,2.));
#10490=CARTESIAN_POINT('',(-100.000001117587,25.,2.));
#10491=CARTESIAN_POINT('',(-100.000001117587,30.,2.));
#10492=CARTESIAN_POINT('',(-98.9999977871776,24.9999999701977,2.));
#10493=CARTESIAN_POINT('',(-100.49999775365,24.9999999701977,2.));
#10494=CARTESIAN_POINT('',(-98.9999977871776,24.9999999701977,2.));
#10495=CARTESIAN_POINT('Origin',(-98.9999977871776,24.9999999701977,0.999999977648258));
#10496=CARTESIAN_POINT('',(-100.749997742474,25.2499999701977,0.999999977648258));
#10497=CARTESIAN_POINT('',(-99.2499977871775,25.2499999701977,0.999999977648258));
#10498=CARTESIAN_POINT('',(-100.749999657273,25.2499999701977,0.999999977648258));
#10499=CARTESIAN_POINT('',(-100.749997742474,29.7499999701977,0.999999977648258));
#10500=CARTESIAN_POINT('',(-100.749997742474,24.9999999701977,0.999999977648258));
#10501=CARTESIAN_POINT('',(-99.2499977871775,29.7499999701977,0.999999977648258));
#10502=CARTESIAN_POINT('',(-100.749999657273,29.7499999701977,0.999999977648258));
#10503=CARTESIAN_POINT('',(-99.2499977871775,24.9999999701977,0.999999977648258));
#10504=CARTESIAN_POINT('Origin',(-98.9999977871776,24.9999999701977,2.));
#10505=CARTESIAN_POINT('',(-98.9999977871776,24.9999999701977,1.24999997764826));
#10506=CARTESIAN_POINT('',(-98.9999977871776,24.9999999701977,1.24999997764826));
#10507=CARTESIAN_POINT('',(-98.9999977871776,24.9999999701977,2.));
#10508=CARTESIAN_POINT('Origin',(-99.2499977871775,24.9999999701977,1.24999997764826));
#10509=CARTESIAN_POINT('Origin',(-99.2499977871775,25.2499999701977,1.24999997764826));
#10510=CARTESIAN_POINT('Origin',(-99.2499977871775,29.7499999701977,1.24999997764826));
#10511=CARTESIAN_POINT('Origin',(-100.749999657273,29.7499999701977,1.24999997764826));
#10512=CARTESIAN_POINT('Origin',(-100.749997742474,29.7499999701977,1.24999997764826));
#10513=CARTESIAN_POINT('Origin',(-100.749997742474,24.9999999701977,1.24999997764826));
#10514=CARTESIAN_POINT('',(-100.999997742474,29.7499999701977,1.24999997764826));
#10515=CARTESIAN_POINT('Origin',(-100.749997742474,29.7499999701977,1.24999997764826));
#10516=CARTESIAN_POINT('',(-100.999997742474,25.2499999701977,1.24999997764826));
#10517=CARTESIAN_POINT('Origin',(-100.749997742474,25.2499999701977,1.24999997764826));
#10518=CARTESIAN_POINT('',(-100.999997742474,24.9999999701977,1.24999997764826));
#10519=CARTESIAN_POINT('Origin',(-100.749999657273,25.2499999701977,1.24999997764826));
#10520=CARTESIAN_POINT('',(-100.749997742474,24.9999999701977,1.24999997764826));
#10521=CARTESIAN_POINT('',(-100.749999657273,24.9999999701977,1.24999997764826));
#10522=CARTESIAN_POINT('Origin',(-100.749997742474,25.2499999701977,1.24999997764826));
#10523=CARTESIAN_POINT('Origin',(-100.749997742474,25.2499999701977,1.24999997764826));
#10524=CARTESIAN_POINT('Origin',(-100.749997742474,25.2499999701977,1.24999997764826));
#10525=CARTESIAN_POINT('Origin',(-100.749997742474,29.7499999701977,1.24999997764826));
#10526=CARTESIAN_POINT('Origin',(-100.749997742474,29.7499999701977,1.24999997764826));
#10527=CARTESIAN_POINT('Origin',(-100.749997742474,25.2499999701977,6.49999993667006));
#10528=CARTESIAN_POINT('',(-100.749997742474,24.9999999701977,7.24999979883432));
#10529=CARTESIAN_POINT('',(-100.749997742474,24.9999999701977,7.99999993667006));
#10530=CARTESIAN_POINT('',(-100.999997742474,25.2499999701977,7.24999979883432));
#10531=CARTESIAN_POINT('Origin',(-100.749997742474,25.2499999701977,7.24999979883432));
#10532=CARTESIAN_POINT('',(-100.999997742474,25.2499999701977,7.99999993667006));
#10533=CARTESIAN_POINT('Origin',(-102.500001527369,24.9999999701977,5.50000007450581));
#10534=CARTESIAN_POINT('',(-101.316985029406,24.9999999701977,7.49999979883432));
#10535=CARTESIAN_POINT('Ctrl Pts',(-101.316985029406,24.9999999701977,7.49999979883432));
#10536=CARTESIAN_POINT('Ctrl Pts',(-101.380704384875,24.9999999701977,7.49999979883432));
#10537=CARTESIAN_POINT('Ctrl Pts',(-101.453815113011,24.9999999701977,7.47760679885988));
#10538=CARTESIAN_POINT('Ctrl Pts',(-101.596191913247,24.9999999701977,7.40097797788151));
#10539=CARTESIAN_POINT('Ctrl Pts',(-101.680723175778,24.9999999701977,7.31927435435456));
#10540=CARTESIAN_POINT('Ctrl Pts',(-101.749997731298,24.9999999701977,7.24999979883432));
#10541=CARTESIAN_POINT('',(-101.183010444366,24.9999999701977,7.49999979883432));
#10542=CARTESIAN_POINT('',(-101.999999629334,24.9999999701977,7.49999979883432));
#10543=CARTESIAN_POINT('Ctrl Pts',(-100.749997742474,24.9999999701977,7.24999979883432));
#10544=CARTESIAN_POINT('Ctrl Pts',(-100.819272297994,24.9999999701977,7.31927435435456));
#10545=CARTESIAN_POINT('Ctrl Pts',(-100.903803560525,24.9999999701977,7.40097797788151));
#10546=CARTESIAN_POINT('Ctrl Pts',(-101.046180360762,24.9999999701977,7.47760679885988));
#10547=CARTESIAN_POINT('Ctrl Pts',(-101.119291088897,24.9999999701977,7.49999979883432));
#10548=CARTESIAN_POINT('Ctrl Pts',(-101.183010444366,24.9999999701977,7.49999979883432));
#10549=CARTESIAN_POINT('',(-100.000001117587,25.,11.5));
#10550=CARTESIAN_POINT('',(-100.000001117587,25.,13.));
#10551=CARTESIAN_POINT('',(-95.0000011175871,25.,6.5));
#10552=CARTESIAN_POINT('Origin',(-100.000001117587,25.,6.5));
#10553=CARTESIAN_POINT('',(-91.5000013634562,24.9999999701977,6.5));
#10554=CARTESIAN_POINT('',(-102.500001527369,24.9999999701977,6.5));
#10555=CARTESIAN_POINT('',(-91.5000013634562,24.9999999701977,13.0000001862645));
#10556=CARTESIAN_POINT('',(-91.5000013634562,24.9999999701977,9.25000013038516));
#10557=CARTESIAN_POINT('',(-113.500001691282,24.9999999701977,13.0000001862645));
#10558=CARTESIAN_POINT('',(-108.000001609325,24.9999999701977,13.0000001862645));
#10559=CARTESIAN_POINT('',(-113.500001691282,24.9999999701977,6.5));
#10560=CARTESIAN_POINT('',(-113.500001691282,24.9999999701977,1.75000001862645));
#10561=CARTESIAN_POINT('',(-110.,25.,6.5));
#10562=CARTESIAN_POINT('',(-102.500001527369,24.9999999701977,6.5));
#10563=CARTESIAN_POINT('',(-105.,25.,11.5));
#10564=CARTESIAN_POINT('Origin',(-105.,25.,6.5));
#10565=CARTESIAN_POINT('',(-105.,25.,2.));
#10566=CARTESIAN_POINT('',(-105.,25.,13.));
#10567=CARTESIAN_POINT('',(-105.999997630715,24.9999999701977,1.99999995529652));
#10568=CARTESIAN_POINT('',(-104.499997664243,24.9999999701977,1.99999995529652));
#10569=CARTESIAN_POINT('',(-105.999997630715,24.9999999701977,1.24999997764826));
#10570=CARTESIAN_POINT('',(-105.999997630715,24.9999999701977,1.99999995529652));
#10571=CARTESIAN_POINT('',(-104.249997675419,24.9999999701977,1.24999997764826));
#10572=CARTESIAN_POINT('',(-103.249999601394,24.9999999701977,1.24999997764826));
#10573=CARTESIAN_POINT('',(-104.249997675419,24.9999999701977,7.24999979883432));
#10574=CARTESIAN_POINT('',(-104.249997675419,24.9999999701977,4.5000000372529));
#10575=CARTESIAN_POINT('',(-103.816984973527,24.9999999701977,7.49999979883432));
#10576=CARTESIAN_POINT('Ctrl Pts',(-103.816984973527,24.9999999701977,7.49999979883432));
#10577=CARTESIAN_POINT('Ctrl Pts',(-103.880704328996,24.9999999701977,7.49999979883432));
#10578=CARTESIAN_POINT('Ctrl Pts',(-103.953815057131,24.9999999701977,7.47760679885988));
#10579=CARTESIAN_POINT('Ctrl Pts',(-104.096191857368,24.9999999701977,7.40097797788151));
#10580=CARTESIAN_POINT('Ctrl Pts',(-104.180723119899,24.9999999701977,7.31927435435456));
#10581=CARTESIAN_POINT('Ctrl Pts',(-104.249997675419,24.9999999701977,7.24999979883432));
#10582=CARTESIAN_POINT('',(-103.683010377311,24.9999999701977,7.49999979883432));
#10583=CARTESIAN_POINT('',(-103.249999601394,24.9999999701977,7.49999979883432));
#10584=CARTESIAN_POINT('',(-103.249997675419,24.9999999701977,7.24999979883432));
#10585=CARTESIAN_POINT('Ctrl Pts',(-103.249997675419,24.9999999701977,7.24999979883432));
#10586=CARTESIAN_POINT('Ctrl Pts',(-103.319272230939,24.9999999701977,7.31927435435456));
#10587=CARTESIAN_POINT('Ctrl Pts',(-103.40380349347,24.9999999701977,7.40097797788151));
#10588=CARTESIAN_POINT('Ctrl Pts',(-103.546180293707,24.9999999701977,7.47760679885988));
#10589=CARTESIAN_POINT('Ctrl Pts',(-103.619291021842,24.9999999701977,7.49999979883432));
#10590=CARTESIAN_POINT('Ctrl Pts',(-103.683010377311,24.9999999701977,7.49999979883432));
#10591=CARTESIAN_POINT('',(-103.249997675419,24.9999999701977,6.49999993667006));
#10592=CARTESIAN_POINT('Origin',(-100.000001117587,30.,11.5));
#10593=CARTESIAN_POINT('',(-100.000001117587,30.,11.5));
#10594=CARTESIAN_POINT('Origin',(-105.749997630715,24.9999999701977,1.24999997764826));
#10595=CARTESIAN_POINT('',(-105.749997630715,29.7499999701977,0.999999977648258));
#10596=CARTESIAN_POINT('',(-105.749997630715,25.2499999701977,0.999999977648258));
#10597=CARTESIAN_POINT('',(-105.749997630715,24.9999999701977,0.999999977648258));
#10598=CARTESIAN_POINT('Origin',(-105.749997630715,25.2499999701977,1.24999997764826));
#10599=CARTESIAN_POINT('',(-105.999997630715,24.9999999701977,1.24999997764826));
#10600=CARTESIAN_POINT('Origin',(-105.749997630715,29.7499999701977,1.24999997764826));
#10601=CARTESIAN_POINT('Origin',(-104.249997675419,29.7499999701977,1.24999997764826));
#10602=CARTESIAN_POINT('',(-103.999997675419,29.7499999701977,1.24999997764826));
#10603=CARTESIAN_POINT('Origin',(-104.249997675419,29.7499999701977,1.24999997764826));
#10604=CARTESIAN_POINT('',(-104.249997675419,29.7499999701977,0.999999977648258));
#10605=CARTESIAN_POINT('Origin',(-104.249997675419,29.7499999701977,1.24999997764826));
#10606=CARTESIAN_POINT('Origin',(-104.249997675419,29.7499999701977,1.24999997764826));
#10607=CARTESIAN_POINT('Origin',(-104.249997675419,25.2499999701977,1.24999997764826));
#10608=CARTESIAN_POINT('',(-103.999997675419,25.2499999701977,1.24999997764826));
#10609=CARTESIAN_POINT('Origin',(-104.249997675419,25.2499999701977,1.24999997764826));
#10610=CARTESIAN_POINT('',(-104.249997675419,25.2499999701977,0.999999977648258));
#10611=CARTESIAN_POINT('Origin',(-104.249997675419,25.2499999701977,1.24999997764826));
#10612=CARTESIAN_POINT('Origin',(-104.249997675419,25.2499999701977,1.24999997764826));
#10613=CARTESIAN_POINT('Origin',(-103.249999601394,25.2499999701977,1.24999997764826));
#10614=CARTESIAN_POINT('',(-103.249999601394,25.2499999701977,0.999999977648258));
#10615=CARTESIAN_POINT('Origin',(-104.249997675419,24.9999999701977,1.24999997764826));
#10616=CARTESIAN_POINT('',(-103.999997675419,24.9999999701977,1.24999997764826));
#10617=CARTESIAN_POINT('',(-104.249997675419,24.9999999701977,0.999999977648258));
#10618=CARTESIAN_POINT('Origin',(-103.249999601394,29.7499999701977,1.24999997764826));
#10619=CARTESIAN_POINT('',(-103.249999601394,29.7499999701977,0.999999977648258));
#10620=CARTESIAN_POINT('Origin',(-103.999997675419,24.9999999701977,0.999999977648258));
#10621=CARTESIAN_POINT('Origin',(-105.999997630715,24.9999999701977,1.99999995529652));
#10622=CARTESIAN_POINT('',(-105.,30.,2.));
#10623=CARTESIAN_POINT('',(-105.999997630715,24.9999999701977,1.99999995529652));
#10624=CARTESIAN_POINT('Origin',(-105.999997630715,24.9999999701977,0.999999977648258));
#10625=CARTESIAN_POINT('Origin',(-104.249997675419,29.7499999701977,3.0000000372529));
#10626=CARTESIAN_POINT('',(-103.999997675419,29.7499999701977,7.24999979883432));
#10627=CARTESIAN_POINT('Origin',(-104.249997675419,29.7499999701977,7.24999979883432));
#10628=CARTESIAN_POINT('',(-103.999997675419,29.7499999701977,3.0000000372529));
#10629=CARTESIAN_POINT('Origin',(-105.,25.,11.5));
#10630=CARTESIAN_POINT('',(-105.,30.,11.5));
#10631=CARTESIAN_POINT('Origin',(-103.249997675419,29.7499999701977,6.49999993667006));
#10632=CARTESIAN_POINT('',(-103.499997675419,29.7499999701977,7.24999979883432));
#10633=CARTESIAN_POINT('',(-103.499997675419,29.7499999701977,6.49999993667006));
#10634=CARTESIAN_POINT('Origin',(-103.249997675419,29.7499999701977,7.24999979883432));
#10635=CARTESIAN_POINT('Origin',(-103.499997675419,24.9999999701977,7.49999979883432));
#10636=CARTESIAN_POINT('',(-103.499997675419,25.2499999701977,7.24999979883432));
#10637=CARTESIAN_POINT('',(-103.499997675419,25.2499999701977,6.49999993667006));
#10638=CARTESIAN_POINT('',(-103.499997675419,24.9999999701977,7.24999979883432));
#10639=CARTESIAN_POINT('Origin',(-103.249997675419,25.2499999701977,6.49999993667006));
#10640=CARTESIAN_POINT('Origin',(-103.249997675419,25.2499999701977,7.24999979883432));
#10641=CARTESIAN_POINT('Origin',(-104.249997675419,25.2499999701977,3.0000000372529));
#10642=CARTESIAN_POINT('',(-103.999997675419,25.2499999701977,7.24999979883432));
#10643=CARTESIAN_POINT('',(-103.999997675419,25.2499999701977,3.0000000372529));
#10644=CARTESIAN_POINT('Origin',(-104.249997675419,25.2499999701977,7.24999979883432));
#10645=CARTESIAN_POINT('Origin',(-103.999997675419,24.9999999701977,0.499999999999999));
#10646=CARTESIAN_POINT('',(-103.999997675419,24.9999999701977,7.24999979883432));
#10647=CARTESIAN_POINT('Origin',(-101.749997731298,29.7499999701977,7.24999979883432));
#10648=CARTESIAN_POINT('',(-101.249997742474,29.7499999701977,7.49999979883432));
#10649=CARTESIAN_POINT('Origin',(-101.249997731298,29.7499999701977,7.24999979883432));
#10650=CARTESIAN_POINT('Origin',(-101.749997731298,29.7499999701977,7.49999979883432));
#10651=CARTESIAN_POINT('Origin',(-101.249997731298,24.9999999701977,7.24999979883432));
#10652=CARTESIAN_POINT('',(-101.249997742474,25.2499999701977,7.49999979883432));
#10653=CARTESIAN_POINT('Origin',(-101.249997731298,25.2499999701977,7.24999979883432));
#10654=CARTESIAN_POINT('',(-101.249997742474,24.9999999701977,7.49999979883432));
#10655=CARTESIAN_POINT('Origin',(-101.749997731298,25.2499999701977,7.24999979883432));
#10656=CARTESIAN_POINT('Origin',(-101.749997731298,25.2499999701977,7.49999979883432));
#10657=CARTESIAN_POINT('Origin',(-101.499997731298,24.9999999701977,7.49999979883432));
#10658=CARTESIAN_POINT('Origin',(-100.749997742474,29.7499999701977,7.49999979883432));
#10659=CARTESIAN_POINT('Origin',(-101.499997731298,24.9999999701977,7.49999979883432));
#10660=CARTESIAN_POINT('Origin',(-100.749997742474,25.2499999701977,7.49999979883432));
#10661=CARTESIAN_POINT('Origin',(-103.249997675419,25.2499999701977,7.24999979883432));
#10662=CARTESIAN_POINT('',(-103.749997675419,25.2499999701977,7.49999979883432));
#10663=CARTESIAN_POINT('Origin',(-103.749997675419,25.2499999701977,7.24999979883432));
#10664=CARTESIAN_POINT('Origin',(-103.249997675419,25.2499999701977,7.49999979883432));
#10665=CARTESIAN_POINT('Origin',(-103.249997675419,29.7499999701977,7.24999979883432));
#10666=CARTESIAN_POINT('',(-103.749997675419,29.7499999701977,7.49999979883432));
#10667=CARTESIAN_POINT('Origin',(-103.749997675419,29.7499999701977,7.24999979883432));
#10668=CARTESIAN_POINT('Origin',(-103.249997675419,29.7499999701977,7.49999979883432));
#10669=CARTESIAN_POINT('Origin',(-103.999997675419,24.9999999701977,7.49999979883432));
#10670=CARTESIAN_POINT('Origin',(-104.249997675419,25.2499999701977,7.49999979883432));
#10671=CARTESIAN_POINT('Origin',(-103.999997675419,24.9999999701977,7.49999979883432));
#10672=CARTESIAN_POINT('Origin',(-104.249997675419,29.7499999701977,7.49999979883432));
#10673=CARTESIAN_POINT('Origin',(-100.749997742474,25.2499999701977,7.24999979883432));
#10674=CARTESIAN_POINT('Origin',(-101.249997742474,25.2499999701977,7.24999979883432));
#10675=CARTESIAN_POINT('Origin',(-101.249997742474,24.9999999701977,7.24999979883432));
#10676=CARTESIAN_POINT('',(-100.999997742474,29.7499999701977,7.24999979883432));
#10677=CARTESIAN_POINT('Origin',(-101.249997742474,29.7499999701977,7.24999979883432));
#10678=CARTESIAN_POINT('',(-100.999997742474,24.9999999701977,7.24999979883432));
#10679=CARTESIAN_POINT('Origin',(-100.749997742474,29.7499999701977,7.24999979883432));
#10680=CARTESIAN_POINT('Origin',(-100.749997742474,29.7499999701977,7.24999979883432));
#10681=CARTESIAN_POINT('Origin',(-104.249997675419,29.7499999701977,7.24999979883432));
#10682=CARTESIAN_POINT('Origin',(-103.749997675419,29.7499999701977,7.24999979883432));
#10683=CARTESIAN_POINT('Origin',(-103.749997675419,24.9999999701977,7.24999979883432));
#10684=CARTESIAN_POINT('Origin',(-103.749997675419,25.2499999701977,7.24999979883432));
#10685=CARTESIAN_POINT('Origin',(-104.249997675419,25.2499999701977,7.24999979883432));
#10686=CARTESIAN_POINT('Origin',(-100.749997742474,29.7499999701977,6.49999993667006));
#10687=CARTESIAN_POINT('',(-100.999997742474,29.7499999701977,6.49999993667006));
#10688=CARTESIAN_POINT('Origin',(-100.999997742474,24.9999999701977,7.49999979883432));
#10689=CARTESIAN_POINT('Origin',(-113.500001691282,24.9999999701977,13.0000001862645));
#10690=CARTESIAN_POINT('',(-91.5000013634562,24.9999999701977,13.0000001862645));
#10691=CARTESIAN_POINT('',(-113.500001691282,24.9999999701977,13.0000001862645));
#10692=CARTESIAN_POINT('Origin',(-105.,30.,6.5));
#10693=CARTESIAN_POINT('',(-110.,28.,6.5));
#10694=CARTESIAN_POINT('Origin',(-100.000001117587,30.,6.5));
#10695=CARTESIAN_POINT('',(-95.0000011175871,30.,6.5));
#10696=CARTESIAN_POINT('Origin',(-113.500001691282,24.9999999701977,-2.0000000372529));
#10697=CARTESIAN_POINT('',(-113.500001691282,26.9999999776483,6.5));
#10698=CARTESIAN_POINT('Origin',(-91.5000013634562,24.9999999701977,13.0000001862645));
#10699=CARTESIAN_POINT('',(-91.5000013634562,27.9999999701977,6.5));
#10700=CARTESIAN_POINT('Origin',(-102.500001527369,28.9999999850988,6.5));
#10701=CARTESIAN_POINT('Origin',(-102.500001527369,28.9999999850988,6.5));
#10702=CARTESIAN_POINT('Origin',(-85.0000012293458,22.9,9.));
#10703=CARTESIAN_POINT('',(-85.0000012293458,22.9,9.));
#10704=CARTESIAN_POINT('',(-85.0000012293458,27.9,9.));
#10705=CARTESIAN_POINT('',(-85.0000012293458,26.45,9.));
#10706=CARTESIAN_POINT('',(-85.0000012293458,22.9,2.));
#10707=CARTESIAN_POINT('',(-85.0000012293458,22.9,9.));
#10708=CARTESIAN_POINT('',(-85.0000012293458,27.9,2.));
#10709=CARTESIAN_POINT('',(-85.0000012293458,26.45,2.));
#10710=CARTESIAN_POINT('',(-85.0000012293458,27.9,9.));
#10711=CARTESIAN_POINT('Origin',(-80.0000012293458,22.9,9.));
#10712=CARTESIAN_POINT('',(-80.0000012293458,22.9,9.));
#10713=CARTESIAN_POINT('',(-79.5000011734664,22.9,9.));
#10714=CARTESIAN_POINT('',(-80.0000012293458,22.9,2.));
#10715=CARTESIAN_POINT('',(-80.0000012293458,22.9,9.));
#10716=CARTESIAN_POINT('',(-83.0000011734664,22.9,2.));
#10717=CARTESIAN_POINT('Origin',(-80.0000012293458,27.9,9.));
#10718=CARTESIAN_POINT('',(-80.0000012293458,27.9,9.));
#10719=CARTESIAN_POINT('',(-80.0000012293458,28.95,9.));
#10720=CARTESIAN_POINT('',(-80.0000012293458,27.9,2.));
#10721=CARTESIAN_POINT('',(-80.0000012293458,27.9,9.));
#10722=CARTESIAN_POINT('',(-80.0000012293458,28.95,2.));
#10723=CARTESIAN_POINT('Origin',(-85.0000012293458,27.9,9.));
#10724=CARTESIAN_POINT('',(-82.0000011734664,27.9,9.));
#10725=CARTESIAN_POINT('',(-85.5000011734664,27.9,2.));
#10726=CARTESIAN_POINT('Origin',(-86.0000011175871,30.,2.));
#10727=CARTESIAN_POINT('',(-79.0000011175871,30.,2.));
#10728=CARTESIAN_POINT('',(-86.0000011175871,30.,2.));
#10729=CARTESIAN_POINT('',(-34.2500005587935,30.,2.));
#10730=CARTESIAN_POINT('',(-79.0000011175871,20.,2.));
#10731=CARTESIAN_POINT('',(-79.0000011175871,30.,2.));
#10732=CARTESIAN_POINT('',(-86.0000011175871,20.,2.));
#10733=CARTESIAN_POINT('',(-86.0000011175871,20.,2.));
#10734=CARTESIAN_POINT('',(-86.0000011175871,30.,2.));
#10735=CARTESIAN_POINT('Origin',(-86.0000011175871,30.,9.));
#10736=CARTESIAN_POINT('',(-86.0000011175871,30.,9.));
#10737=CARTESIAN_POINT('',(-86.0000011175871,30.,7.25));
#10738=CARTESIAN_POINT('',(-86.0000011175871,20.,9.));
#10739=CARTESIAN_POINT('',(-86.0000011175871,20.,9.));
#10740=CARTESIAN_POINT('',(-86.0000011175871,30.,9.));
#10741=CARTESIAN_POINT('Origin',(-79.0000011175871,30.,9.));
#10742=CARTESIAN_POINT('',(-79.0000011175871,30.,9.));
#10743=CARTESIAN_POINT('',(-30.7500005587935,30.,9.00000000000001));
#10744=CARTESIAN_POINT('',(-79.0000011175871,20.,9.));
#10745=CARTESIAN_POINT('',(-79.0000011175871,20.,9.));
#10746=CARTESIAN_POINT('',(-79.0000011175871,30.,9.));
#10747=CARTESIAN_POINT('Origin',(-79.0000011175871,30.,2.));
#10748=CARTESIAN_POINT('',(-79.0000011175871,30.,3.75));
#10749=CARTESIAN_POINT('',(-79.0000011175871,20.,2.));
#10750=CARTESIAN_POINT('Origin',(-82.5000011175871,20.,5.5));
#10751=CARTESIAN_POINT('Origin',(7.0999988824129,149.999999888241,9.));
#10752=CARTESIAN_POINT('',(7.0999988824129,149.999999888241,9.));
#10753=CARTESIAN_POINT('',(2.0999988824129,149.999999888241,9.));
#10754=CARTESIAN_POINT('',(3.54999888241291,149.999999888241,9.));
#10755=CARTESIAN_POINT('',(7.0999988824129,149.999999888241,2.));
#10756=CARTESIAN_POINT('',(7.0999988824129,149.999999888241,9.));
#10757=CARTESIAN_POINT('',(2.0999988824129,149.999999888241,2.));
#10758=CARTESIAN_POINT('',(3.54999888241291,149.999999888241,2.));
#10759=CARTESIAN_POINT('',(2.0999988824129,149.999999888241,9.));
#10760=CARTESIAN_POINT('Origin',(7.0999988824129,154.999999888241,9.));
#10761=CARTESIAN_POINT('',(7.0999988824129,154.999999888241,9.));
#10762=CARTESIAN_POINT('',(7.0999988824129,155.499999944121,9.));
#10763=CARTESIAN_POINT('',(7.0999988824129,154.999999888241,2.));
#10764=CARTESIAN_POINT('',(7.0999988824129,154.999999888241,9.));
#10765=CARTESIAN_POINT('',(7.0999988824129,151.999999944121,2.));
#10766=CARTESIAN_POINT('Origin',(2.0999988824129,154.999999888241,9.));
#10767=CARTESIAN_POINT('',(2.0999988824129,154.999999888241,9.));
#10768=CARTESIAN_POINT('',(1.04999888241291,154.999999888241,9.));
#10769=CARTESIAN_POINT('',(2.0999988824129,154.999999888241,2.));
#10770=CARTESIAN_POINT('',(2.0999988824129,154.999999888241,9.));
#10771=CARTESIAN_POINT('',(1.04999888241291,154.999999888241,2.));
#10772=CARTESIAN_POINT('Origin',(2.0999988824129,149.999999888241,9.));
#10773=CARTESIAN_POINT('',(2.0999988824129,152.999999944121,9.));
#10774=CARTESIAN_POINT('',(2.0999988824129,149.499999944121,2.));
#10775=CARTESIAN_POINT('Origin',(-1.11758708953857E-6,149.,2.));
#10776=CARTESIAN_POINT('',(-1.11758708953857E-6,156.,2.));
#10777=CARTESIAN_POINT('',(-1.11758708953857E-6,149.,2.));
#10778=CARTESIAN_POINT('',(-1.11758708953857E-6,122.,2.));
#10779=CARTESIAN_POINT('',(9.99999888241291,156.,2.));
#10780=CARTESIAN_POINT('',(-1.11758708953857E-6,156.,2.));
#10781=CARTESIAN_POINT('',(9.99999888241291,149.,2.));
#10782=CARTESIAN_POINT('',(9.99999888241291,149.,2.));
#10783=CARTESIAN_POINT('',(-1.11758708953857E-6,149.,2.));
#10784=CARTESIAN_POINT('Origin',(-1.11758708953857E-6,149.,9.));
#10785=CARTESIAN_POINT('',(-1.11758708953857E-6,149.,9.));
#10786=CARTESIAN_POINT('',(-1.11758708953857E-6,149.,7.25));
#10787=CARTESIAN_POINT('',(9.99999888241291,149.,9.));
#10788=CARTESIAN_POINT('',(9.99999888241291,149.,9.));
#10789=CARTESIAN_POINT('',(-1.11758708953857E-6,149.,9.));
#10790=CARTESIAN_POINT('Origin',(-1.11758708953857E-6,156.,9.));
#10791=CARTESIAN_POINT('',(-1.11758708953857E-6,156.,9.));
#10792=CARTESIAN_POINT('',(-1.11758708953857E-6,125.5,9.));
#10793=CARTESIAN_POINT('',(9.99999888241291,156.,9.));
#10794=CARTESIAN_POINT('',(9.99999888241291,156.,9.));
#10795=CARTESIAN_POINT('',(-1.11758708953857E-6,156.,9.));
#10796=CARTESIAN_POINT('Origin',(-1.11758708953857E-6,156.,2.));
#10797=CARTESIAN_POINT('',(-1.11758708953857E-6,156.,3.75));
#10798=CARTESIAN_POINT('',(9.99999888241291,156.,2.));
#10799=CARTESIAN_POINT('Origin',(9.99999888241291,152.5,5.5));
#10800=CARTESIAN_POINT('Origin',(17.5,30.,5.5));
#10801=CARTESIAN_POINT('',(-80.0000011175871,30.,11.));
#10802=CARTESIAN_POINT('',(-75.0000011175871,30.,6.));
#10803=CARTESIAN_POINT('Origin',(-80.0000011175871,30.,6.));
#10804=CARTESIAN_POINT('',(-85.,30.,11.));
#10805=CARTESIAN_POINT('',(17.5,30.,11.));
#10806=CARTESIAN_POINT('',(-90.,30.,6.));
#10807=CARTESIAN_POINT('Origin',(-85.,30.,6.));
#10808=CARTESIAN_POINT('',(-90.,30.,5.));
#10809=CARTESIAN_POINT('',(-90.,30.,2.75));
#10810=CARTESIAN_POINT('',(-85.,30.,0.));
#10811=CARTESIAN_POINT('Origin',(-85.,30.,5.));
#10812=CARTESIAN_POINT('',(-80.0000011175871,30.,0.));
#10813=CARTESIAN_POINT('',(17.5,30.,0.));
#10814=CARTESIAN_POINT('',(-75.0000011175871,30.,5.));
#10815=CARTESIAN_POINT('Origin',(-80.0000011175871,30.,5.));
#10816=CARTESIAN_POINT('',(-75.0000011175871,30.,2.75));
#10817=CARTESIAN_POINT('Origin',(-85.,81.25,5.));
#10818=CARTESIAN_POINT('',(-90.,155.,5.));
#10819=CARTESIAN_POINT('',(-90.,81.25,5.));
#10820=CARTESIAN_POINT('',(-85.,155.,0.));
#10821=CARTESIAN_POINT('Origin',(-85.,155.,5.));
#10822=CARTESIAN_POINT('',(-85.,81.25,0.));
#10823=CARTESIAN_POINT('Origin',(-90.,160.,0.));
#10824=CARTESIAN_POINT('',(-90.,155.,6.));
#10825=CARTESIAN_POINT('',(-90.,81.25,6.));
#10826=CARTESIAN_POINT('',(-90.,155.,0.));
#10827=CARTESIAN_POINT('Origin',(-85.,81.25,6.));
#10828=CARTESIAN_POINT('',(-85.,155.,11.));
#10829=CARTESIAN_POINT('',(-85.,81.25,11.));
#10830=CARTESIAN_POINT('Origin',(-85.,155.,6.));
#10831=CARTESIAN_POINT('Origin',(17.5,2.5,0.));
#10832=CARTESIAN_POINT('',(-1.11758708953857E-6,150.,0.));
#10833=CARTESIAN_POINT('',(-1.11758708953857E-6,155.,0.));
#10834=CARTESIAN_POINT('',(-1.11758708953857E-6,48.75,0.));
#10835=CARTESIAN_POINT('',(-70.0000011175871,150.,0.));
#10836=CARTESIAN_POINT('',(-28.7500005587935,150.,0.));
#10837=CARTESIAN_POINT('',(-80.0000011175871,140.,0.));
#10838=CARTESIAN_POINT('Origin',(-70.0000011175871,140.,0.));
#10839=CARTESIAN_POINT('',(-80.0000011175871,-43.7500008940697,0.));
#10840=CARTESIAN_POINT('',(56.25,155.,0.));
#10841=CARTESIAN_POINT('Origin',(-85.,155.,5.));
#10842=CARTESIAN_POINT('',(-85.,160.,5.));
#10843=CARTESIAN_POINT('Origin',(-85.,155.,5.));
#10844=CARTESIAN_POINT('Origin',(-85.,155.,5.));
#10845=CARTESIAN_POINT('Origin',(56.25,155.,5.));
#10846=CARTESIAN_POINT('',(-1.11758708953857E-6,160.,5.));
#10847=CARTESIAN_POINT('Origin',(-1.11758708953857E-6,155.,5.));
#10848=CARTESIAN_POINT('',(56.25,160.,5.));
#10849=CARTESIAN_POINT('Origin',(-85.,155.,6.));
#10850=CARTESIAN_POINT('',(-85.,160.,6.));
#10851=CARTESIAN_POINT('Origin',(-85.,155.,6.));
#10852=CARTESIAN_POINT('Origin',(-85.,155.,6.));
#10853=CARTESIAN_POINT('Origin',(-85.,155.,0.));
#10854=CARTESIAN_POINT('',(-85.,160.,0.));
#10855=CARTESIAN_POINT('Origin',(-70.0000011175871,140.,5.));
#10856=CARTESIAN_POINT('',(-75.0000011175871,140.,5.));
#10857=CARTESIAN_POINT('',(-70.0000011175871,145.,5.));
#10858=CARTESIAN_POINT('Origin',(-70.0000011175871,140.,5.));
#10859=CARTESIAN_POINT('Origin',(-80.0000011175871,140.,5.));
#10860=CARTESIAN_POINT('Origin',(-70.0000011175871,150.,5.));
#10861=CARTESIAN_POINT('Origin',(-80.0000011175871,-43.7500008940697,5.));
#10862=CARTESIAN_POINT('',(-75.0000011175871,-43.7500008940697,5.));
#10863=CARTESIAN_POINT('Origin',(-70.0000011175871,140.,6.));
#10864=CARTESIAN_POINT('',(-75.0000011175871,140.,6.));
#10865=CARTESIAN_POINT('',(-80.0000011175871,140.,11.));
#10866=CARTESIAN_POINT('Origin',(-80.0000011175871,140.,6.));
#10867=CARTESIAN_POINT('',(-70.0000011175871,145.,6.));
#10868=CARTESIAN_POINT('Origin',(-70.0000011175871,140.,6.));
#10869=CARTESIAN_POINT('',(-70.0000011175871,150.,11.));
#10870=CARTESIAN_POINT('Origin',(-70.0000011175871,150.,6.));
#10871=CARTESIAN_POINT('Origin',(-70.0000011175871,140.,11.));
#10872=CARTESIAN_POINT('Origin',(-70.0000011175871,140.,0.));
#10873=CARTESIAN_POINT('',(-75.0000011175871,140.,0.));
#10874=CARTESIAN_POINT('',(-70.0000011175871,145.,0.));
#10875=CARTESIAN_POINT('Origin',(-80.0000011175871,-43.7500008940697,6.));
#10876=CARTESIAN_POINT('',(-75.0000011175871,-43.7500008940697,6.));
#10877=CARTESIAN_POINT('',(-80.0000011175871,-43.7500008940697,11.));
#10878=CARTESIAN_POINT('Origin',(-28.7500005587935,150.,5.));
#10879=CARTESIAN_POINT('',(-1.11758708953857E-6,145.,5.));
#10880=CARTESIAN_POINT('Origin',(-1.11758708953857E-6,150.,5.));
#10881=CARTESIAN_POINT('',(-28.7500005587935,145.,5.));
#10882=CARTESIAN_POINT('Origin',(-75.0000011175871,-90.0000017881393,0.));
#10883=CARTESIAN_POINT('Origin',(-75.0000011175871,145.,0.));
#10884=CARTESIAN_POINT('',(-1.11758708953857E-6,145.,6.));
#10885=CARTESIAN_POINT('',(-1.11758708953857E-6,145.,2.75));
#10886=CARTESIAN_POINT('',(-28.7500005587935,145.,6.));
#10887=CARTESIAN_POINT('Origin',(95.,160.,0.));
#10888=CARTESIAN_POINT('',(-1.11758708953857E-6,160.,6.));
#10889=CARTESIAN_POINT('',(-1.11758708953857E-6,160.,2.75));
#10890=CARTESIAN_POINT('',(56.25,160.,6.));
#10891=CARTESIAN_POINT('Origin',(56.25,155.,6.));
#10892=CARTESIAN_POINT('',(-1.11758708953857E-6,155.,11.));
#10893=CARTESIAN_POINT('Origin',(-1.11758708953857E-6,155.,6.));
#10894=CARTESIAN_POINT('',(56.25,155.,11.));
#10895=CARTESIAN_POINT('Origin',(17.5,2.5,11.));
#10896=CARTESIAN_POINT('',(-1.11758708953857E-6,150.,11.));
#10897=CARTESIAN_POINT('',(-1.11758708953857E-6,48.75,11.));
#10898=CARTESIAN_POINT('',(-28.7500005587935,150.,11.));
#10899=CARTESIAN_POINT('Origin',(-28.7500005587935,150.,6.));
#10900=CARTESIAN_POINT('Origin',(-1.11758708953857E-6,150.,6.));
#10901=CARTESIAN_POINT('Origin',(-1.11758708953857E-6,95.,5.5));
#10902=CARTESIAN_POINT('Origin',(135.,30.,11.));
#10903=CARTESIAN_POINT('',(132.500001713634,35.,11.));
#10904=CARTESIAN_POINT('',(135.,35.,11.));
#10905=CARTESIAN_POINT('',(132.500000856817,35.,11.));
#10906=CARTESIAN_POINT('',(135.,30.,11.));
#10907=CARTESIAN_POINT('',(135.,30.,11.));
#10908=CARTESIAN_POINT('',(132.500001713634,30.,11.));
#10909=CARTESIAN_POINT('',(135.,30.,11.));
#10910=CARTESIAN_POINT('',(132.500001713634,30.,11.));
#10911=CARTESIAN_POINT('Origin',(135.,30.,5.99999999999999));
#10912=CARTESIAN_POINT('',(140.,35.,6.));
#10913=CARTESIAN_POINT('Origin',(135.,35.,5.99999999999999));
#10914=CARTESIAN_POINT('',(140.,30.,6.));
#10915=CARTESIAN_POINT('',(140.,30.,6.));
#10916=CARTESIAN_POINT('Origin',(135.,30.,5.99999999999999));
#10917=CARTESIAN_POINT('Origin',(140.,30.,5.));
#10918=CARTESIAN_POINT('',(140.,35.,5.));
#10919=CARTESIAN_POINT('',(140.,35.,5.0000000372529));
#10920=CARTESIAN_POINT('',(140.,30.,5.));
#10921=CARTESIAN_POINT('',(140.,30.,5.));
#10922=CARTESIAN_POINT('',(140.,30.,5.));
#10923=CARTESIAN_POINT('Origin',(135.,30.,5.00000000000001));
#10924=CARTESIAN_POINT('',(139.999035346358,35.,4.90178795461367));
#10925=CARTESIAN_POINT('Origin',(135.,35.,5.00000000000001));
#10926=CARTESIAN_POINT('',(139.999035346358,30.,4.90178795461367));
#10927=CARTESIAN_POINT('',(139.999035346358,30.,4.90178795461367));
#10928=CARTESIAN_POINT('Origin',(135.,30.,5.00000000000001));
#10929=CARTESIAN_POINT('Origin',(148.360066250956,30.,4.90178795461367));
#10930=CARTESIAN_POINT('',(143.360066250956,35.,4.90178795461367));
#10931=CARTESIAN_POINT('',(139.180033982295,35.,4.90178795461367));
#10932=CARTESIAN_POINT('',(143.360066250956,30.,4.90178795461367));
#10933=CARTESIAN_POINT('',(143.360066250956,30.,4.90178795461367));
#10934=CARTESIAN_POINT('',(139.180033982295,30.,4.90178795461367));
#10935=CARTESIAN_POINT('Origin',(143.360066250956,30.,20.0982121943979));
#10936=CARTESIAN_POINT('',(143.360066250956,35.,12.9022121943979));
#10937=CARTESIAN_POINT('',(143.360066250956,35.,12.5491061344519));
#10938=CARTESIAN_POINT('',(143.360066250956,30.,12.9022121943979));
#10939=CARTESIAN_POINT('',(143.360066250956,30.,12.9022121943979));
#10940=CARTESIAN_POINT('',(143.360066250956,30.,12.5491061344519));
#10941=CARTESIAN_POINT('Origin',(132.999997362494,30.,0.999999977648258));
#10942=CARTESIAN_POINT('',(131.499997396022,30.,0.999999977648258));
#10943=CARTESIAN_POINT('',(132.999997362494,30.,0.999999977648258));
#10944=CARTESIAN_POINT('',(131.499997396022,30.,0.999999977648258));
#10945=CARTESIAN_POINT('',(131.499997396022,35.,0.999999977648258));
#10946=CARTESIAN_POINT('',(131.499997396022,30.,0.999999977648258));
#10947=CARTESIAN_POINT('',(132.999997362494,35.,0.999999977648258));
#10948=CARTESIAN_POINT('',(131.499997396022,35.,0.999999977648258));
#10949=CARTESIAN_POINT('',(132.999997362494,30.,0.999999977648258));
#10950=CARTESIAN_POINT('Origin',(132.999997362494,30.,1.89999995753169));
#10951=CARTESIAN_POINT('',(132.999997362494,30.,1.89999995753169));
#10952=CARTESIAN_POINT('',(132.999997362494,30.,0.999999977648258));
#10953=CARTESIAN_POINT('',(132.999997362494,35.,1.89999995753169));
#10954=CARTESIAN_POINT('',(132.999997362494,35.,0.999999977648258));
#10955=CARTESIAN_POINT('',(132.999997362494,30.,1.89999995753169));
#10956=CARTESIAN_POINT('Origin',(132.500001713634,30.,1.90221219439794));
#10957=CARTESIAN_POINT('',(132.500001713634,30.,1.90221219439794));
#10958=CARTESIAN_POINT('',(132.999997362494,30.,1.89999995753169));
#10959=CARTESIAN_POINT('',(132.500001713634,35.,1.90221219439794));
#10960=CARTESIAN_POINT('',(132.999997362494,35.,1.89999995753169));
#10961=CARTESIAN_POINT('',(132.500001713634,30.,1.90221219439794));
#10962=CARTESIAN_POINT('Origin',(132.500001713634,30.,11.));
#10963=CARTESIAN_POINT('',(132.500001713634,30.,1.90221219439794));
#10964=CARTESIAN_POINT('',(132.500001713634,35.,1.90221219439794));
#10965=CARTESIAN_POINT('Origin',(127.500001713634,30.,1.90221219439794));
#10966=CARTESIAN_POINT('',(127.500001713634,30.,11.));
#10967=CARTESIAN_POINT('',(127.500001713634,30.,1.90221219439794));
#10968=CARTESIAN_POINT('',(127.500001713634,30.,12.9022121943979));
#10969=CARTESIAN_POINT('',(127.500001713634,35.,11.));
#10970=CARTESIAN_POINT('',(127.500001713634,30.,11.));
#10971=CARTESIAN_POINT('',(127.500001713634,35.,1.90221219439794));
#10972=CARTESIAN_POINT('',(127.500001713634,35.,12.9022121943979));
#10973=CARTESIAN_POINT('',(127.500001713634,30.,1.90221219439794));
#10974=CARTESIAN_POINT('Origin',(126.999997496605,30.,1.90221219439794));
#10975=CARTESIAN_POINT('',(126.999997496605,30.,1.90221219439794));
#10976=CARTESIAN_POINT('',(127.500001713634,30.,1.90221219439794));
#10977=CARTESIAN_POINT('',(126.999997496605,35.,1.90221219439794));
#10978=CARTESIAN_POINT('',(127.500001713634,35.,1.90221219439794));
#10979=CARTESIAN_POINT('',(126.999997496605,30.,1.90221219439794));
#10980=CARTESIAN_POINT('Origin',(126.999997496605,30.,0.999999977648258));
#10981=CARTESIAN_POINT('',(126.999997496605,30.,0.999999977648258));
#10982=CARTESIAN_POINT('',(126.999997496605,30.,1.90221219439794));
#10983=CARTESIAN_POINT('',(126.999997496605,35.,0.999999977648258));
#10984=CARTESIAN_POINT('',(126.999997496605,35.,1.90221219439794));
#10985=CARTESIAN_POINT('',(126.999997496605,30.,0.999999977648258));
#10986=CARTESIAN_POINT('Origin',(128.499997463077,30.,0.999999977648258));
#10987=CARTESIAN_POINT('',(128.499997463077,30.,0.999999977648258));
#10988=CARTESIAN_POINT('',(126.999997496605,30.,0.999999977648258));
#10989=CARTESIAN_POINT('',(128.499997463077,35.,0.999999977648258));
#10990=CARTESIAN_POINT('',(126.999997496605,35.,0.999999977648258));
#10991=CARTESIAN_POINT('',(128.499997463077,30.,0.999999977648258));
#10992=CARTESIAN_POINT('Origin',(128.499997463077,30.,6.99999984353781));
#10993=CARTESIAN_POINT('',(128.499997463077,30.,6.99999984353781));
#10994=CARTESIAN_POINT('',(128.499997463077,30.,1.90221219439794));
#10995=CARTESIAN_POINT('',(128.499997463077,35.,6.99999984353781));
#10996=CARTESIAN_POINT('',(128.499997463077,35.,1.90221219439794));
#10997=CARTESIAN_POINT('',(128.499997463077,30.,6.99999984353781));
#10998=CARTESIAN_POINT('Origin',(128.999997451901,30.,6.99999984353781));
#10999=CARTESIAN_POINT('',(128.999997451901,30.,6.99999984353781));
#11000=CARTESIAN_POINT('',(128.499997463077,30.,6.99999984353781));
#11001=CARTESIAN_POINT('',(128.999997451901,35.,6.99999984353781));
#11002=CARTESIAN_POINT('',(128.499997463077,35.,6.99999984353781));
#11003=CARTESIAN_POINT('',(128.999997451901,30.,6.99999984353781));
#11004=CARTESIAN_POINT('Origin',(128.999997451901,30.,1.90221219439794));
#11005=CARTESIAN_POINT('',(128.999997451901,30.,1.90221219439794));
#11006=CARTESIAN_POINT('',(128.999997451901,30.,6.99999984353781));
#11007=CARTESIAN_POINT('',(128.999997451901,35.,1.90221219439794));
#11008=CARTESIAN_POINT('',(128.999997451901,35.,6.99999984353781));
#11009=CARTESIAN_POINT('',(128.999997451901,30.,1.90221219439794));
#11010=CARTESIAN_POINT('Origin',(130.999997407198,30.,1.90221219439794));
#11011=CARTESIAN_POINT('',(130.999997407198,30.,1.90221219439794));
#11012=CARTESIAN_POINT('',(128.999997451901,30.,1.90221219439794));
#11013=CARTESIAN_POINT('',(130.999997407198,35.,1.90221219439794));
#11014=CARTESIAN_POINT('',(128.999997451901,35.,1.90221219439794));
#11015=CARTESIAN_POINT('',(130.999997407198,30.,1.90221219439794));
#11016=CARTESIAN_POINT('Origin',(130.999997407198,30.,6.99999984353781));
#11017=CARTESIAN_POINT('',(130.999997407198,30.,6.99999984353781));
#11018=CARTESIAN_POINT('',(130.999997407198,30.,6.99999984353781));
#11019=CARTESIAN_POINT('',(130.999997407198,35.,6.99999984353781));
#11020=CARTESIAN_POINT('',(130.999997407198,35.,6.99999984353781));
#11021=CARTESIAN_POINT('',(130.999997407198,30.,6.99999984353781));
#11022=CARTESIAN_POINT('Origin',(131.499997396022,30.,6.99999984353781));
#11023=CARTESIAN_POINT('',(131.499997396022,30.,6.99999984353781));
#11024=CARTESIAN_POINT('',(131.499997396022,30.,6.99999984353781));
#11025=CARTESIAN_POINT('',(131.499997396022,35.,6.99999984353781));
#11026=CARTESIAN_POINT('',(131.499997396022,35.,6.99999984353781));
#11027=CARTESIAN_POINT('',(131.499997396022,30.,6.99999984353781));
#11028=CARTESIAN_POINT('Origin',(131.499997396022,30.,0.999999977648258));
#11029=CARTESIAN_POINT('',(131.499997396022,30.,6.99999984353781));
#11030=CARTESIAN_POINT('',(131.499997396022,35.,6.99999984353781));
#11031=CARTESIAN_POINT('Origin',(129.99999742955,35.,5.99999998882413));
#11032=CARTESIAN_POINT('',(125.,35.,11.));
#11033=CARTESIAN_POINT('',(132.500000856817,35.,11.));
#11034=CARTESIAN_POINT('',(120.,35.,6.));
#11035=CARTESIAN_POINT('Origin',(125.,35.,5.99999999999999));
#11036=CARTESIAN_POINT('',(120.,35.,5.));
#11037=CARTESIAN_POINT('',(120.,35.,5.5000000372529));
#11038=CARTESIAN_POINT('',(120.000964653642,35.,4.90178795461367));
#11039=CARTESIAN_POINT('Origin',(125.,35.,5.00000000000001));
#11040=CARTESIAN_POINT('',(117.639937176311,35.,4.90178795461367));
#11041=CARTESIAN_POINT('',(139.180033982295,35.,4.90178795461367));
#11042=CARTESIAN_POINT('',(117.639937176311,35.,12.9022121943979));
#11043=CARTESIAN_POINT('',(117.639937176311,35.,-2.54910598544026));
#11044=CARTESIAN_POINT('',(120.819969444972,35.,12.9022121943979));
#11045=CARTESIAN_POINT('Origin',(130.000001713634,30.,5.00000007450581));
#11046=CARTESIAN_POINT('',(117.639937176311,30.,12.9022121943979));
#11047=CARTESIAN_POINT('',(120.819969444972,30.,12.9022121943979));
#11048=CARTESIAN_POINT('',(117.639937176311,30.,4.90178795461367));
#11049=CARTESIAN_POINT('',(117.639937176311,30.,-2.54910598544026));
#11050=CARTESIAN_POINT('',(120.000964653642,30.,4.90178795461367));
#11051=CARTESIAN_POINT('',(139.180033982295,30.,4.90178795461367));
#11052=CARTESIAN_POINT('',(120.,30.,5.));
#11053=CARTESIAN_POINT('Origin',(125.,30.,5.00000000000001));
#11054=CARTESIAN_POINT('',(120.,30.,6.));
#11055=CARTESIAN_POINT('',(120.,30.,6.));
#11056=CARTESIAN_POINT('',(125.,30.,11.));
#11057=CARTESIAN_POINT('Origin',(125.,30.,5.99999999999999));
#11058=CARTESIAN_POINT('',(135.,30.,11.));
#11059=CARTESIAN_POINT('Origin',(111.639937176311,30.,12.9022121943979));
#11060=CARTESIAN_POINT('',(117.639937176311,30.,12.9022121943979));
#11061=CARTESIAN_POINT('Origin',(117.639937176311,30.,-10.0982120453863));
#11062=CARTESIAN_POINT('',(117.639937176311,30.,4.90178795461367));
#11063=CARTESIAN_POINT('Origin',(148.360066250956,30.,4.90178795461367));
#11064=CARTESIAN_POINT('',(120.000964653642,30.,4.90178795461367));
#11065=CARTESIAN_POINT('Origin',(125.,30.,5.00000000000001));
#11066=CARTESIAN_POINT('',(120.,30.,5.));
#11067=CARTESIAN_POINT('Origin',(120.,30.,6.));
#11068=CARTESIAN_POINT('',(120.,30.,6.));
#11069=CARTESIAN_POINT('Origin',(125.,30.,5.99999999999999));
#11070=CARTESIAN_POINT('',(125.,30.,11.));
#11071=CARTESIAN_POINT('Origin',(135.,30.,11.));
#11072=CARTESIAN_POINT('Origin',(-22.,-165.,5.5));
#11073=CARTESIAN_POINT('',(-20.,-162.602084089203,11.));
#11074=CARTESIAN_POINT('',(-20.,-167.397915910797,11.));
#11075=CARTESIAN_POINT('Ctrl Pts',(-20.,-162.602084089203,11.));
#11076=CARTESIAN_POINT('Ctrl Pts',(-20.,-162.829591502959,11.));
#11077=CARTESIAN_POINT('Ctrl Pts',(-20.0075498681532,-163.102495986365,
11.));
#11078=CARTESIAN_POINT('Ctrl Pts',(-20.0352011919778,-163.85172654608,11.));
#11079=CARTESIAN_POINT('Ctrl Pts',(-20.0635083422861,-164.477766773722,
11.));
#11080=CARTESIAN_POINT('Ctrl Pts',(-20.0635083422861,-165.,11.));
#11081=CARTESIAN_POINT('Ctrl Pts',(-20.0635083422861,-165.522233226278,
11.));
#11082=CARTESIAN_POINT('Ctrl Pts',(-20.0352011919778,-166.14827345392,11.));
#11083=CARTESIAN_POINT('Ctrl Pts',(-20.0075498681532,-166.897504013635,
11.));
#11084=CARTESIAN_POINT('Ctrl Pts',(-20.,-167.170408497041,11.));
#11085=CARTESIAN_POINT('Ctrl Pts',(-20.,-167.397915910797,11.));
#11086=CARTESIAN_POINT('',(-20.,-167.397915910797,0.));
#11087=CARTESIAN_POINT('Origin',(-20.,-165.,5.5));
#11088=CARTESIAN_POINT('',(-20.0635083422861,-165.,-1.05728799159558E-20));
#11089=CARTESIAN_POINT('Ctrl Pts',(-20.,-167.397915910797,2.5255855998463E-19));
#11090=CARTESIAN_POINT('Ctrl Pts',(-20.,-167.170408497041,-2.49743108193414E-18));
#11091=CARTESIAN_POINT('Ctrl Pts',(-20.0075498681532,-166.897504013635,
0.));
#11092=CARTESIAN_POINT('Ctrl Pts',(-20.0352011919778,-166.14827345392,0.));
#11093=CARTESIAN_POINT('Ctrl Pts',(-20.0635083422861,-165.522233226278,
4.62494077032676E-19));
#11094=CARTESIAN_POINT('Ctrl Pts',(-20.0635083422861,-165.,2.76482715511593E-19));
#11095=CARTESIAN_POINT('',(-22.,-165.,1.49999994039536));
#11096=CARTESIAN_POINT('Origin',(-22.,-165.,-0.500000059604644));
#11097=CARTESIAN_POINT('',(-22.,-169.000000059605,5.5));
#11098=CARTESIAN_POINT('Origin',(-22.,-165.,5.5));
#11099=CARTESIAN_POINT('Origin',(-22.,-165.,5.5));
#11100=CARTESIAN_POINT('',(-20.,-162.602084089203,0.));
#11101=CARTESIAN_POINT('Ctrl Pts',(-20.0635083422861,-165.,-1.05728799159558E-20));
#11102=CARTESIAN_POINT('Ctrl Pts',(-20.0635083422861,-164.477766773722,
1.16740362630566E-20));
#11103=CARTESIAN_POINT('Ctrl Pts',(-20.0352011919778,-163.85172654608,0.));
#11104=CARTESIAN_POINT('Ctrl Pts',(-20.0075498681532,-163.102495986365,
0.));
#11105=CARTESIAN_POINT('Ctrl Pts',(-20.,-162.829591502959,-1.4772839317699E-18));
#11106=CARTESIAN_POINT('Ctrl Pts',(-20.,-162.602084089203,-1.85846132311468E-18));
#11107=CARTESIAN_POINT('Origin',(-20.,-165.,5.5));
#11108=CARTESIAN_POINT('Origin',(-12.5,-27.5,11.));
#11109=CARTESIAN_POINT('',(-20.,-142.397917698937,11.));
#11110=CARTESIAN_POINT('',(-20.,-60.,11.));
#11111=CARTESIAN_POINT('',(-20.,-137.602085877342,11.));
#11112=CARTESIAN_POINT('Ctrl Pts',(-20.,-137.602085877342,11.));
#11113=CARTESIAN_POINT('Ctrl Pts',(-20.,-137.829593291098,11.));
#11114=CARTESIAN_POINT('Ctrl Pts',(-20.0075498681532,-138.102497774505,
11.));
#11115=CARTESIAN_POINT('Ctrl Pts',(-20.0352011919778,-138.851728334219,
11.));
#11116=CARTESIAN_POINT('Ctrl Pts',(-20.0635083422861,-139.477768561861,
11.));
#11117=CARTESIAN_POINT('Ctrl Pts',(-20.0635083422861,-140.000001788139,
11.));
#11118=CARTESIAN_POINT('Ctrl Pts',(-20.0635083422861,-140.522235014417,
11.));
#11119=CARTESIAN_POINT('Ctrl Pts',(-20.0352011919778,-141.14827524206,11.));
#11120=CARTESIAN_POINT('Ctrl Pts',(-20.0075498681532,-141.897505801774,
11.));
#11121=CARTESIAN_POINT('Ctrl Pts',(-20.,-142.17041028518,11.));
#11122=CARTESIAN_POINT('Ctrl Pts',(-20.,-142.397917698937,11.));
#11123=CARTESIAN_POINT('',(-20.,-125.000001788139,11.));
#11124=CARTESIAN_POINT('',(-20.,-60.,11.));
#11125=CARTESIAN_POINT('',(-45.,-125.,11.));
#11126=CARTESIAN_POINT('',(16.25,-125.000001788139,11.));
#11127=CARTESIAN_POINT('',(-35.,-135.,11.));
#11128=CARTESIAN_POINT('Origin',(-45.,-135.,11.));
#11129=CARTESIAN_POINT('',(-35.,-180.,11.));
#11130=CARTESIAN_POINT('',(-35.,-78.75,11.));
#11131=CARTESIAN_POINT('',(-20.,-180.,11.));
#11132=CARTESIAN_POINT('',(-26.25,-180.,11.));
#11133=CARTESIAN_POINT('',(-20.,-60.,11.));
#11134=CARTESIAN_POINT('Origin',(-20.,-92.5,5.5));
#11135=CARTESIAN_POINT('',(-20.,-142.397917698937,0.));
#11136=CARTESIAN_POINT('',(-20.,-60.,0.));
#11137=CARTESIAN_POINT('Origin',(-20.,-140.000001788139,5.5));
#11138=CARTESIAN_POINT('Origin',(-12.5,-27.5,0.));
#11139=CARTESIAN_POINT('',(-20.,-180.,0.));
#11140=CARTESIAN_POINT('',(-20.,-60.,0.));
#11141=CARTESIAN_POINT('',(-35.,-180.,0.));
#11142=CARTESIAN_POINT('',(-26.25,-180.,0.));
#11143=CARTESIAN_POINT('',(-35.,-135.,0.));
#11144=CARTESIAN_POINT('',(-35.,-78.75,0.));
#11145=CARTESIAN_POINT('',(-45.,-125.,0.));
#11146=CARTESIAN_POINT('Origin',(-45.,-135.,0.));
#11147=CARTESIAN_POINT('',(-20.,-125.000001788139,0.));
#11148=CARTESIAN_POINT('',(16.25,-125.000001788139,0.));
#11149=CARTESIAN_POINT('',(-20.,-137.602085877342,0.));
#11150=CARTESIAN_POINT('',(-20.,-60.,0.));
#11151=CARTESIAN_POINT('',(-20.0635083422861,-140.000001788139,9.54226646246957E-19));
#11152=CARTESIAN_POINT('Ctrl Pts',(-20.0635083422861,-140.000001788139,
9.54226646246957E-19));
#11153=CARTESIAN_POINT('Ctrl Pts',(-20.0635083422861,-139.477768561861,
6.74519959363587E-19));
#11154=CARTESIAN_POINT('Ctrl Pts',(-20.0352011919778,-138.851728334219,
0.));
#11155=CARTESIAN_POINT('Ctrl Pts',(-20.0075498681532,-138.102497774505,
0.));
#11156=CARTESIAN_POINT('Ctrl Pts',(-20.,-137.829593291098,-1.52038609701935E-18));
#11157=CARTESIAN_POINT('Ctrl Pts',(-20.,-137.602085877342,-6.9779749946442E-19));
#11158=CARTESIAN_POINT('Ctrl Pts',(-20.,-142.397917698937,8.65266345653331E-19));
#11159=CARTESIAN_POINT('Ctrl Pts',(-20.,-142.17041028518,2.2301601844234E-18));
#11160=CARTESIAN_POINT('Ctrl Pts',(-20.0075498681532,-141.897505801774,
0.));
#11161=CARTESIAN_POINT('Ctrl Pts',(-20.0352011919778,-141.14827524206,0.));
#11162=CARTESIAN_POINT('Ctrl Pts',(-20.0635083422861,-140.522235014417,
4.17161992727056E-20));
#11163=CARTESIAN_POINT('Ctrl Pts',(-20.0635083422861,-140.000001788139,
1.79895273692672E-19));
#11164=CARTESIAN_POINT('Origin',(-20.,-165.,5.5));
#11165=CARTESIAN_POINT('',(-26.,-169.000000059605,5.5));
#11166=CARTESIAN_POINT('',(-20.,-169.000000059605,5.5));
#11167=CARTESIAN_POINT('',(-26.,-165.,1.49999994039536));
#11168=CARTESIAN_POINT('Origin',(-26.,-165.,5.5));
#11169=CARTESIAN_POINT('Origin',(-26.,-165.,5.5));
#11170=CARTESIAN_POINT('Ctrl Pts',(-26.,-165.,1.49999994039536));
#11171=CARTESIAN_POINT('Ctrl Pts',(-26.,-169.000000059605,1.49999994039536));
#11172=CARTESIAN_POINT('Ctrl Pts',(-26.,-169.000000059605,5.5));
#11173=CARTESIAN_POINT('Ctrl Pts',(-26.,-169.000000059605,9.50000005960464));
#11174=CARTESIAN_POINT('Ctrl Pts',(-26.,-165.,9.50000005960464));
#11175=CARTESIAN_POINT('Ctrl Pts',(-26.,-160.999999940395,9.50000005960464));
#11176=CARTESIAN_POINT('Ctrl Pts',(-26.,-160.999999940395,5.5));
#11177=CARTESIAN_POINT('Ctrl Pts',(-26.,-160.999999940395,1.49999994039536));
#11178=CARTESIAN_POINT('Ctrl Pts',(-26.,-165.,1.49999994039536));
#11179=CARTESIAN_POINT('Ctrl Pts',(-28.,-165.,1.49999994039536));
#11180=CARTESIAN_POINT('Ctrl Pts',(-28.,-169.000000059605,1.49999994039536));
#11181=CARTESIAN_POINT('Ctrl Pts',(-28.,-169.000000059605,5.5));
#11182=CARTESIAN_POINT('Ctrl Pts',(-28.,-169.000000059605,9.50000005960464));
#11183=CARTESIAN_POINT('Ctrl Pts',(-28.,-165.,9.50000005960464));
#11184=CARTESIAN_POINT('Ctrl Pts',(-28.,-160.999999940395,9.50000005960464));
#11185=CARTESIAN_POINT('Ctrl Pts',(-28.,-160.999999940395,5.5));
#11186=CARTESIAN_POINT('Ctrl Pts',(-28.,-160.999999940395,1.49999994039536));
#11187=CARTESIAN_POINT('Ctrl Pts',(-28.,-165.,1.49999994039536));
#11188=CARTESIAN_POINT('Ctrl Pts',(-28.,-165.,3.49999994039536));
#11189=CARTESIAN_POINT('Ctrl Pts',(-28.,-167.000000059605,3.49999994039536));
#11190=CARTESIAN_POINT('Ctrl Pts',(-28.,-167.000000059605,5.5));
#11191=CARTESIAN_POINT('Ctrl Pts',(-28.,-167.000000059605,7.50000005960465));
#11192=CARTESIAN_POINT('Ctrl Pts',(-28.,-165.,7.50000005960465));
#11193=CARTESIAN_POINT('Ctrl Pts',(-28.,-162.999999940395,7.50000005960465));
#11194=CARTESIAN_POINT('Ctrl Pts',(-28.,-162.999999940395,5.5));
#11195=CARTESIAN_POINT('Ctrl Pts',(-28.,-162.999999940395,3.49999994039536));
#11196=CARTESIAN_POINT('Ctrl Pts',(-28.,-165.,3.49999994039536));
#11197=CARTESIAN_POINT('',(-28.,-165.,3.49999994039536));
#11198=CARTESIAN_POINT('Origin',(-28.,-165.,5.5));
#11199=CARTESIAN_POINT('Origin',(-26.,-165.,3.49999994039536));
#11200=CARTESIAN_POINT('Origin',(-28.,-165.,5.5));
#11201=CARTESIAN_POINT('Origin',(-22.,-140.000001788139,5.5));
#11202=CARTESIAN_POINT('',(-22.,-140.000001788139,1.49999994039536));
#11203=CARTESIAN_POINT('Origin',(-22.,-140.000001788139,-0.500000059604644));
#11204=CARTESIAN_POINT('',(-22.,-144.000001847744,5.5));
#11205=CARTESIAN_POINT('Origin',(-22.,-140.000001788139,5.5));
#11206=CARTESIAN_POINT('Origin',(-22.,-140.000001788139,5.5));
#11207=CARTESIAN_POINT('Origin',(-20.,-140.000001788139,5.5));
#11208=CARTESIAN_POINT('Origin',(-20.,-92.5,5.5));
#11209=CARTESIAN_POINT('',(-20.,-120.000001788139,5.));
#11210=CARTESIAN_POINT('Origin',(-20.,-125.000001788139,5.));
#11211=CARTESIAN_POINT('',(-20.,-120.000001788139,6.));
#11212=CARTESIAN_POINT('',(-20.,-120.000001788139,2.75));
#11213=CARTESIAN_POINT('Origin',(-20.,-125.000001788139,6.));
#11214=CARTESIAN_POINT('Origin',(-20.,-140.000001788139,5.5));
#11215=CARTESIAN_POINT('',(-26.,-144.000001847744,5.5));
#11216=CARTESIAN_POINT('',(-20.,-144.000001847744,5.5));
#11217=CARTESIAN_POINT('',(-26.,-140.000001788139,1.49999994039536));
#11218=CARTESIAN_POINT('Origin',(-26.,-140.000001788139,5.5));
#11219=CARTESIAN_POINT('Origin',(-26.,-140.000001788139,5.5));
#11220=CARTESIAN_POINT('Ctrl Pts',(-26.,-140.000001788139,1.49999994039536));
#11221=CARTESIAN_POINT('Ctrl Pts',(-26.,-144.000001847744,1.49999994039536));
#11222=CARTESIAN_POINT('Ctrl Pts',(-26.,-144.000001847744,5.5));
#11223=CARTESIAN_POINT('Ctrl Pts',(-26.,-144.000001847744,9.50000005960464));
#11224=CARTESIAN_POINT('Ctrl Pts',(-26.,-140.000001788139,9.50000005960464));
#11225=CARTESIAN_POINT('Ctrl Pts',(-26.,-136.000001728535,9.50000005960464));
#11226=CARTESIAN_POINT('Ctrl Pts',(-26.,-136.000001728535,5.5));
#11227=CARTESIAN_POINT('Ctrl Pts',(-26.,-136.000001728535,1.49999994039536));
#11228=CARTESIAN_POINT('Ctrl Pts',(-26.,-140.000001788139,1.49999994039536));
#11229=CARTESIAN_POINT('Ctrl Pts',(-28.,-140.000001788139,1.49999994039536));
#11230=CARTESIAN_POINT('Ctrl Pts',(-28.,-144.000001847744,1.49999994039536));
#11231=CARTESIAN_POINT('Ctrl Pts',(-28.,-144.000001847744,5.5));
#11232=CARTESIAN_POINT('Ctrl Pts',(-28.,-144.000001847744,9.50000005960464));
#11233=CARTESIAN_POINT('Ctrl Pts',(-28.,-140.000001788139,9.50000005960464));
#11234=CARTESIAN_POINT('Ctrl Pts',(-28.,-136.000001728535,9.50000005960464));
#11235=CARTESIAN_POINT('Ctrl Pts',(-28.,-136.000001728535,5.5));
#11236=CARTESIAN_POINT('Ctrl Pts',(-28.,-136.000001728535,1.49999994039536));
#11237=CARTESIAN_POINT('Ctrl Pts',(-28.,-140.000001788139,1.49999994039536));
#11238=CARTESIAN_POINT('Ctrl Pts',(-28.,-140.000001788139,3.49999994039536));
#11239=CARTESIAN_POINT('Ctrl Pts',(-28.,-142.000001847744,3.49999994039536));
#11240=CARTESIAN_POINT('Ctrl Pts',(-28.,-142.000001847744,5.5));
#11241=CARTESIAN_POINT('Ctrl Pts',(-28.,-142.000001847744,7.50000005960465));
#11242=CARTESIAN_POINT('Ctrl Pts',(-28.,-140.000001788139,7.50000005960465));
#11243=CARTESIAN_POINT('Ctrl Pts',(-28.,-138.000001728535,7.50000005960465));
#11244=CARTESIAN_POINT('Ctrl Pts',(-28.,-138.000001728535,5.5));
#11245=CARTESIAN_POINT('Ctrl Pts',(-28.,-138.000001728535,3.49999994039536));
#11246=CARTESIAN_POINT('Ctrl Pts',(-28.,-140.000001788139,3.49999994039536));
#11247=CARTESIAN_POINT('',(-28.,-140.000001788139,3.49999994039536));
#11248=CARTESIAN_POINT('Origin',(-28.,-140.000001788139,5.5));
#11249=CARTESIAN_POINT('Origin',(-26.,-140.000001788139,3.49999994039536));
#11250=CARTESIAN_POINT('Origin',(-28.,-140.000001788139,5.5));
#11251=CARTESIAN_POINT('Origin',(-115.,51.25,5.));
#11252=CARTESIAN_POINT('',(-120.,-125.,5.));
#11253=CARTESIAN_POINT('',(-120.,0.,5.));
#11254=CARTESIAN_POINT('',(-120.,51.25,5.));
#11255=CARTESIAN_POINT('',(-115.,0.,0.));
#11256=CARTESIAN_POINT('Origin',(-115.,0.,5.));
#11257=CARTESIAN_POINT('',(-115.000001192093,-3.,1.42663658664333E-13));
#11258=CARTESIAN_POINT('',(-115.,51.25,0.));
#11259=CARTESIAN_POINT('',(-115.000001192093,-8.0000000745058,1.42663658664333E-13));
#11260=CARTESIAN_POINT('',(-115.,51.25,0.));
#11261=CARTESIAN_POINT('',(-115.,-125.,0.));
#11262=CARTESIAN_POINT('',(-115.,51.25,0.));
#11263=CARTESIAN_POINT('Origin',(-115.,-125.,5.));
#11264=CARTESIAN_POINT('Origin',(-120.,130.,0.));
#11265=CARTESIAN_POINT('',(-120.,0.,6.));
#11266=CARTESIAN_POINT('',(-120.,-125.,6.));
#11267=CARTESIAN_POINT('',(-120.,51.25,6.));
#11268=CARTESIAN_POINT('',(-120.,0.,2.75));
#11269=CARTESIAN_POINT('',(-120.,-125.,0.));
#11270=CARTESIAN_POINT('Origin',(-115.,51.25,6.));
#11271=CARTESIAN_POINT('',(-115.,-125.,11.));
#11272=CARTESIAN_POINT('',(-115.000001192093,-8.00000007450581,11.));
#11273=CARTESIAN_POINT('',(-115.,51.25,11.));
#11274=CARTESIAN_POINT('',(-115.000001192093,-3.,11.));
#11275=CARTESIAN_POINT('',(-115.,51.25,11.));
#11276=CARTESIAN_POINT('',(-115.,0.,11.));
#11277=CARTESIAN_POINT('',(-115.,51.25,11.));
#11278=CARTESIAN_POINT('Origin',(-115.,0.,6.));
#11279=CARTESIAN_POINT('Origin',(-115.,-125.,6.));
#11280=CARTESIAN_POINT('Origin',(-12.5,-27.5,11.));
#11281=CARTESIAN_POINT('',(-110.000001117587,-8.00000007450581,11.));
#11282=CARTESIAN_POINT('',(-110.000001117587,-115.000001788139,11.));
#11283=CARTESIAN_POINT('',(-110.000001117587,-73.7500008940697,11.));
#11284=CARTESIAN_POINT('',(-61.2500005587935,-8.00000007450581,11.));
#11285=CARTESIAN_POINT('',(-100.000001117587,-125.000001788139,11.));
#11286=CARTESIAN_POINT('',(-66.25,-125.,11.));
#11287=CARTESIAN_POINT('Origin',(-100.000001117587,-115.000001788139,11.));
#11288=CARTESIAN_POINT('Origin',(-110.000001117587,-3.,11.));
#11289=CARTESIAN_POINT('',(-110.000001117587,-3.,2.));
#11290=CARTESIAN_POINT('',(-110.000001117587,-8.00000007450581,2.));
#11291=CARTESIAN_POINT('',(-110.000001117587,8.5,2.));
#11292=CARTESIAN_POINT('',(-110.000001117587,-3.,5.55111512312578E-16));
#11293=CARTESIAN_POINT('',(-110.000001117587,-3.,11.));
#11294=CARTESIAN_POINT('',(-110.000001117587,-8.0000000745058,5.55111512312578E-16));
#11295=CARTESIAN_POINT('',(-110.000001117587,-73.7500008940697,0.));
#11296=CARTESIAN_POINT('',(-110.000001117587,-8.00000007450581,11.));
#11297=CARTESIAN_POINT('Origin',(-110.000001117587,-3.,11.));
#11298=CARTESIAN_POINT('',(-110.000001117587,-8.00000007450581,9.));
#11299=CARTESIAN_POINT('',(-110.000001117587,-3.,9.));
#11300=CARTESIAN_POINT('',(-110.000001117587,8.5,9.));
#11301=CARTESIAN_POINT('',(-110.000001117587,-8.00000007450581,11.));
#11302=CARTESIAN_POINT('',(-110.000001117587,-3.,11.));
#11303=CARTESIAN_POINT('',(-110.000001117587,-73.7500008940697,11.));
#11304=CARTESIAN_POINT('',(-110.000001117587,-3.,11.));
#11305=CARTESIAN_POINT('Origin',(-115.000001192093,-3.,11.));
#11306=CARTESIAN_POINT('',(-115.000001192093,-3.,2.));
#11307=CARTESIAN_POINT('',(-115.50000115484,-3.,2.));
#11308=CARTESIAN_POINT('',(-115.000001192093,-3.,11.));
#11309=CARTESIAN_POINT('',(-63.7500005960464,-3.,0.));
#11310=CARTESIAN_POINT('Origin',(-115.000001192093,-3.,11.));
#11311=CARTESIAN_POINT('',(-115.000001192093,-3.,9.));
#11312=CARTESIAN_POINT('',(-112.00000115484,-3.,9.));
#11313=CARTESIAN_POINT('',(-63.7500005960464,-3.,11.));
#11314=CARTESIAN_POINT('',(-115.000001192093,-3.,11.));
#11315=CARTESIAN_POINT('Origin',(-110.000001117587,-8.00000007450581,11.));
#11316=CARTESIAN_POINT('',(-115.000001192093,-8.00000007450581,2.));
#11317=CARTESIAN_POINT('',(-113.000001117587,-8.00000007450581,2.));
#11318=CARTESIAN_POINT('',(-61.2500005587935,-8.00000007450581,0.));
#11319=CARTESIAN_POINT('',(-115.000001192093,-8.00000007450581,11.));
#11320=CARTESIAN_POINT('Origin',(-115.000001192093,-8.00000007450581,11.));
#11321=CARTESIAN_POINT('',(-115.000001192093,5.9999999627471,2.));
#11322=CARTESIAN_POINT('Origin',(-115.000001192093,-8.00000007450581,11.));
#11323=CARTESIAN_POINT('',(-115.000001192093,-8.00000007450581,9.));
#11324=CARTESIAN_POINT('',(-115.000001192093,5.9999999627471,9.));
#11325=CARTESIAN_POINT('',(-115.000001192093,-8.00000007450581,11.));
#11326=CARTESIAN_POINT('Origin',(-110.000001117587,-8.00000007450581,11.));
#11327=CARTESIAN_POINT('',(-109.500001117587,-8.00000007450581,9.));
#11328=CARTESIAN_POINT('Origin',(-12.5,-27.5,11.));
#11329=CARTESIAN_POINT('',(-110.000001117587,0.,11.));
#11330=CARTESIAN_POINT('',(-110.000001117587,-73.7500008940697,11.));
#11331=CARTESIAN_POINT('',(-12.5,0.,11.));
#11332=CARTESIAN_POINT('Origin',(-12.5,-27.5,0.));
#11333=CARTESIAN_POINT('',(-110.000001117587,0.,0.));
#11334=CARTESIAN_POINT('',(-12.5,0.,0.));
#11335=CARTESIAN_POINT('',(-110.000001117587,-73.7500008940697,0.));
#11336=CARTESIAN_POINT('Origin',(-109.000001117587,20.,9.));
#11337=CARTESIAN_POINT('',(-109.000001117587,0.,9.));
#11338=CARTESIAN_POINT('',(-116.000001117587,0.,9.));
#11339=CARTESIAN_POINT('',(-60.7500005587935,0.,9.00000000000001));
#11340=CARTESIAN_POINT('',(-109.000001117587,-10.,9.));
#11341=CARTESIAN_POINT('',(-109.000001117587,20.,9.));
#11342=CARTESIAN_POINT('',(-116.000001117587,-10.,9.));
#11343=CARTESIAN_POINT('',(-110.750001117587,-10.,9.));
#11344=CARTESIAN_POINT('',(-116.000001117587,20.,9.));
#11345=CARTESIAN_POINT('Origin',(-116.000001117587,20.,9.));
#11346=CARTESIAN_POINT('',(-116.000001117587,0.,2.));
#11347=CARTESIAN_POINT('',(-116.000001117587,0.,7.25));
#11348=CARTESIAN_POINT('',(-116.000001117587,-10.,2.));
#11349=CARTESIAN_POINT('',(-116.000001117587,-10.,7.25));
#11350=CARTESIAN_POINT('',(-116.000001117587,20.,2.));
#11351=CARTESIAN_POINT('Origin',(-116.000001117587,20.,2.));
#11352=CARTESIAN_POINT('',(-109.000001117587,0.,2.));
#11353=CARTESIAN_POINT('',(-64.2500005587935,0.,2.));
#11354=CARTESIAN_POINT('',(-109.000001117587,-10.,2.));
#11355=CARTESIAN_POINT('',(-114.250001117587,-10.,2.));
#11356=CARTESIAN_POINT('',(-109.000001117587,20.,2.));
#11357=CARTESIAN_POINT('Origin',(-109.000001117587,20.,2.));
#11358=CARTESIAN_POINT('',(-109.000001117587,0.,3.75));
#11359=CARTESIAN_POINT('',(-109.000001117587,-10.,3.75));
#11360=CARTESIAN_POINT('Origin',(-12.5,0.,5.5));
#11361=CARTESIAN_POINT('',(-105.000001117587,0.,6.));
#11362=CARTESIAN_POINT('Origin',(-110.000001117587,0.,6.));
#11363=CARTESIAN_POINT('',(-105.000001117587,0.,5.));
#11364=CARTESIAN_POINT('',(-105.000001117587,0.,2.75));
#11365=CARTESIAN_POINT('Origin',(-110.000001117587,0.,5.));
#11366=CARTESIAN_POINT('Origin',(-12.5,-27.5,0.));
#11367=CARTESIAN_POINT('',(-110.000001117587,-115.000001788139,0.));
#11368=CARTESIAN_POINT('',(-110.000001117587,-73.7500008940697,0.));
#11369=CARTESIAN_POINT('',(-100.000001117587,-125.000001788139,0.));
#11370=CARTESIAN_POINT('Origin',(-100.000001117587,-115.000001788139,0.));
#11371=CARTESIAN_POINT('',(-66.25,-125.,0.));
#11372=CARTESIAN_POINT('Origin',(-110.000001117587,-73.7500008940697,5.));
#11373=CARTESIAN_POINT('',(-105.000001117587,-115.000001788139,5.));
#11374=CARTESIAN_POINT('',(-105.000001117587,-73.7500008940697,5.));
#11375=CARTESIAN_POINT('Origin',(-110.000001117587,-115.000001788139,5.));
#11376=CARTESIAN_POINT('Origin',(-105.000001117587,-120.000001788139,0.));
#11377=CARTESIAN_POINT('',(-105.000001117587,-115.000001788139,6.));
#11378=CARTESIAN_POINT('',(-105.000001117587,-73.7500008940697,6.));
#11379=CARTESIAN_POINT('',(-105.000001117587,-115.000001788139,0.));
#11380=CARTESIAN_POINT('Origin',(-110.000001117587,-73.7500008940697,6.));
#11381=CARTESIAN_POINT('Origin',(-110.000001117587,-115.000001788139,6.));
#11382=CARTESIAN_POINT('Origin',(-35.,-180.,5.));
#11383=CARTESIAN_POINT('',(-40.,-180.,5.));
#11384=CARTESIAN_POINT('',(-35.,-185.,5.));
#11385=CARTESIAN_POINT('Origin',(-35.,-180.,5.));
#11386=CARTESIAN_POINT('Origin',(-35.,-180.,5.));
#11387=CARTESIAN_POINT('Origin',(-35.,-180.,5.));
#11388=CARTESIAN_POINT('Origin',(-45.,-135.,5.));
#11389=CARTESIAN_POINT('',(-45.,-130.,5.));
#11390=CARTESIAN_POINT('',(-40.,-135.,5.));
#11391=CARTESIAN_POINT('Origin',(-45.,-135.,5.));
#11392=CARTESIAN_POINT('Origin',(-45.,-125.,5.));
#11393=CARTESIAN_POINT('Origin',(-35.,-135.,5.));
#11394=CARTESIAN_POINT('Origin',(-35.,-180.,6.));
#11395=CARTESIAN_POINT('',(-40.,-180.,6.));
#11396=CARTESIAN_POINT('Origin',(-35.,-180.,6.));
#11397=CARTESIAN_POINT('',(-35.,-185.,6.));
#11398=CARTESIAN_POINT('Origin',(-35.,-180.,6.));
#11399=CARTESIAN_POINT('Origin',(-35.,-180.,6.));
#11400=CARTESIAN_POINT('Origin',(-35.,-180.,0.));
#11401=CARTESIAN_POINT('',(-40.,-180.,0.));
#11402=CARTESIAN_POINT('',(-35.,-185.,0.));
#11403=CARTESIAN_POINT('Origin',(-26.25,-180.,6.));
#11404=CARTESIAN_POINT('',(-20.,-185.,6.));
#11405=CARTESIAN_POINT('Origin',(-20.,-180.,6.));
#11406=CARTESIAN_POINT('',(-26.25,-185.,6.));
#11407=CARTESIAN_POINT('Origin',(-115.,-125.,5.));
#11408=CARTESIAN_POINT('',(-115.,-130.,5.));
#11409=CARTESIAN_POINT('Origin',(-115.,-125.,5.));
#11410=CARTESIAN_POINT('Origin',(-115.,-125.,5.));
#11411=CARTESIAN_POINT('Origin',(-45.,-135.,6.));
#11412=CARTESIAN_POINT('',(-45.,-130.,6.));
#11413=CARTESIAN_POINT('Origin',(-45.,-125.,6.));
#11414=CARTESIAN_POINT('',(-40.,-135.,6.));
#11415=CARTESIAN_POINT('Origin',(-45.,-135.,6.));
#11416=CARTESIAN_POINT('Origin',(-35.,-135.,6.));
#11417=CARTESIAN_POINT('Origin',(-45.,-135.,0.));
#11418=CARTESIAN_POINT('',(-45.,-130.,0.));
#11419=CARTESIAN_POINT('',(-40.,-135.,0.));
#11420=CARTESIAN_POINT('Origin',(-35.,-78.75,6.));
#11421=CARTESIAN_POINT('',(-40.,-78.75,6.));
#11422=CARTESIAN_POINT('Origin',(-115.,-125.,6.));
#11423=CARTESIAN_POINT('',(-115.,-130.,6.));
#11424=CARTESIAN_POINT('Origin',(-115.,-125.,6.));
#11425=CARTESIAN_POINT('Origin',(-115.,-125.,6.));
#11426=CARTESIAN_POINT('Origin',(-115.,-125.,0.));
#11427=CARTESIAN_POINT('',(-115.,-130.,0.));
#11428=CARTESIAN_POINT('Origin',(-66.25,-125.,6.));
#11429=CARTESIAN_POINT('',(16.25,-125.000001788139,11.));
#11430=CARTESIAN_POINT('',(-66.25,-130.,6.));
#11431=CARTESIAN_POINT('Origin',(-66.25,-125.,5.));
#11432=CARTESIAN_POINT('',(-66.25,-130.,5.));
#11433=CARTESIAN_POINT('',(16.25,-125.000001788139,0.));
#11434=CARTESIAN_POINT('Origin',(-35.,-78.75,5.));
#11435=CARTESIAN_POINT('',(-40.,-78.75,5.));
#11436=CARTESIAN_POINT('Origin',(-40.,-130.,0.));
#11437=CARTESIAN_POINT('Origin',(-120.,-130.,0.));
#11438=CARTESIAN_POINT('Origin',(-100.000001117587,-115.000001788139,5.));
#11439=CARTESIAN_POINT('',(-100.000001117587,-120.000001788139,5.));
#11440=CARTESIAN_POINT('Origin',(-100.000001117587,-115.000001788139,5.));
#11441=CARTESIAN_POINT('Origin',(-100.000001117587,-125.000001788139,5.));
#11442=CARTESIAN_POINT('Origin',(-100.000001117587,-115.000001788139,6.));
#11443=CARTESIAN_POINT('',(-100.000001117587,-120.000001788139,6.));
#11444=CARTESIAN_POINT('Origin',(-100.000001117587,-125.000001788139,6.));
#11445=CARTESIAN_POINT('Origin',(-100.000001117587,-115.000001788139,6.));
#11446=CARTESIAN_POINT('Origin',(-100.000001117587,-115.000001788139,0.));
#11447=CARTESIAN_POINT('',(-100.000001117587,-120.000001788139,0.));
#11448=CARTESIAN_POINT('Origin',(16.25,-125.000001788139,6.));
#11449=CARTESIAN_POINT('',(16.25,-120.000001788139,6.));
#11450=CARTESIAN_POINT('Origin',(45.,-120.000001788139,0.));
#11451=CARTESIAN_POINT('',(16.25,-120.000001788139,5.));
#11452=CARTESIAN_POINT('Origin',(-112.500001117587,-10.,5.5));
#11453=CARTESIAN_POINT('Origin',(-40.,-185.,0.));
#11454=CARTESIAN_POINT('',(-20.,-185.,5.));
#11455=CARTESIAN_POINT('',(-20.,-185.,2.75));
#11456=CARTESIAN_POINT('',(-26.25,-185.,5.));
#11457=CARTESIAN_POINT('Origin',(-26.25,-180.,5.));
#11458=CARTESIAN_POINT('Origin',(-20.,-180.,5.));
#11459=CARTESIAN_POINT('Origin',(16.25,-125.000001788139,5.));
#11460=CARTESIAN_POINT('Origin',(-20.,-92.5,5.5));
#11461=CARTESIAN_POINT('Origin',(-5.10801413010382,117.680121244706,2.));
#11462=CARTESIAN_POINT('',(-4.85801410030149,115.930124630994,2.));
#11463=CARTESIAN_POINT('',(-4.85801410030149,114.430124686874,2.));
#11464=CARTESIAN_POINT('',(-4.85801410030149,116.430121039815,2.));
#11465=CARTESIAN_POINT('',(-0.358014100301496,115.930124630994,2.));
#11466=CARTESIAN_POINT('',(-2.60801411520266,115.930124630994,2.));
#11467=CARTESIAN_POINT('',(-0.358014100301496,114.430124686874,2.));
#11468=CARTESIAN_POINT('',(-0.358014100301496,116.430121039815,2.));
#11469=CARTESIAN_POINT('',(-2.60801411520266,114.430124686874,2.));
#11470=CARTESIAN_POINT('Origin',(-2.60801411520266,115.930124630994,2.25));
#11471=CARTESIAN_POINT('',(-0.358014100301496,116.180124630994,2.25));
#11472=CARTESIAN_POINT('Origin',(-0.358014100301496,115.930124630994,2.25));
#11473=CARTESIAN_POINT('',(-4.85801410030149,116.180124630994,2.25));
#11474=CARTESIAN_POINT('Origin',(-4.85801410030149,115.930124630994,2.25));
#11475=CARTESIAN_POINT('',(-2.60801411520266,116.180124630994,2.25));
#11476=CARTESIAN_POINT('Origin',(-0.358014100301496,116.430121039815,2.25));
#11477=CARTESIAN_POINT('',(-0.108014100301492,114.430124686874,2.25));
#11478=CARTESIAN_POINT('Origin',(-0.358014100301496,114.430124686874,2.25));
#11479=CARTESIAN_POINT('',(-0.108014100301492,115.930124630994,2.25));
#11480=CARTESIAN_POINT('Origin',(-0.358014100301496,115.930124630994,2.25));
#11481=CARTESIAN_POINT('',(-0.108014100301492,116.430121039815,2.25));
#11482=CARTESIAN_POINT('Origin',(-2.60801411520266,114.430124686874,2.25));
#11483=CARTESIAN_POINT('',(-4.85801410030149,114.180124686874,2.25));
#11484=CARTESIAN_POINT('Origin',(-4.85801410030149,114.430124686874,2.25));
#11485=CARTESIAN_POINT('',(-0.358014100301496,114.180124686874,2.25));
#11486=CARTESIAN_POINT('Origin',(-0.358014100301496,114.430124686874,2.25));
#11487=CARTESIAN_POINT('',(-2.60801411520266,114.180124686874,2.25));
#11488=CARTESIAN_POINT('Origin',(-0.358014100301496,114.430124686874,2.25));
#11489=CARTESIAN_POINT('Origin',(-0.358014100301496,114.430124686874,2.25));
#11490=CARTESIAN_POINT('Origin',(-4.85801410030149,116.430121039815,2.25));
#11491=CARTESIAN_POINT('',(-5.10801410030149,115.930124630994,2.25));
#11492=CARTESIAN_POINT('Origin',(-4.85801410030149,115.930124630994,2.25));
#11493=CARTESIAN_POINT('',(-5.10801410030149,114.430124686874,2.25));
#11494=CARTESIAN_POINT('Origin',(-4.85801410030149,114.430124686874,2.25));
#11495=CARTESIAN_POINT('',(-5.10801410030149,116.430121039815,2.25));
#11496=CARTESIAN_POINT('Origin',(-4.85801410030149,114.430124686874,2.25));
#11497=CARTESIAN_POINT('Origin',(-4.85801410030149,114.430124686874,2.25));
#11498=CARTESIAN_POINT('Origin',(-0.358014100301496,115.930124630994,2.25));
#11499=CARTESIAN_POINT('Origin',(-0.358014100301496,115.930124630994,2.25));
#11500=CARTESIAN_POINT('Origin',(-4.85801410030149,115.930124630994,2.25));
#11501=CARTESIAN_POINT('Origin',(-4.85801410030149,115.930124630994,2.25));
#11502=CARTESIAN_POINT('Origin',(-0.358014100301496,115.930124630994,3.0000000372529));
#11503=CARTESIAN_POINT('',(-0.358014100301496,116.180124630994,7.24999979883432));
#11504=CARTESIAN_POINT('',(-0.358014100301496,116.180124630994,3.0000000372529));
#11505=CARTESIAN_POINT('',(-0.108014100301492,115.930124630994,7.24999979883432));
#11506=CARTESIAN_POINT('Origin',(-0.358014100301496,115.930124630994,7.24999979883432));
#11507=CARTESIAN_POINT('',(-0.108014100301492,115.930124630994,3.0000000372529));
#11508=CARTESIAN_POINT('Origin',(-0.108014100301492,116.180124630994,0.499999999999999));
#11509=CARTESIAN_POINT('',(-4.85801410030149,116.180124630994,7.24999979883432));
#11510=CARTESIAN_POINT('',(-4.85801410030149,116.180124630994,4.5000000372529));
#11511=CARTESIAN_POINT('',(-0.108014100301492,116.180124630994,7.24999979883432));
#11512=CARTESIAN_POINT('Origin',(-4.85801410030149,115.930124630994,3.0000000372529));
#11513=CARTESIAN_POINT('',(-5.10801410030149,115.930124630994,7.24999979883432));
#11514=CARTESIAN_POINT('',(-5.10801410030149,115.930124630994,3.0000000372529));
#11515=CARTESIAN_POINT('Origin',(-4.85801410030149,115.930124630994,7.24999979883432));
#11516=CARTESIAN_POINT('Origin',(-5.10801410030149,115.180120834924,5.50000007450581));
#11517=CARTESIAN_POINT('',(-5.10801410030149,114.430124686874,7.24999979883432));
#11518=CARTESIAN_POINT('',(-5.10801410030149,114.430124686874,7.99999993667006));
#11519=CARTESIAN_POINT('',(-5.10801410030149,113.997111984982,7.49999979883432));
#11520=CARTESIAN_POINT('Ctrl Pts',(-5.10801410030149,113.997111984982,7.49999979883432));
#11521=CARTESIAN_POINT('Ctrl Pts',(-5.10801410030149,114.060831340451,7.49999979883432));
#11522=CARTESIAN_POINT('Ctrl Pts',(-5.10801410030149,114.133942068586,7.47760679885988));
#11523=CARTESIAN_POINT('Ctrl Pts',(-5.10801410030149,114.276318868823,7.40097797788151));
#11524=CARTESIAN_POINT('Ctrl Pts',(-5.10801410030149,114.360850131354,7.31927435435456));
#11525=CARTESIAN_POINT('Ctrl Pts',(-5.10801410030149,114.430124686874,7.24999979883432));
#11526=CARTESIAN_POINT('',(-5.10801410030149,113.863137388766,7.49999979883432));
#11527=CARTESIAN_POINT('',(-5.10801410030149,114.430122760899,7.49999979883432));
#11528=CARTESIAN_POINT('',(-5.10801410030149,113.430124686874,7.24999979883432));
#11529=CARTESIAN_POINT('Ctrl Pts',(-5.10801410030149,113.430124686874,7.24999979883432));
#11530=CARTESIAN_POINT('Ctrl Pts',(-5.10801410030149,113.499399242394,7.31927435435456));
#11531=CARTESIAN_POINT('Ctrl Pts',(-5.10801410030149,113.583930504925,7.40097797788151));
#11532=CARTESIAN_POINT('Ctrl Pts',(-5.10801410030149,113.726307305162,7.47760679885988));
#11533=CARTESIAN_POINT('Ctrl Pts',(-5.10801410030149,113.799418033297,7.49999979883432));
#11534=CARTESIAN_POINT('Ctrl Pts',(-5.10801410030149,113.863137388766,7.49999979883432));
#11535=CARTESIAN_POINT('',(-5.10801410030149,113.430124686874,1.24999997764826));
#11536=CARTESIAN_POINT('',(-5.10801410030149,113.430124686874,3.0000000372529));
#11537=CARTESIAN_POINT('',(-5.10801410030149,111.680124731577,1.24999997764826));
#11538=CARTESIAN_POINT('',(-5.10801410030149,114.430122760899,1.24999997764826));
#11539=CARTESIAN_POINT('',(-5.10801410030149,111.680124731577,1.99999995529652));
#11540=CARTESIAN_POINT('',(-5.10801410030149,111.680124731577,1.99999995529652));
#11541=CARTESIAN_POINT('',(-5.10801413010382,112.680122362293,2.));
#11542=CARTESIAN_POINT('',(-5.10801410030149,113.18012469805,1.99999995529652));
#11543=CARTESIAN_POINT('',(-5.10801413010382,112.680122362293,11.5));
#11544=CARTESIAN_POINT('',(-5.10801413010382,112.680122362293,11.5));
#11545=CARTESIAN_POINT('',(-5.10801413010382,107.680122362293,6.5));
#11546=CARTESIAN_POINT('Origin',(-5.10801413010382,112.680122362293,6.5));
#11547=CARTESIAN_POINT('',(-5.10801410030149,104.180120671011,6.5));
#11548=CARTESIAN_POINT('',(-5.10801410030149,115.180120834924,6.5));
#11549=CARTESIAN_POINT('',(-5.10801410030149,104.180120671011,13.0000001862645));
#11550=CARTESIAN_POINT('',(-5.10801410030149,104.180120671011,1.75000001862645));
#11551=CARTESIAN_POINT('',(-5.10801410030149,126.180120998836,13.0000001862645));
#11552=CARTESIAN_POINT('',(-5.10801410030149,109.680120752967,13.0000001862645));
#11553=CARTESIAN_POINT('',(-5.10801410030149,126.180120998836,6.5));
#11554=CARTESIAN_POINT('',(-5.10801410030149,126.180120998836,9.25000013038516));
#11555=CARTESIAN_POINT('',(-5.10801413010382,122.680121244706,6.5));
#11556=CARTESIAN_POINT('',(-5.10801410030149,115.180120834924,6.5));
#11557=CARTESIAN_POINT('',(-5.10801413010382,117.680121244706,11.5));
#11558=CARTESIAN_POINT('Origin',(-5.10801413010382,117.680121244706,6.5));
#11559=CARTESIAN_POINT('',(-5.10801413010382,117.680121244706,2.));
#11560=CARTESIAN_POINT('',(-5.10801413010382,117.680121244706,11.5));
#11561=CARTESIAN_POINT('',(-5.10801410030149,118.680124575115,2.));
#11562=CARTESIAN_POINT('',(-5.10801410030149,117.180124608643,2.));
#11563=CARTESIAN_POINT('',(-5.10801410030149,118.680124575115,1.24999997764826));
#11564=CARTESIAN_POINT('',(-5.10801410030149,118.680124575115,2.));
#11565=CARTESIAN_POINT('',(-5.10801410030149,116.930124619819,1.24999997764826));
#11566=CARTESIAN_POINT('',(-5.10801410030149,116.930122705019,1.24999997764826));
#11567=CARTESIAN_POINT('',(-5.10801410030149,116.930124619819,7.24999979883432));
#11568=CARTESIAN_POINT('',(-5.10801410030149,116.930124619819,7.99999993667006));
#11569=CARTESIAN_POINT('',(-5.10801410030149,116.497111917926,7.49999979883432));
#11570=CARTESIAN_POINT('Ctrl Pts',(-5.10801410030149,116.497111917926,7.49999979883432));
#11571=CARTESIAN_POINT('Ctrl Pts',(-5.10801410030149,116.560831273395,7.49999979883432));
#11572=CARTESIAN_POINT('Ctrl Pts',(-5.10801410030149,116.633942001531,7.47760679885988));
#11573=CARTESIAN_POINT('Ctrl Pts',(-5.10801410030149,116.776318801768,7.40097797788151));
#11574=CARTESIAN_POINT('Ctrl Pts',(-5.10801410030149,116.860850064298,7.31927435435456));
#11575=CARTESIAN_POINT('Ctrl Pts',(-5.10801410030149,116.930124619819,7.24999979883432));
#11576=CARTESIAN_POINT('',(-5.10801410030149,116.363137332887,7.49999979883432));
#11577=CARTESIAN_POINT('',(-5.10801410030149,115.680122732959,7.49999979883432));
#11578=CARTESIAN_POINT('Ctrl Pts',(-5.10801410030149,115.930124630994,7.24999979883432));
#11579=CARTESIAN_POINT('Ctrl Pts',(-5.10801410030149,115.999399186515,7.31927435435456));
#11580=CARTESIAN_POINT('Ctrl Pts',(-5.10801410030149,116.083930449045,7.40097797788151));
#11581=CARTESIAN_POINT('Ctrl Pts',(-5.10801410030149,116.226307249282,7.47760679885988));
#11582=CARTESIAN_POINT('Ctrl Pts',(-5.10801410030149,116.299417977418,7.49999979883432));
#11583=CARTESIAN_POINT('Ctrl Pts',(-5.10801410030149,116.363137332887,7.49999979883432));
#11584=CARTESIAN_POINT('Origin',(-0.108014100301492,116.680124619819,2.));
#11585=CARTESIAN_POINT('',(-0.108014130103822,117.680121244706,2.));
#11586=CARTESIAN_POINT('',(-5.10801413010382,117.680121244706,2.));
#11587=CARTESIAN_POINT('',(-0.108014100301492,118.680124575115,2.));
#11588=CARTESIAN_POINT('',(-0.108014100301492,117.180124608643,2.));
#11589=CARTESIAN_POINT('',(-0.108014100301492,118.680124575115,2.));
#11590=CARTESIAN_POINT('Origin',(-0.108014100301492,118.680124575115,0.999999977648258));
#11591=CARTESIAN_POINT('',(-0.358014100301496,116.930124619819,0.999999977648258));
#11592=CARTESIAN_POINT('',(-0.358014100301496,118.430124575115,0.999999977648258));
#11593=CARTESIAN_POINT('',(-0.358014100301496,116.930122705019,0.999999977648258));
#11594=CARTESIAN_POINT('',(-4.85801410030149,116.930124619819,0.999999977648258));
#11595=CARTESIAN_POINT('',(-0.108014100301492,116.930124619819,0.999999977648258));
#11596=CARTESIAN_POINT('',(-4.85801410030149,118.430124575115,0.999999977648258));
#11597=CARTESIAN_POINT('',(-4.85801410030149,116.930122705019,0.999999977648258));
#11598=CARTESIAN_POINT('',(-0.108014100301492,118.430124575115,0.999999977648258));
#11599=CARTESIAN_POINT('Origin',(-0.108014100301492,118.680124575115,2.));
#11600=CARTESIAN_POINT('',(-0.108014100301492,118.680124575115,1.24999997764826));
#11601=CARTESIAN_POINT('',(-0.108014100301492,118.680124575115,1.24999997764826));
#11602=CARTESIAN_POINT('',(-0.108014100301492,118.680124575115,2.));
#11603=CARTESIAN_POINT('Origin',(-0.108014100301492,118.430124575115,1.24999997764826));
#11604=CARTESIAN_POINT('Origin',(-0.358014100301496,118.430124575115,1.24999997764826));
#11605=CARTESIAN_POINT('Origin',(-4.85801410030149,118.430124575115,1.24999997764826));
#11606=CARTESIAN_POINT('Origin',(-4.85801410030149,116.930122705019,1.24999997764826));
#11607=CARTESIAN_POINT('Origin',(-4.85801410030149,116.930124619819,1.24999997764826));
#11608=CARTESIAN_POINT('Origin',(-0.108014100301492,116.930124619819,1.24999997764826));
#11609=CARTESIAN_POINT('',(-4.85801410030149,116.680124619819,1.24999997764826));
#11610=CARTESIAN_POINT('Origin',(-4.85801410030149,116.930124619819,1.24999997764826));
#11611=CARTESIAN_POINT('',(-0.358014100301496,116.680124619819,1.24999997764826));
#11612=CARTESIAN_POINT('Origin',(-0.358014100301496,116.930124619819,1.24999997764826));
#11613=CARTESIAN_POINT('',(-0.108014100301492,116.680124619819,1.24999997764826));
#11614=CARTESIAN_POINT('Origin',(-0.358014100301496,116.930122705019,1.24999997764826));
#11615=CARTESIAN_POINT('',(-0.108014100301492,116.930124619819,1.24999997764826));
#11616=CARTESIAN_POINT('',(-0.108014100301492,116.930122705019,1.24999997764826));
#11617=CARTESIAN_POINT('Origin',(-0.358014100301496,116.930124619819,1.24999997764826));
#11618=CARTESIAN_POINT('Origin',(-0.358014100301496,116.930124619819,1.24999997764826));
#11619=CARTESIAN_POINT('Origin',(-0.358014100301496,116.930124619819,1.24999997764826));
#11620=CARTESIAN_POINT('Origin',(-4.85801410030149,116.930124619819,1.24999997764826));
#11621=CARTESIAN_POINT('Origin',(-4.85801410030149,116.930124619819,1.24999997764826));
#11622=CARTESIAN_POINT('Origin',(-0.358014100301496,116.930124619819,6.49999993667006));
#11623=CARTESIAN_POINT('',(-0.108014100301492,116.930124619819,7.24999979883432));
#11624=CARTESIAN_POINT('',(-0.108014100301492,116.930124619819,7.99999993667006));
#11625=CARTESIAN_POINT('',(-0.358014100301496,116.680124619819,7.24999979883432));
#11626=CARTESIAN_POINT('Origin',(-0.358014100301496,116.930124619819,7.24999979883432));
#11627=CARTESIAN_POINT('',(-0.358014100301496,116.680124619819,7.99999993667006));
#11628=CARTESIAN_POINT('Origin',(-0.108014100301492,115.180120834924,5.50000007450581));
#11629=CARTESIAN_POINT('',(-0.108014100301492,116.363137332887,7.49999979883432));
#11630=CARTESIAN_POINT('Ctrl Pts',(-0.108014100301492,116.363137332887,
7.49999979883432));
#11631=CARTESIAN_POINT('Ctrl Pts',(-0.108014100301492,116.299417977418,
7.49999979883432));
#11632=CARTESIAN_POINT('Ctrl Pts',(-0.108014100301492,116.226307249282,
7.47760679885988));
#11633=CARTESIAN_POINT('Ctrl Pts',(-0.108014100301492,116.083930449045,
7.40097797788151));
#11634=CARTESIAN_POINT('Ctrl Pts',(-0.108014100301492,115.999399186515,
7.31927435435456));
#11635=CARTESIAN_POINT('Ctrl Pts',(-0.108014100301492,115.930124630994,
7.24999979883432));
#11636=CARTESIAN_POINT('',(-0.108014100301492,116.497111917926,7.49999979883432));
#11637=CARTESIAN_POINT('',(-0.108014100301492,115.680122732959,7.49999979883432));
#11638=CARTESIAN_POINT('Ctrl Pts',(-0.108014100301492,116.930124619819,
7.24999979883432));
#11639=CARTESIAN_POINT('Ctrl Pts',(-0.108014100301492,116.860850064298,
7.31927435435456));
#11640=CARTESIAN_POINT('Ctrl Pts',(-0.108014100301492,116.776318801768,
7.40097797788151));
#11641=CARTESIAN_POINT('Ctrl Pts',(-0.108014100301492,116.633942001531,
7.47760679885988));
#11642=CARTESIAN_POINT('Ctrl Pts',(-0.108014100301492,116.560831273395,
7.49999979883432));
#11643=CARTESIAN_POINT('Ctrl Pts',(-0.108014100301492,116.497111917926,
7.49999979883432));
#11644=CARTESIAN_POINT('',(-0.108014130103822,117.680121244706,11.5));
#11645=CARTESIAN_POINT('',(-0.108014130103822,117.680121244706,13.));
#11646=CARTESIAN_POINT('',(-0.108014130103822,122.680121244706,6.5));
#11647=CARTESIAN_POINT('Origin',(-0.108014130103822,117.680121244706,6.5));
#11648=CARTESIAN_POINT('',(-0.108014100301492,126.180120998836,6.5));
#11649=CARTESIAN_POINT('',(-0.108014100301492,115.180120834924,6.5));
#11650=CARTESIAN_POINT('',(-0.108014100301492,126.180120998836,13.0000001862645));
#11651=CARTESIAN_POINT('',(-0.108014100301492,126.180120998836,9.25000013038516));
#11652=CARTESIAN_POINT('',(-0.108014100301492,104.180120671011,13.0000001862645));
#11653=CARTESIAN_POINT('',(-0.108014100301492,109.680120752967,13.0000001862645));
#11654=CARTESIAN_POINT('',(-0.108014100301492,104.180120671011,6.5));
#11655=CARTESIAN_POINT('',(-0.108014100301492,104.180120671011,1.75000001862645));
#11656=CARTESIAN_POINT('',(-0.108014130103822,107.680122362293,6.5));
#11657=CARTESIAN_POINT('',(-0.108014100301492,115.180120834924,6.5));
#11658=CARTESIAN_POINT('',(-0.108014130103822,112.680122362293,11.5));
#11659=CARTESIAN_POINT('Origin',(-0.108014130103822,112.680122362293,6.5));
#11660=CARTESIAN_POINT('',(-0.108014130103822,112.680122362293,2.));
#11661=CARTESIAN_POINT('',(-0.108014130103822,112.680122362293,13.));
#11662=CARTESIAN_POINT('',(-0.108014100301492,111.680124731577,1.99999995529652));
#11663=CARTESIAN_POINT('',(-0.108014100301492,113.18012469805,1.99999995529652));
#11664=CARTESIAN_POINT('',(-0.108014100301492,111.680124731577,1.24999997764826));
#11665=CARTESIAN_POINT('',(-0.108014100301492,111.680124731577,1.99999995529652));
#11666=CARTESIAN_POINT('',(-0.108014100301492,113.430124686874,1.24999997764826));
#11667=CARTESIAN_POINT('',(-0.108014100301492,114.430122760899,1.24999997764826));
#11668=CARTESIAN_POINT('',(-0.108014100301492,113.430124686874,7.24999979883432));
#11669=CARTESIAN_POINT('',(-0.108014100301492,113.430124686874,4.5000000372529));
#11670=CARTESIAN_POINT('',(-0.108014100301492,113.863137388766,7.49999979883432));
#11671=CARTESIAN_POINT('Ctrl Pts',(-0.108014100301492,113.863137388766,
7.49999979883432));
#11672=CARTESIAN_POINT('Ctrl Pts',(-0.108014100301492,113.799418033297,
7.49999979883432));
#11673=CARTESIAN_POINT('Ctrl Pts',(-0.108014100301492,113.726307305162,
7.47760679885988));
#11674=CARTESIAN_POINT('Ctrl Pts',(-0.108014100301492,113.583930504925,
7.40097797788151));
#11675=CARTESIAN_POINT('Ctrl Pts',(-0.108014100301492,113.499399242394,
7.31927435435456));
#11676=CARTESIAN_POINT('Ctrl Pts',(-0.108014100301492,113.430124686874,
7.24999979883432));
#11677=CARTESIAN_POINT('',(-0.108014100301492,113.997111984982,7.49999979883432));
#11678=CARTESIAN_POINT('',(-0.108014100301492,114.430122760899,7.49999979883432));
#11679=CARTESIAN_POINT('',(-0.108014100301492,114.430124686874,7.24999979883432));
#11680=CARTESIAN_POINT('Ctrl Pts',(-0.108014100301492,114.430124686874,
7.24999979883432));
#11681=CARTESIAN_POINT('Ctrl Pts',(-0.108014100301492,114.360850131354,
7.31927435435456));
#11682=CARTESIAN_POINT('Ctrl Pts',(-0.108014100301492,114.276318868823,
7.40097797788151));
#11683=CARTESIAN_POINT('Ctrl Pts',(-0.108014100301492,114.133942068586,
7.47760679885988));
#11684=CARTESIAN_POINT('Ctrl Pts',(-0.108014100301492,114.060831340451,
7.49999979883432));
#11685=CARTESIAN_POINT('Ctrl Pts',(-0.108014100301492,113.997111984982,
7.49999979883432));
#11686=CARTESIAN_POINT('',(-0.108014100301492,114.430124686874,6.49999993667006));
#11687=CARTESIAN_POINT('Origin',(-5.10801413010382,117.680121244706,11.5));
#11688=CARTESIAN_POINT('',(-5.10801413010382,117.680121244706,11.5));
#11689=CARTESIAN_POINT('Origin',(-0.108014100301492,111.930124731577,1.24999997764826));
#11690=CARTESIAN_POINT('',(-4.85801410030149,111.930124731577,0.999999977648258));
#11691=CARTESIAN_POINT('',(-0.358014100301496,111.930124731577,0.999999977648258));
#11692=CARTESIAN_POINT('',(-0.108014100301492,111.930124731577,0.999999977648258));
#11693=CARTESIAN_POINT('Origin',(-0.358014100301496,111.930124731577,1.24999997764826));
#11694=CARTESIAN_POINT('',(-0.108014100301492,111.680124731577,1.24999997764826));
#11695=CARTESIAN_POINT('Origin',(-4.85801410030149,111.930124731577,1.24999997764826));
#11696=CARTESIAN_POINT('Origin',(-4.85801410030149,113.430124686874,1.24999997764826));
#11697=CARTESIAN_POINT('',(-4.85801410030149,113.680124686874,1.24999997764826));
#11698=CARTESIAN_POINT('Origin',(-4.85801410030149,113.430124686874,1.24999997764826));
#11699=CARTESIAN_POINT('',(-4.85801410030149,113.430124686874,0.999999977648258));
#11700=CARTESIAN_POINT('Origin',(-4.85801410030149,113.430124686874,1.24999997764826));
#11701=CARTESIAN_POINT('Origin',(-4.85801410030149,113.430124686874,1.24999997764826));
#11702=CARTESIAN_POINT('Origin',(-0.358014100301496,113.430124686874,1.24999997764826));
#11703=CARTESIAN_POINT('',(-0.358014100301496,113.680124686874,1.24999997764826));
#11704=CARTESIAN_POINT('Origin',(-0.358014100301496,113.430124686874,1.24999997764826));
#11705=CARTESIAN_POINT('',(-0.358014100301496,113.430124686874,0.999999977648258));
#11706=CARTESIAN_POINT('Origin',(-0.358014100301496,113.430124686874,1.24999997764826));
#11707=CARTESIAN_POINT('Origin',(-0.358014100301496,113.430124686874,1.24999997764826));
#11708=CARTESIAN_POINT('Origin',(-0.358014100301496,114.430122760899,1.24999997764826));
#11709=CARTESIAN_POINT('',(-0.358014100301496,114.430122760899,0.999999977648258));
#11710=CARTESIAN_POINT('Origin',(-0.108014100301492,113.430124686874,1.24999997764826));
#11711=CARTESIAN_POINT('',(-0.108014100301492,113.680124686874,1.24999997764826));
#11712=CARTESIAN_POINT('',(-0.108014100301492,113.430124686874,0.999999977648258));
#11713=CARTESIAN_POINT('Origin',(-4.85801410030149,114.430122760899,1.24999997764826));
#11714=CARTESIAN_POINT('',(-4.85801410030149,114.430122760899,0.999999977648258));
#11715=CARTESIAN_POINT('Origin',(-0.108014100301492,113.680124686874,0.999999977648258));
#11716=CARTESIAN_POINT('Origin',(-0.108014100301492,111.680124731577,1.99999995529652));
#11717=CARTESIAN_POINT('',(-5.10801413010382,112.680122362293,2.));
#11718=CARTESIAN_POINT('',(-0.108014100301492,111.680124731577,1.99999995529652));
#11719=CARTESIAN_POINT('Origin',(-0.108014100301492,111.680124731577,0.999999977648258));
#11720=CARTESIAN_POINT('Origin',(-4.85801410030149,113.430124686874,3.0000000372529));
#11721=CARTESIAN_POINT('',(-4.85801410030149,113.680124686874,7.24999979883432));
#11722=CARTESIAN_POINT('Origin',(-4.85801410030149,113.430124686874,7.24999979883432));
#11723=CARTESIAN_POINT('',(-4.85801410030149,113.680124686874,3.0000000372529));
#11724=CARTESIAN_POINT('Origin',(-0.108014130103822,112.680122362293,11.5));
#11725=CARTESIAN_POINT('',(-5.10801413010382,112.680122362293,11.5));
#11726=CARTESIAN_POINT('Origin',(-4.85801410030149,114.430124686874,6.49999993667006));
#11727=CARTESIAN_POINT('',(-4.85801410030149,114.180124686874,7.24999979883432));
#11728=CARTESIAN_POINT('',(-4.85801410030149,114.180124686874,6.49999993667006));
#11729=CARTESIAN_POINT('Origin',(-4.85801410030149,114.430124686874,7.24999979883432));
#11730=CARTESIAN_POINT('Origin',(-0.108014100301492,114.180124686874,7.49999979883432));
#11731=CARTESIAN_POINT('',(-0.358014100301496,114.180124686874,7.24999979883432));
#11732=CARTESIAN_POINT('',(-0.358014100301496,114.180124686874,6.49999993667006));
#11733=CARTESIAN_POINT('',(-0.108014100301492,114.180124686874,7.24999979883432));
#11734=CARTESIAN_POINT('Origin',(-0.358014100301496,114.430124686874,6.49999993667006));
#11735=CARTESIAN_POINT('Origin',(-0.358014100301496,114.430124686874,7.24999979883432));
#11736=CARTESIAN_POINT('Origin',(-0.358014100301496,113.430124686874,3.0000000372529));
#11737=CARTESIAN_POINT('',(-0.358014100301496,113.680124686874,7.24999979883432));
#11738=CARTESIAN_POINT('',(-0.358014100301496,113.680124686874,3.0000000372529));
#11739=CARTESIAN_POINT('Origin',(-0.358014100301496,113.430124686874,7.24999979883432));
#11740=CARTESIAN_POINT('Origin',(-0.108014100301492,113.680124686874,0.499999999999999));
#11741=CARTESIAN_POINT('',(-0.108014100301492,113.680124686874,7.24999979883432));
#11742=CARTESIAN_POINT('Origin',(-4.85801410030149,115.930124630994,7.24999979883432));
#11743=CARTESIAN_POINT('',(-4.85801410030149,116.430124619819,7.49999979883432));
#11744=CARTESIAN_POINT('Origin',(-4.85801410030149,116.430124630994,7.24999979883432));
#11745=CARTESIAN_POINT('Origin',(-4.85801410030149,115.930124630994,7.49999979883432));
#11746=CARTESIAN_POINT('Origin',(-0.108014100301492,116.430124630994,7.24999979883432));
#11747=CARTESIAN_POINT('',(-0.358014100301496,116.430124619819,7.49999979883432));
#11748=CARTESIAN_POINT('Origin',(-0.358014100301496,116.430124630994,7.24999979883432));
#11749=CARTESIAN_POINT('',(-0.108014100301492,116.430124619819,7.49999979883432));
#11750=CARTESIAN_POINT('Origin',(-0.358014100301496,115.930124630994,7.24999979883432));
#11751=CARTESIAN_POINT('Origin',(-0.358014100301496,115.930124630994,7.49999979883432));
#11752=CARTESIAN_POINT('Origin',(-0.108014100301492,116.180124630994,7.49999979883432));
#11753=CARTESIAN_POINT('Origin',(-4.85801410030149,116.930124619819,7.49999979883432));
#11754=CARTESIAN_POINT('Origin',(-0.108014100301492,116.180124630994,7.49999979883432));
#11755=CARTESIAN_POINT('Origin',(-0.358014100301496,116.930124619819,7.49999979883432));
#11756=CARTESIAN_POINT('Origin',(-0.358014100301496,114.430124686874,7.24999979883432));
#11757=CARTESIAN_POINT('',(-0.358014100301496,113.930124686874,7.49999979883432));
#11758=CARTESIAN_POINT('Origin',(-0.358014100301496,113.930124686874,7.24999979883432));
#11759=CARTESIAN_POINT('Origin',(-0.358014100301496,114.430124686874,7.49999979883432));
#11760=CARTESIAN_POINT('Origin',(-4.85801410030149,114.430124686874,7.24999979883432));
#11761=CARTESIAN_POINT('',(-4.85801410030149,113.930124686874,7.49999979883432));
#11762=CARTESIAN_POINT('Origin',(-4.85801410030149,113.930124686874,7.24999979883432));
#11763=CARTESIAN_POINT('Origin',(-4.85801410030149,114.430124686874,7.49999979883432));
#11764=CARTESIAN_POINT('Origin',(-0.108014100301492,113.680124686874,7.49999979883432));
#11765=CARTESIAN_POINT('Origin',(-0.358014100301496,113.430124686874,7.49999979883432));
#11766=CARTESIAN_POINT('Origin',(-0.108014100301492,113.680124686874,7.49999979883432));
#11767=CARTESIAN_POINT('Origin',(-4.85801410030149,113.430124686874,7.49999979883432));
#11768=CARTESIAN_POINT('Origin',(-0.358014100301496,116.930124619819,7.24999979883432));
#11769=CARTESIAN_POINT('Origin',(-0.358014100301496,116.430124619819,7.24999979883432));
#11770=CARTESIAN_POINT('Origin',(-0.108014100301492,116.430124619819,7.24999979883432));
#11771=CARTESIAN_POINT('',(-4.85801410030149,116.680124619819,7.24999979883432));
#11772=CARTESIAN_POINT('Origin',(-4.85801410030149,116.430124619819,7.24999979883432));
#11773=CARTESIAN_POINT('',(-0.108014100301492,116.680124619819,7.24999979883432));
#11774=CARTESIAN_POINT('Origin',(-4.85801410030149,116.930124619819,7.24999979883432));
#11775=CARTESIAN_POINT('Origin',(-4.85801410030149,116.930124619819,7.24999979883432));
#11776=CARTESIAN_POINT('Origin',(-4.85801410030149,113.430124686874,7.24999979883432));
#11777=CARTESIAN_POINT('Origin',(-4.85801410030149,113.930124686874,7.24999979883432));
#11778=CARTESIAN_POINT('Origin',(-0.108014100301492,113.930124686874,7.24999979883432));
#11779=CARTESIAN_POINT('Origin',(-0.358014100301496,113.930124686874,7.24999979883432));
#11780=CARTESIAN_POINT('Origin',(-0.358014100301496,113.430124686874,7.24999979883432));
#11781=CARTESIAN_POINT('Origin',(-4.85801410030149,116.930124619819,6.49999993667006));
#11782=CARTESIAN_POINT('',(-4.85801410030149,116.680124619819,6.49999993667006));
#11783=CARTESIAN_POINT('Origin',(-0.108014100301492,116.680124619819,7.49999979883432));
#11784=CARTESIAN_POINT('Origin',(-0.108014100301492,104.180120671011,13.0000001862645));
#11785=CARTESIAN_POINT('',(-0.108014100301492,126.180120998836,13.0000001862645));
#11786=CARTESIAN_POINT('',(-0.108014100301492,104.180120671011,13.0000001862645));
#11787=CARTESIAN_POINT('Origin',(-5.10801413010382,112.680122362293,6.5));
#11788=CARTESIAN_POINT('',(-3.10801413010381,107.680122362293,6.5));
#11789=CARTESIAN_POINT('Origin',(-5.10801413010382,117.680121244706,6.5));
#11790=CARTESIAN_POINT('',(-5.10801413010382,122.680121244706,6.5));
#11791=CARTESIAN_POINT('Origin',(-0.108014100301492,104.180120671011,-2.0000000372529));
#11792=CARTESIAN_POINT('',(-2.10801410775208,104.180120671011,6.5));
#11793=CARTESIAN_POINT('Origin',(-0.108014100301492,126.180120998836,13.0000001862645));
#11794=CARTESIAN_POINT('',(-3.1080141003015,126.180120998836,6.5));
#11795=CARTESIAN_POINT('Origin',(-4.10801411520266,115.180120834924,6.5));
#11796=CARTESIAN_POINT('Origin',(-4.10801411520266,115.180120834924,6.5));
#11797=CARTESIAN_POINT('Origin',(88.7499997764826,154.999999441206,6.));
#11798=CARTESIAN_POINT('',(24.9999988824129,160.,6.));
#11799=CARTESIAN_POINT('',(24.9999988824129,155.,11.));
#11800=CARTESIAN_POINT('Origin',(24.9999988824129,155.,6.));
#11801=CARTESIAN_POINT('',(14.9999988824129,159.999999441206,6.));
#11802=CARTESIAN_POINT('',(88.7499997764826,159.999999441206,6.));
#11803=CARTESIAN_POINT('',(14.9999988824129,154.999999441206,11.));
#11804=CARTESIAN_POINT('Origin',(14.9999988824129,154.999999441206,6.));
#11805=CARTESIAN_POINT('',(17.9999988824129,154.999999441206,11.));
#11806=CARTESIAN_POINT('',(88.7499997764826,154.999999441206,11.));
#11807=CARTESIAN_POINT('',(22.9999989569187,154.999999441206,11.));
#11808=CARTESIAN_POINT('',(88.7499997764826,154.999999441206,11.));
#11809=CARTESIAN_POINT('',(88.7499997764826,154.999999441206,11.));
#11810=CARTESIAN_POINT('Origin',(88.7499997764826,154.999999441206,5.));
#11811=CARTESIAN_POINT('',(24.9999988824129,155.,0.));
#11812=CARTESIAN_POINT('',(24.9999988824129,160.,5.));
#11813=CARTESIAN_POINT('Origin',(24.9999988824129,155.,5.));
#11814=CARTESIAN_POINT('',(22.9999989569187,154.999999441206,5.55111512312578E-16));
#11815=CARTESIAN_POINT('',(88.7499997764826,154.999999441206,0.));
#11816=CARTESIAN_POINT('',(17.9999988824129,154.999999441206,5.55111512312578E-16));
#11817=CARTESIAN_POINT('',(88.7499997764826,154.999999441206,0.));
#11818=CARTESIAN_POINT('',(14.9999988824129,154.999999441206,0.));
#11819=CARTESIAN_POINT('',(88.7499997764826,154.999999441206,0.));
#11820=CARTESIAN_POINT('',(14.9999988824129,159.999999441206,5.));
#11821=CARTESIAN_POINT('Origin',(14.9999988824129,154.999999441206,5.));
#11822=CARTESIAN_POINT('',(88.7499997764826,159.999999441206,5.));
#11823=CARTESIAN_POINT('Origin',(14.9999988824129,252.500000558794,5.5));
#11824=CARTESIAN_POINT('',(14.9999988824129,159.999999441206,2.75));
#11825=CARTESIAN_POINT('',(14.9999988824129,150.000000558794,0.));
#11826=CARTESIAN_POINT('',(14.9999988824129,252.500000558794,0.));
#11827=CARTESIAN_POINT('',(14.9999988824129,145.000000558794,5.));
#11828=CARTESIAN_POINT('Origin',(14.9999988824129,150.000000558794,5.));
#11829=CARTESIAN_POINT('',(14.9999988824129,145.000000558794,6.));
#11830=CARTESIAN_POINT('',(14.9999988824129,145.000000558794,2.75));
#11831=CARTESIAN_POINT('',(14.9999988824129,150.000000558794,11.));
#11832=CARTESIAN_POINT('Origin',(14.9999988824129,150.000000558794,6.));
#11833=CARTESIAN_POINT('',(14.9999988824129,252.500000558794,11.));
#11834=CARTESIAN_POINT('',(14.9999988824129,148.999999441206,2.));
#11835=CARTESIAN_POINT('',(14.9999988824129,155.999999441206,2.));
#11836=CARTESIAN_POINT('',(14.9999988824129,200.75,2.));
#11837=CARTESIAN_POINT('',(14.9999988824129,155.999999441206,9.));
#11838=CARTESIAN_POINT('',(14.9999988824129,155.999999441206,3.75));
#11839=CARTESIAN_POINT('',(14.9999988824129,148.999999441206,9.));
#11840=CARTESIAN_POINT('',(14.9999988824129,204.25,9.00000000000001));
#11841=CARTESIAN_POINT('',(14.9999988824129,148.999999441206,7.25));
#11842=CARTESIAN_POINT('Origin',(-5.00000111758709,155.999999441206,2.));
#11843=CARTESIAN_POINT('',(24.9999988824129,155.999999441206,2.));
#11844=CARTESIAN_POINT('',(-5.00000111758709,155.999999441206,2.));
#11845=CARTESIAN_POINT('',(24.9999988824129,155.999999441206,9.));
#11846=CARTESIAN_POINT('',(24.9999988824129,155.999999441206,3.75));
#11847=CARTESIAN_POINT('',(-5.00000111758709,155.999999441206,9.));
#11848=CARTESIAN_POINT('Origin',(-5.00000111758709,148.999999441206,2.));
#11849=CARTESIAN_POINT('',(24.9999988824129,148.999999441206,2.));
#11850=CARTESIAN_POINT('',(-5.00000111758709,148.999999441206,2.));
#11851=CARTESIAN_POINT('',(24.9999988824129,121.999999720603,2.));
#11852=CARTESIAN_POINT('',(22.9999989569187,149.999999366701,2.));
#11853=CARTESIAN_POINT('',(17.9999988824129,149.999999366701,2.));
#11854=CARTESIAN_POINT('',(8.99999891966581,149.999999366701,2.));
#11855=CARTESIAN_POINT('',(17.9999988824129,154.999999441206,2.));
#11856=CARTESIAN_POINT('',(17.9999988824129,149.499999403954,2.));
#11857=CARTESIAN_POINT('',(22.9999989569187,154.999999441206,2.));
#11858=CARTESIAN_POINT('',(6.49999888241291,154.999999441206,2.));
#11859=CARTESIAN_POINT('',(22.9999989569187,151.999999441206,2.));
#11860=CARTESIAN_POINT('Origin',(-5.00000111758709,148.999999441206,9.));
#11861=CARTESIAN_POINT('',(24.9999988824129,148.999999441206,9.));
#11862=CARTESIAN_POINT('',(-5.00000111758709,148.999999441206,9.));
#11863=CARTESIAN_POINT('',(24.9999988824129,148.999999441206,7.25));
#11864=CARTESIAN_POINT('Origin',(-5.00000111758709,155.999999441206,9.));
#11865=CARTESIAN_POINT('',(24.9999988824129,125.499999720603,9.));
#11866=CARTESIAN_POINT('',(17.9999988824129,149.999999366701,9.));
#11867=CARTESIAN_POINT('',(22.9999989569187,149.999999366701,9.));
#11868=CARTESIAN_POINT('',(8.99999891966581,149.999999366701,9.));
#11869=CARTESIAN_POINT('',(22.9999989569187,154.999999441206,9.));
#11870=CARTESIAN_POINT('',(22.9999989569187,155.499999441206,9.));
#11871=CARTESIAN_POINT('',(17.9999988824129,154.999999441206,9.));
#11872=CARTESIAN_POINT('',(6.49999888241291,154.999999441206,9.));
#11873=CARTESIAN_POINT('',(17.9999988824129,152.999999403954,9.));
#11874=CARTESIAN_POINT('Origin',(42.4999988824129,252.500000558794,0.));
#11875=CARTESIAN_POINT('',(17.9999988824129,149.999999366701,1.42663658664333E-13));
#11876=CARTESIAN_POINT('',(17.9999988824129,201.249999962747,0.));
#11877=CARTESIAN_POINT('',(-36.2500011175871,150.000000558794,0.));
#11878=CARTESIAN_POINT('Origin',(42.4999988824129,252.500000558794,11.));
#11879=CARTESIAN_POINT('',(17.9999988824129,149.999999366701,11.));
#11880=CARTESIAN_POINT('',(17.9999988824129,201.249999962747,11.));
#11881=CARTESIAN_POINT('',(-36.2500011175871,150.000000558794,11.));
#11882=CARTESIAN_POINT('Origin',(22.9999989569187,154.999999441206,11.));
#11883=CARTESIAN_POINT('',(22.9999989569187,149.999999366701,11.));
#11884=CARTESIAN_POINT('',(22.9999989569187,149.999999366701,11.));
#11885=CARTESIAN_POINT('',(22.9999989569187,203.75,11.));
#11886=CARTESIAN_POINT('',(22.9999989569187,154.999999441206,11.));
#11887=CARTESIAN_POINT('Origin',(22.9999989569187,149.999999366701,11.));
#11888=CARTESIAN_POINT('',(17.9999988824129,149.999999366701,11.));
#11889=CARTESIAN_POINT('',(-36.2500011175871,150.000000558794,11.));
#11890=CARTESIAN_POINT('Origin',(22.9999989569187,149.999999366701,11.));
#11891=CARTESIAN_POINT('',(22.9999989569187,149.999999366701,1.42663658664333E-13));
#11892=CARTESIAN_POINT('',(22.9999989569187,149.999999366701,11.));
#11893=CARTESIAN_POINT('',(-36.2500011175871,150.000000558794,0.));
#11894=CARTESIAN_POINT('',(17.9999988824129,149.999999366701,11.));
#11895=CARTESIAN_POINT('Origin',(22.9999989569187,154.999999441206,11.));
#11896=CARTESIAN_POINT('',(22.9999989569187,154.999999441206,11.));
#11897=CARTESIAN_POINT('',(22.9999989569187,203.75,0.));
#11898=CARTESIAN_POINT('Origin',(17.9999988824129,149.999999366701,11.));
#11899=CARTESIAN_POINT('',(17.9999988824129,154.999999441206,11.));
#11900=CARTESIAN_POINT('Origin',(17.9999988824129,149.999999366701,11.));
#11901=CARTESIAN_POINT('',(17.9999988824129,154.999999441206,11.));
#11902=CARTESIAN_POINT('Origin',(17.9999988824129,154.999999441206,11.));
#11903=CARTESIAN_POINT('Origin',(17.9999988824129,154.999999441206,11.));
#11904=CARTESIAN_POINT('Origin',(-36.2500011175871,150.000000558794,6.));
#11905=CARTESIAN_POINT('',(24.9999988824129,150.,11.));
#11906=CARTESIAN_POINT('',(24.9999988824129,145.,6.));
#11907=CARTESIAN_POINT('Origin',(24.9999988824129,150.,6.));
#11908=CARTESIAN_POINT('',(-36.2500011175871,150.000000558794,11.));
#11909=CARTESIAN_POINT('',(-36.2500011175871,145.000000558794,6.));
#11910=CARTESIAN_POINT('Origin',(-36.2500011175871,150.000000558794,5.));
#11911=CARTESIAN_POINT('',(24.9999988824129,145.,5.));
#11912=CARTESIAN_POINT('',(24.9999988824129,150.,0.));
#11913=CARTESIAN_POINT('Origin',(24.9999988824129,150.,5.));
#11914=CARTESIAN_POINT('',(-36.2500011175871,145.000000558794,5.));
#11915=CARTESIAN_POINT('',(-36.2500011175871,150.000000558794,0.));
#11916=CARTESIAN_POINT('Origin',(24.9999988824129,95.,5.5));
#11917=CARTESIAN_POINT('Origin',(-50.0000011175871,145.,0.));
#11918=CARTESIAN_POINT('',(95.,145.,5.));
#11919=CARTESIAN_POINT('',(-3.75000055879354,145.,5.));
#11920=CARTESIAN_POINT('',(95.,145.,6.));
#11921=CARTESIAN_POINT('',(95.,145.,0.));
#11922=CARTESIAN_POINT('',(-3.75000055879354,145.,6.));
#11923=CARTESIAN_POINT('Origin',(-3.75000055879354,150.,5.));
#11924=CARTESIAN_POINT('',(95.,150.,0.));
#11925=CARTESIAN_POINT('',(-3.75000055879354,150.,0.));
#11926=CARTESIAN_POINT('Origin',(95.,150.,5.));
#11927=CARTESIAN_POINT('Origin',(42.5,2.5,0.));
#11928=CARTESIAN_POINT('',(115.,155.,0.));
#11929=CARTESIAN_POINT('',(81.25,155.,0.));
#11930=CARTESIAN_POINT('',(115.,40.,0.));
#11931=CARTESIAN_POINT('',(115.,3.75,0.));
#11932=CARTESIAN_POINT('',(105.,40.,0.));
#11933=CARTESIAN_POINT('',(35.,40.,0.));
#11934=CARTESIAN_POINT('',(105.,140.,0.));
#11935=CARTESIAN_POINT('',(105.,73.75,0.));
#11936=CARTESIAN_POINT('Origin',(95.,140.,0.));
#11937=CARTESIAN_POINT('Origin',(81.25,155.,5.));
#11938=CARTESIAN_POINT('',(115.,160.,5.));
#11939=CARTESIAN_POINT('',(81.25,160.,5.));
#11940=CARTESIAN_POINT('Origin',(115.,155.,5.));
#11941=CARTESIAN_POINT('Origin',(-3.75000055879354,150.,6.));
#11942=CARTESIAN_POINT('',(95.,150.,11.));
#11943=CARTESIAN_POINT('Origin',(95.,150.,6.));
#11944=CARTESIAN_POINT('',(-3.75000055879354,150.,11.));
#11945=CARTESIAN_POINT('Origin',(95.,140.,0.));
#11946=CARTESIAN_POINT('',(100.,140.,6.));
#11947=CARTESIAN_POINT('Origin',(95.,140.,6.));
#11948=CARTESIAN_POINT('',(100.,140.,5.));
#11949=CARTESIAN_POINT('Origin',(95.,140.,5.));
#11950=CARTESIAN_POINT('',(100.,140.,0.));
#11951=CARTESIAN_POINT('Origin',(95.,140.,6.));
#11952=CARTESIAN_POINT('',(105.,140.,11.));
#11953=CARTESIAN_POINT('Origin',(105.,140.,6.));
#11954=CARTESIAN_POINT('Origin',(95.,140.,11.));
#11955=CARTESIAN_POINT('Origin',(95.,140.,5.));
#11956=CARTESIAN_POINT('Origin',(105.,140.,5.));
#11957=CARTESIAN_POINT('Origin',(120.,160.,0.));
#11958=CARTESIAN_POINT('',(115.,160.,6.));
#11959=CARTESIAN_POINT('',(81.25,160.,6.));
#11960=CARTESIAN_POINT('',(115.,160.,0.));
#11961=CARTESIAN_POINT('Origin',(120.,5.,0.));
#11962=CARTESIAN_POINT('',(120.,40.,6.));
#11963=CARTESIAN_POINT('',(120.,40.,5.));
#11964=CARTESIAN_POINT('',(120.,40.,2.75));
#11965=CARTESIAN_POINT('',(120.,155.,5.));
#11966=CARTESIAN_POINT('',(120.,3.75,5.));
#11967=CARTESIAN_POINT('',(120.,155.,6.));
#11968=CARTESIAN_POINT('',(120.,155.,0.));
#11969=CARTESIAN_POINT('',(120.,3.75,6.));
#11970=CARTESIAN_POINT('Origin',(115.,3.75,6.));
#11971=CARTESIAN_POINT('',(115.,40.,11.));
#11972=CARTESIAN_POINT('Origin',(115.,40.,6.));
#11973=CARTESIAN_POINT('',(115.,155.,11.));
#11974=CARTESIAN_POINT('Origin',(115.,155.,6.));
#11975=CARTESIAN_POINT('',(115.,3.75,11.));
#11976=CARTESIAN_POINT('Origin',(81.25,155.,6.));
#11977=CARTESIAN_POINT('',(81.25,155.,11.));
#11978=CARTESIAN_POINT('Origin',(115.,155.,6.));
#11979=CARTESIAN_POINT('Origin',(115.,155.,0.));
#11980=CARTESIAN_POINT('Origin',(115.,155.,6.));
#11981=CARTESIAN_POINT('Origin',(115.,155.,5.));
#11982=CARTESIAN_POINT('Origin',(115.,155.,6.));
#11983=CARTESIAN_POINT('Origin',(115.,155.,5.));
#11984=CARTESIAN_POINT('Origin',(115.,155.,5.));
#11985=CARTESIAN_POINT('Origin',(115.,3.75,5.));
#11986=CARTESIAN_POINT('Origin',(115.,40.,5.));
#11987=CARTESIAN_POINT('Origin',(42.5,2.5,11.));
#11988=CARTESIAN_POINT('',(105.,40.,11.));
#11989=CARTESIAN_POINT('',(105.,73.75,11.));
#11990=CARTESIAN_POINT('',(35.,40.,11.));
#11991=CARTESIAN_POINT('Origin',(105.,73.75,6.));
#11992=CARTESIAN_POINT('',(100.,40.,6.));
#11993=CARTESIAN_POINT('Origin',(105.,40.,6.));
#11994=CARTESIAN_POINT('',(100.,73.75,6.));
#11995=CARTESIAN_POINT('Origin',(100.,145.,0.));
#11996=CARTESIAN_POINT('',(100.,40.,5.));
#11997=CARTESIAN_POINT('',(100.,40.,2.75));
#11998=CARTESIAN_POINT('',(100.,73.75,5.));
#11999=CARTESIAN_POINT('Origin',(105.,73.75,5.));
#12000=CARTESIAN_POINT('Origin',(105.,40.,5.));
#12001=CARTESIAN_POINT('Origin',(27.5,40.,5.5));
#12002=CARTESIAN_POINT('',(115.000000149012,40.,8.5));
#12003=CARTESIAN_POINT('',(115.000000149012,40.,2.49999991059304));
#12004=CARTESIAN_POINT('',(115.000000149012,40.,3.99999995529652));
#12005=CARTESIAN_POINT('',(105.,40.,2.49999991059304));
#12006=CARTESIAN_POINT('',(66.25,40.,2.49999991059304));
#12007=CARTESIAN_POINT('',(105.,40.,8.5));
#12008=CARTESIAN_POINT('',(105.,40.,7.));
#12009=CARTESIAN_POINT('',(71.2500000745058,40.,8.5));
#12010=CARTESIAN_POINT('Origin',(110.000000074506,30.,5.49999995529652));
#12011=CARTESIAN_POINT('',(115.000000149012,30.,8.5));
#12012=CARTESIAN_POINT('',(105.,30.,8.5));
#12013=CARTESIAN_POINT('',(105.,30.,8.5));
#12014=CARTESIAN_POINT('',(105.,30.,2.49999991059304));
#12015=CARTESIAN_POINT('',(105.,30.,2.49999991059304));
#12016=CARTESIAN_POINT('',(115.000000149012,30.,2.49999991059304));
#12017=CARTESIAN_POINT('',(115.000000149012,30.,2.49999991059304));
#12018=CARTESIAN_POINT('',(115.000000149012,30.,8.5));
#12019=CARTESIAN_POINT('Origin',(115.000000149012,40.,8.5));
#12020=CARTESIAN_POINT('',(105.,40.,8.5));
#12021=CARTESIAN_POINT('',(115.000000149012,40.,8.5));
#12022=CARTESIAN_POINT('',(107.500001229346,32.9,8.5));
#12023=CARTESIAN_POINT('',(107.500001229346,37.9000000745058,8.5));
#12024=CARTESIAN_POINT('',(107.500001229346,36.45,8.5));
#12025=CARTESIAN_POINT('',(112.500001303852,37.9000000745058,8.5));
#12026=CARTESIAN_POINT('',(111.250000689179,37.9000000745058,8.5));
#12027=CARTESIAN_POINT('',(112.500001303852,32.9,8.5));
#12028=CARTESIAN_POINT('',(112.500001303852,38.9500000372529,8.5));
#12029=CARTESIAN_POINT('',(113.750000726432,32.9,8.5));
#12030=CARTESIAN_POINT('Origin',(105.,40.,8.5));
#12031=CARTESIAN_POINT('',(105.,40.,2.49999991059304));
#12032=CARTESIAN_POINT('Origin',(105.,40.,2.49999991059304));
#12033=CARTESIAN_POINT('',(115.000000149012,40.,2.49999991059304));
#12034=CARTESIAN_POINT('',(107.500001229346,37.9000000745058,2.49999991059304));
#12035=CARTESIAN_POINT('',(107.500001229346,32.9,2.49999991059304));
#12036=CARTESIAN_POINT('',(107.500001229346,36.45,2.49999991059304));
#12037=CARTESIAN_POINT('',(112.500001303852,32.9,2.49999991059304));
#12038=CARTESIAN_POINT('',(108.750000651926,32.9,2.49999991059304));
#12039=CARTESIAN_POINT('',(112.500001303852,37.9000000745058,2.49999991059304));
#12040=CARTESIAN_POINT('',(112.500001303852,38.9500000372529,2.49999991059304));
#12041=CARTESIAN_POINT('',(106.250000614673,37.9000000745058,2.49999991059304));
#12042=CARTESIAN_POINT('Origin',(115.000000149012,40.,2.49999991059304));
#12043=CARTESIAN_POINT('Origin',(112.500001303852,32.9,8.5));
#12044=CARTESIAN_POINT('',(107.500001229346,32.9,8.5));
#12045=CARTESIAN_POINT('',(112.500001303852,32.9,8.5));
#12046=CARTESIAN_POINT('Origin',(107.500001229346,32.9,8.5));
#12047=CARTESIAN_POINT('',(107.500001229346,37.9000000745058,8.5));
#12048=CARTESIAN_POINT('Origin',(107.500001229346,37.9000000745058,8.5));
#12049=CARTESIAN_POINT('',(112.500001303852,37.9000000745058,8.5));
#12050=CARTESIAN_POINT('Origin',(112.500001303852,37.9000000745058,8.5));
#12051=CARTESIAN_POINT('Origin',(8.,-165.,5.5));
#12052=CARTESIAN_POINT('',(8.,-160.999999940395,5.5));
#12053=CARTESIAN_POINT('',(8.,-165.,9.50000005960464));
#12054=CARTESIAN_POINT('Origin',(8.,-165.,5.5));
#12055=CARTESIAN_POINT('',(9.93649165771386,-165.,11.));
#12056=CARTESIAN_POINT('Origin',(8.,-165.,11.5000000596046));
#12057=CARTESIAN_POINT('',(10.,-162.602084089203,11.));
#12058=CARTESIAN_POINT('Ctrl Pts',(9.93649165771386,-165.,11.));
#12059=CARTESIAN_POINT('Ctrl Pts',(9.93649165771386,-164.477766773722,11.));
#12060=CARTESIAN_POINT('Ctrl Pts',(9.96479880802215,-163.85172654608,11.));
#12061=CARTESIAN_POINT('Ctrl Pts',(9.99245013184685,-163.102495986365,11.));
#12062=CARTESIAN_POINT('Ctrl Pts',(10.,-162.829591502959,11.));
#12063=CARTESIAN_POINT('Ctrl Pts',(10.,-162.602084089203,11.));
#12064=CARTESIAN_POINT('',(10.,-162.602084089203,0.));
#12065=CARTESIAN_POINT('Origin',(10.,-165.,5.5));
#12066=CARTESIAN_POINT('',(10.,-167.397915910797,0.));
#12067=CARTESIAN_POINT('Ctrl Pts',(10.,-162.602084089203,0.));
#12068=CARTESIAN_POINT('Ctrl Pts',(10.,-162.829591502959,1.34502677045033E-17));
#12069=CARTESIAN_POINT('Ctrl Pts',(9.99245013184685,-163.102495986365,0.));
#12070=CARTESIAN_POINT('Ctrl Pts',(9.96479880802215,-163.85172654608,0.));
#12071=CARTESIAN_POINT('Ctrl Pts',(9.93649165771386,-164.477766773722,0.));
#12072=CARTESIAN_POINT('Ctrl Pts',(9.93649165771386,-165.522233226278,0.));
#12073=CARTESIAN_POINT('Ctrl Pts',(9.96479880802215,-166.14827345392,0.));
#12074=CARTESIAN_POINT('Ctrl Pts',(9.99245013184685,-166.897504013635,0.));
#12075=CARTESIAN_POINT('Ctrl Pts',(10.,-167.170408497041,0.));
#12076=CARTESIAN_POINT('Ctrl Pts',(10.,-167.397915910797,0.));
#12077=CARTESIAN_POINT('',(10.,-167.397915910797,11.));
#12078=CARTESIAN_POINT('Origin',(10.,-165.,5.5));
#12079=CARTESIAN_POINT('Ctrl Pts',(10.,-167.397915910797,11.));
#12080=CARTESIAN_POINT('Ctrl Pts',(10.,-167.170408497041,11.));
#12081=CARTESIAN_POINT('Ctrl Pts',(9.99245013184685,-166.897504013635,11.));
#12082=CARTESIAN_POINT('Ctrl Pts',(9.96479880802215,-166.14827345392,11.));
#12083=CARTESIAN_POINT('Ctrl Pts',(9.93649165771386,-165.522233226278,11.));
#12084=CARTESIAN_POINT('Ctrl Pts',(9.93649165771386,-165.,11.));
#12085=CARTESIAN_POINT('Origin',(8.,-165.,5.5));
#12086=CARTESIAN_POINT('Origin',(10.,-92.5,5.5));
#12087=CARTESIAN_POINT('',(10.,-180.,0.));
#12088=CARTESIAN_POINT('',(10.,-60.,0.));
#12089=CARTESIAN_POINT('',(10.,-185.,5.));
#12090=CARTESIAN_POINT('Origin',(10.,-180.,5.));
#12091=CARTESIAN_POINT('',(10.,-185.,6.));
#12092=CARTESIAN_POINT('',(10.,-185.,2.75));
#12093=CARTESIAN_POINT('',(10.,-180.,11.));
#12094=CARTESIAN_POINT('Origin',(10.,-180.,6.));
#12095=CARTESIAN_POINT('',(10.,-60.,11.));
#12096=CARTESIAN_POINT('Origin',(10.,-165.,5.5));
#12097=CARTESIAN_POINT('',(4.,-160.999999940395,5.5));
#12098=CARTESIAN_POINT('',(4.,-165.,1.49999994039535));
#12099=CARTESIAN_POINT('Origin',(4.,-165.,5.5));
#12100=CARTESIAN_POINT('',(10.,-160.999999940395,5.5));
#12101=CARTESIAN_POINT('Origin',(4.,-165.,5.5));
#12102=CARTESIAN_POINT('Ctrl Pts',(4.,-165.,1.49999994039536));
#12103=CARTESIAN_POINT('Ctrl Pts',(4.,-169.000000059605,1.49999994039536));
#12104=CARTESIAN_POINT('Ctrl Pts',(4.,-169.000000059605,5.5));
#12105=CARTESIAN_POINT('Ctrl Pts',(4.,-169.000000059605,9.50000005960464));
#12106=CARTESIAN_POINT('Ctrl Pts',(4.,-165.,9.50000005960464));
#12107=CARTESIAN_POINT('Ctrl Pts',(4.,-160.999999940395,9.50000005960464));
#12108=CARTESIAN_POINT('Ctrl Pts',(4.,-160.999999940395,5.5));
#12109=CARTESIAN_POINT('Ctrl Pts',(4.,-160.999999940395,1.49999994039536));
#12110=CARTESIAN_POINT('Ctrl Pts',(4.,-165.,1.49999994039536));
#12111=CARTESIAN_POINT('Ctrl Pts',(2.,-165.,1.49999994039536));
#12112=CARTESIAN_POINT('Ctrl Pts',(2.,-169.000000059605,1.49999994039536));
#12113=CARTESIAN_POINT('Ctrl Pts',(2.,-169.000000059605,5.5));
#12114=CARTESIAN_POINT('Ctrl Pts',(2.,-169.000000059605,9.50000005960464));
#12115=CARTESIAN_POINT('Ctrl Pts',(2.,-165.,9.50000005960464));
#12116=CARTESIAN_POINT('Ctrl Pts',(2.,-160.999999940395,9.50000005960464));
#12117=CARTESIAN_POINT('Ctrl Pts',(2.,-160.999999940395,5.5));
#12118=CARTESIAN_POINT('Ctrl Pts',(2.,-160.999999940395,1.49999994039536));
#12119=CARTESIAN_POINT('Ctrl Pts',(2.,-165.,1.49999994039536));
#12120=CARTESIAN_POINT('Ctrl Pts',(2.,-165.,3.49999994039536));
#12121=CARTESIAN_POINT('Ctrl Pts',(2.,-167.000000059605,3.49999994039536));
#12122=CARTESIAN_POINT('Ctrl Pts',(2.,-167.000000059605,5.5));
#12123=CARTESIAN_POINT('Ctrl Pts',(2.,-167.000000059605,7.50000005960464));
#12124=CARTESIAN_POINT('Ctrl Pts',(2.,-165.,7.50000005960464));
#12125=CARTESIAN_POINT('Ctrl Pts',(2.,-162.999999940395,7.50000005960464));
#12126=CARTESIAN_POINT('Ctrl Pts',(2.,-162.999999940395,5.5));
#12127=CARTESIAN_POINT('Ctrl Pts',(2.,-162.999999940395,3.49999994039536));
#12128=CARTESIAN_POINT('Ctrl Pts',(2.,-165.,3.49999994039536));
#12129=CARTESIAN_POINT('',(2.,-165.,3.49999994039535));
#12130=CARTESIAN_POINT('Origin',(2.,-165.,5.5));
#12131=CARTESIAN_POINT('Origin',(4.,-165.,3.49999994039535));
#12132=CARTESIAN_POINT('Origin',(2.,-165.,5.5));
#12133=CARTESIAN_POINT('Origin',(8.,-140.000001788139,5.5));
#12134=CARTESIAN_POINT('',(8.,-136.000001728535,5.5));
#12135=CARTESIAN_POINT('',(8.,-140.000001788139,9.50000005960464));
#12136=CARTESIAN_POINT('Origin',(8.,-140.000001788139,5.5));
#12137=CARTESIAN_POINT('',(9.93649165771386,-140.000001788139,11.));
#12138=CARTESIAN_POINT('Origin',(8.,-140.000001788139,11.5000000596046));
#12139=CARTESIAN_POINT('',(10.,-137.602085877342,11.));
#12140=CARTESIAN_POINT('Ctrl Pts',(9.93649165771386,-140.000001788139,11.));
#12141=CARTESIAN_POINT('Ctrl Pts',(9.93649165771386,-139.477768561861,11.));
#12142=CARTESIAN_POINT('Ctrl Pts',(9.96479880802216,-138.851728334219,11.));
#12143=CARTESIAN_POINT('Ctrl Pts',(9.99245013184685,-138.102497774505,11.));
#12144=CARTESIAN_POINT('Ctrl Pts',(10.,-137.829593291098,11.));
#12145=CARTESIAN_POINT('Ctrl Pts',(10.,-137.602085877342,11.));
#12146=CARTESIAN_POINT('',(10.,-137.602085877342,0.));
#12147=CARTESIAN_POINT('Origin',(10.,-140.000001788139,5.5));
#12148=CARTESIAN_POINT('',(10.,-142.397917698937,0.));
#12149=CARTESIAN_POINT('Ctrl Pts',(10.,-137.602085877342,0.));
#12150=CARTESIAN_POINT('Ctrl Pts',(10.,-137.829593291098,-2.23246843682421E-18));
#12151=CARTESIAN_POINT('Ctrl Pts',(9.99245013184685,-138.102497774505,0.));
#12152=CARTESIAN_POINT('Ctrl Pts',(9.96479880802215,-138.851728334219,0.));
#12153=CARTESIAN_POINT('Ctrl Pts',(9.93649165771385,-139.477768561861,0.));
#12154=CARTESIAN_POINT('Ctrl Pts',(9.93649165771385,-140.522235014417,0.));
#12155=CARTESIAN_POINT('Ctrl Pts',(9.96479880802215,-141.14827524206,0.));
#12156=CARTESIAN_POINT('Ctrl Pts',(9.99245013184685,-141.897505801774,0.));
#12157=CARTESIAN_POINT('Ctrl Pts',(10.,-142.17041028518,0.));
#12158=CARTESIAN_POINT('Ctrl Pts',(10.,-142.397917698937,0.));
#12159=CARTESIAN_POINT('',(10.,-142.397917698937,11.));
#12160=CARTESIAN_POINT('Origin',(10.,-140.000001788139,5.5));
#12161=CARTESIAN_POINT('Ctrl Pts',(10.,-142.397917698937,11.));
#12162=CARTESIAN_POINT('Ctrl Pts',(10.,-142.17041028518,11.));
#12163=CARTESIAN_POINT('Ctrl Pts',(9.99245013184685,-141.897505801774,11.));
#12164=CARTESIAN_POINT('Ctrl Pts',(9.96479880802216,-141.14827524206,11.));
#12165=CARTESIAN_POINT('Ctrl Pts',(9.93649165771386,-140.522235014417,11.));
#12166=CARTESIAN_POINT('Ctrl Pts',(9.93649165771386,-140.000001788139,11.));
#12167=CARTESIAN_POINT('Origin',(8.,-140.000001788139,5.5));
#12168=CARTESIAN_POINT('Origin',(10.,-92.5,5.5));
#12169=CARTESIAN_POINT('',(10.,-60.,11.));
#12170=CARTESIAN_POINT('',(10.,-60.,0.));
#12171=CARTESIAN_POINT('Origin',(10.,-140.000001788139,5.5));
#12172=CARTESIAN_POINT('',(4.,-136.000001728535,5.5));
#12173=CARTESIAN_POINT('',(4.,-140.000001788139,1.49999994039535));
#12174=CARTESIAN_POINT('Origin',(4.,-140.000001788139,5.5));
#12175=CARTESIAN_POINT('',(10.,-136.000001728535,5.5));
#12176=CARTESIAN_POINT('Origin',(4.,-140.000001788139,5.5));
#12177=CARTESIAN_POINT('Ctrl Pts',(4.,-140.000001788139,1.49999994039535));
#12178=CARTESIAN_POINT('Ctrl Pts',(4.,-144.000001847744,1.49999994039535));
#12179=CARTESIAN_POINT('Ctrl Pts',(4.,-144.000001847744,5.5));
#12180=CARTESIAN_POINT('Ctrl Pts',(4.,-144.000001847744,9.50000005960464));
#12181=CARTESIAN_POINT('Ctrl Pts',(4.,-140.000001788139,9.50000005960464));
#12182=CARTESIAN_POINT('Ctrl Pts',(4.,-136.000001728535,9.50000005960464));
#12183=CARTESIAN_POINT('Ctrl Pts',(4.,-136.000001728535,5.5));
#12184=CARTESIAN_POINT('Ctrl Pts',(4.,-136.000001728535,1.49999994039535));
#12185=CARTESIAN_POINT('Ctrl Pts',(4.,-140.000001788139,1.49999994039535));
#12186=CARTESIAN_POINT('Ctrl Pts',(2.,-140.000001788139,1.49999994039535));
#12187=CARTESIAN_POINT('Ctrl Pts',(2.,-144.000001847744,1.49999994039535));
#12188=CARTESIAN_POINT('Ctrl Pts',(2.,-144.000001847744,5.5));
#12189=CARTESIAN_POINT('Ctrl Pts',(2.,-144.000001847744,9.50000005960464));
#12190=CARTESIAN_POINT('Ctrl Pts',(2.,-140.000001788139,9.50000005960464));
#12191=CARTESIAN_POINT('Ctrl Pts',(2.,-136.000001728535,9.50000005960464));
#12192=CARTESIAN_POINT('Ctrl Pts',(2.,-136.000001728535,5.5));
#12193=CARTESIAN_POINT('Ctrl Pts',(2.,-136.000001728535,1.49999994039535));
#12194=CARTESIAN_POINT('Ctrl Pts',(2.,-140.000001788139,1.49999994039535));
#12195=CARTESIAN_POINT('Ctrl Pts',(2.,-140.000001788139,3.49999994039535));
#12196=CARTESIAN_POINT('Ctrl Pts',(2.,-142.000001847744,3.49999994039535));
#12197=CARTESIAN_POINT('Ctrl Pts',(2.,-142.000001847744,5.5));
#12198=CARTESIAN_POINT('Ctrl Pts',(2.,-142.000001847744,7.50000005960464));
#12199=CARTESIAN_POINT('Ctrl Pts',(2.,-140.000001788139,7.50000005960464));
#12200=CARTESIAN_POINT('Ctrl Pts',(2.,-138.000001728535,7.50000005960464));
#12201=CARTESIAN_POINT('Ctrl Pts',(2.,-138.000001728535,5.5));
#12202=CARTESIAN_POINT('Ctrl Pts',(2.,-138.000001728535,3.49999994039535));
#12203=CARTESIAN_POINT('Ctrl Pts',(2.,-140.000001788139,3.49999994039535));
#12204=CARTESIAN_POINT('',(2.,-140.000001788139,3.49999994039535));
#12205=CARTESIAN_POINT('Origin',(2.,-140.000001788139,5.5));
#12206=CARTESIAN_POINT('Origin',(4.,-140.000001788139,3.49999994039535));
#12207=CARTESIAN_POINT('Origin',(2.,-140.000001788139,5.5));
#12208=CARTESIAN_POINT('Origin',(10.,-92.5,5.5));
#12209=CARTESIAN_POINT('',(10.,-125.000001788139,11.));
#12210=CARTESIAN_POINT('',(10.,-60.,11.));
#12211=CARTESIAN_POINT('',(10.,-120.000001788139,6.));
#12212=CARTESIAN_POINT('Origin',(10.,-125.000001788139,6.));
#12213=CARTESIAN_POINT('',(10.,-120.000001788139,5.));
#12214=CARTESIAN_POINT('',(10.,-120.000001788139,2.75));
#12215=CARTESIAN_POINT('',(10.,-125.000001788139,0.));
#12216=CARTESIAN_POINT('Origin',(10.,-125.000001788139,5.));
#12217=CARTESIAN_POINT('',(10.,-60.,0.));
#12218=CARTESIAN_POINT('Origin',(75.,-120.000001788139,0.));
#12219=CARTESIAN_POINT('',(70.,-120.000001788139,6.));
#12220=CARTESIAN_POINT('',(46.25,-120.000001788139,6.));
#12221=CARTESIAN_POINT('',(70.,-120.000001788139,5.));
#12222=CARTESIAN_POINT('',(70.,-120.000001788139,0.));
#12223=CARTESIAN_POINT('',(46.25,-120.000001788139,5.));
#12224=CARTESIAN_POINT('Origin',(46.25,-125.000001788139,6.));
#12225=CARTESIAN_POINT('',(70.,-125.000001788139,11.));
#12226=CARTESIAN_POINT('',(46.25,-125.000001788139,11.));
#12227=CARTESIAN_POINT('Origin',(70.,-125.000001788139,6.));
#12228=CARTESIAN_POINT('Origin',(17.5,-27.5,11.));
#12229=CARTESIAN_POINT('',(90.,-180.,11.));
#12230=CARTESIAN_POINT('',(3.75,-180.,11.));
#12231=CARTESIAN_POINT('',(90.,-115.,11.));
#12232=CARTESIAN_POINT('',(90.,-106.25,11.));
#12233=CARTESIAN_POINT('',(100.,-105.,11.));
#12234=CARTESIAN_POINT('Origin',(100.,-115.,11.));
#12235=CARTESIAN_POINT('',(120.,-105.,11.));
#12236=CARTESIAN_POINT('',(56.25,-105.,11.));
#12237=CARTESIAN_POINT('',(120.,-30.,11.));
#12238=CARTESIAN_POINT('',(120.,-68.75,11.));
#12239=CARTESIAN_POINT('',(100.,-30.,11.));
#12240=CARTESIAN_POINT('',(71.25,-30.,11.));
#12241=CARTESIAN_POINT('',(90.,-20.,11.));
#12242=CARTESIAN_POINT('Origin',(100.,-20.,11.));
#12243=CARTESIAN_POINT('',(90.,0.,11.));
#12244=CARTESIAN_POINT('',(90.,-26.25,11.));
#12245=CARTESIAN_POINT('',(80.,0.,11.));
#12246=CARTESIAN_POINT('',(17.5,0.,11.));
#12247=CARTESIAN_POINT('',(80.,-115.000001788139,11.));
#12248=CARTESIAN_POINT('',(80.,43.75,11.));
#12249=CARTESIAN_POINT('Origin',(70.,-115.000001788139,11.));
#12250=CARTESIAN_POINT('',(82.5000012293458,-8.00000007450581,11.));
#12251=CARTESIAN_POINT('',(82.5000012293458,-3.,11.));
#12252=CARTESIAN_POINT('',(82.5000012293458,-17.7500000372529,11.));
#12253=CARTESIAN_POINT('',(87.5000013038516,-3.,11.));
#12254=CARTESIAN_POINT('',(50.0000006146729,-3.,11.));
#12255=CARTESIAN_POINT('',(87.5000013038516,-8.00000007450581,11.));
#12256=CARTESIAN_POINT('',(87.5000013038516,-15.25,11.));
#12257=CARTESIAN_POINT('',(52.5000006519258,-8.00000007450581,11.));
#12258=CARTESIAN_POINT('Origin',(3.75,-180.,6.));
#12259=CARTESIAN_POINT('',(90.,-185.,6.));
#12260=CARTESIAN_POINT('',(3.75,-185.,6.));
#12261=CARTESIAN_POINT('Origin',(90.,-180.,6.));
#12262=CARTESIAN_POINT('Origin',(17.5,-10.,5.5));
#12263=CARTESIAN_POINT('',(90.0000001490116,-10.,2.5));
#12264=CARTESIAN_POINT('',(80.,-10.,2.5));
#12265=CARTESIAN_POINT('',(48.75,-10.,2.5));
#12266=CARTESIAN_POINT('',(80.,-10.,8.50000008940697));
#12267=CARTESIAN_POINT('',(80.,-10.,7.00000004470348));
#12268=CARTESIAN_POINT('',(90.0000001490116,-10.,8.50000008940697));
#12269=CARTESIAN_POINT('',(53.7500000745058,-10.,8.50000008940697));
#12270=CARTESIAN_POINT('',(90.0000001490116,-10.,4.));
#12271=CARTESIAN_POINT('Origin',(46.25,-125.000001788139,5.));
#12272=CARTESIAN_POINT('',(70.,-125.000001788139,0.));
#12273=CARTESIAN_POINT('Origin',(70.,-125.000001788139,5.));
#12274=CARTESIAN_POINT('',(46.25,-125.000001788139,0.));
#12275=CARTESIAN_POINT('Origin',(70.,-115.000001788139,0.));
#12276=CARTESIAN_POINT('',(75.,-115.000001788139,6.));
#12277=CARTESIAN_POINT('Origin',(70.,-115.000001788139,6.));
#12278=CARTESIAN_POINT('',(75.,-115.000001788139,5.));
#12279=CARTESIAN_POINT('',(75.,-115.000001788139,0.));
#12280=CARTESIAN_POINT('Origin',(70.,-115.000001788139,5.));
#12281=CARTESIAN_POINT('Origin',(70.,-115.000001788139,6.));
#12282=CARTESIAN_POINT('Origin',(80.,-115.000001788139,6.));
#12283=CARTESIAN_POINT('Origin',(70.,-115.000001788139,5.));
#12284=CARTESIAN_POINT('',(80.,-115.000001788139,0.));
#12285=CARTESIAN_POINT('Origin',(80.,-115.000001788139,5.));
#12286=CARTESIAN_POINT('Origin',(70.,-115.000001788139,0.));
#12287=CARTESIAN_POINT('Origin',(-10.,-185.,0.));
#12288=CARTESIAN_POINT('',(90.,-185.,5.));
#12289=CARTESIAN_POINT('',(3.75,-185.,5.));
#12290=CARTESIAN_POINT('',(90.,-185.,0.));
#12291=CARTESIAN_POINT('Origin',(125.,-25.,0.));
#12292=CARTESIAN_POINT('',(100.,-25.,5.));
#12293=CARTESIAN_POINT('',(120.,-25.,5.));
#12294=CARTESIAN_POINT('',(71.25,-25.,5.));
#12295=CARTESIAN_POINT('',(100.,-25.,6.));
#12296=CARTESIAN_POINT('',(100.,-25.,0.));
#12297=CARTESIAN_POINT('',(120.,-25.,6.));
#12298=CARTESIAN_POINT('',(71.25,-25.,6.));
#12299=CARTESIAN_POINT('',(120.,-25.,0.));
#12300=CARTESIAN_POINT('Origin',(95.,-185.,0.));
#12301=CARTESIAN_POINT('',(95.,-180.,5.));
#12302=CARTESIAN_POINT('',(95.,-180.,6.));
#12303=CARTESIAN_POINT('',(95.,-180.,0.));
#12304=CARTESIAN_POINT('',(95.,-115.,5.));
#12305=CARTESIAN_POINT('',(95.,-106.25,5.));
#12306=CARTESIAN_POINT('',(95.,-115.,6.));
#12307=CARTESIAN_POINT('',(95.,-115.,0.));
#12308=CARTESIAN_POINT('',(95.,-106.25,6.));
#12309=CARTESIAN_POINT('Origin',(125.,-110.,0.));
#12310=CARTESIAN_POINT('',(125.,-30.,5.));
#12311=CARTESIAN_POINT('',(125.,-105.,5.));
#12312=CARTESIAN_POINT('',(125.,-68.75,5.));
#12313=CARTESIAN_POINT('',(125.,-30.,6.));
#12314=CARTESIAN_POINT('',(125.,-30.,0.));
#12315=CARTESIAN_POINT('',(125.,-105.,6.));
#12316=CARTESIAN_POINT('',(125.,-68.75,6.));
#12317=CARTESIAN_POINT('',(125.,-105.,0.));
#12318=CARTESIAN_POINT('Origin',(95.,-110.,0.));
#12319=CARTESIAN_POINT('',(120.,-110.,5.));
#12320=CARTESIAN_POINT('',(100.,-110.,5.));
#12321=CARTESIAN_POINT('',(56.25,-110.,5.));
#12322=CARTESIAN_POINT('',(120.,-110.,6.));
#12323=CARTESIAN_POINT('',(120.,-110.,0.));
#12324=CARTESIAN_POINT('',(100.,-110.,6.));
#12325=CARTESIAN_POINT('',(56.25,-110.,6.));
#12326=CARTESIAN_POINT('',(100.,-110.,0.));
#12327=CARTESIAN_POINT('Origin',(90.,-106.25,5.));
#12328=CARTESIAN_POINT('',(90.,-115.,0.));
#12329=CARTESIAN_POINT('Origin',(90.,-115.,5.));
#12330=CARTESIAN_POINT('',(90.,-180.,0.));
#12331=CARTESIAN_POINT('Origin',(90.,-180.,5.));
#12332=CARTESIAN_POINT('',(90.,-106.25,0.));
#12333=CARTESIAN_POINT('Origin',(56.25,-105.,6.));
#12334=CARTESIAN_POINT('Origin',(120.,-105.,6.));
#12335=CARTESIAN_POINT('Origin',(100.,-105.,6.));
#12336=CARTESIAN_POINT('Origin',(3.75,-180.,5.));
#12337=CARTESIAN_POINT('',(3.75,-180.,0.));
#12338=CARTESIAN_POINT('Origin',(90.,-180.,5.));
#12339=CARTESIAN_POINT('Origin',(120.,-68.75,6.));
#12340=CARTESIAN_POINT('Origin',(120.,-30.,6.));
#12341=CARTESIAN_POINT('Origin',(120.,-105.,6.));
#12342=CARTESIAN_POINT('Origin',(71.25,-30.,6.));
#12343=CARTESIAN_POINT('Origin',(100.,-30.,6.));
#12344=CARTESIAN_POINT('Origin',(120.,-30.,6.));
#12345=CARTESIAN_POINT('Origin',(100.,-20.,0.));
#12346=CARTESIAN_POINT('',(95.,-20.,6.));
#12347=CARTESIAN_POINT('Origin',(100.,-20.,6.));
#12348=CARTESIAN_POINT('',(95.,-20.,5.));
#12349=CARTESIAN_POINT('Origin',(100.,-20.,5.));
#12350=CARTESIAN_POINT('',(95.,-20.,0.));
#12351=CARTESIAN_POINT('Origin',(100.,-20.,6.));
#12352=CARTESIAN_POINT('Origin',(90.,-20.,6.));
#12353=CARTESIAN_POINT('Origin',(120.,-30.,0.));
#12354=CARTESIAN_POINT('Origin',(120.,-30.,6.));
#12355=CARTESIAN_POINT('Origin',(120.,-30.,5.));
#12356=CARTESIAN_POINT('Origin',(120.,-30.,6.));
#12357=CARTESIAN_POINT('Origin',(71.25,-30.,5.));
#12358=CARTESIAN_POINT('',(100.,-30.,0.));
#12359=CARTESIAN_POINT('Origin',(100.,-30.,5.));
#12360=CARTESIAN_POINT('',(120.,-30.,0.));
#12361=CARTESIAN_POINT('Origin',(120.,-30.,5.));
#12362=CARTESIAN_POINT('',(71.25,-30.,0.));
#12363=CARTESIAN_POINT('Origin',(100.,-20.,5.));
#12364=CARTESIAN_POINT('',(90.,-20.,0.));
#12365=CARTESIAN_POINT('Origin',(100.,-20.,0.));
#12366=CARTESIAN_POINT('Origin',(90.,-20.,5.));
#12367=CARTESIAN_POINT('Origin',(90.,-106.25,6.));
#12368=CARTESIAN_POINT('Origin',(90.,-115.,6.));
#12369=CARTESIAN_POINT('Origin',(90.,-180.,6.));
#12370=CARTESIAN_POINT('Origin',(90.,-180.,0.));
#12371=CARTESIAN_POINT('Origin',(90.,-180.,6.));
#12372=CARTESIAN_POINT('Origin',(90.,-180.,5.));
#12373=CARTESIAN_POINT('Origin',(90.,-180.,6.));
#12374=CARTESIAN_POINT('Origin',(120.,-105.,0.));
#12375=CARTESIAN_POINT('Origin',(120.,-105.,6.));
#12376=CARTESIAN_POINT('Origin',(120.,-105.,5.));
#12377=CARTESIAN_POINT('Origin',(120.,-105.,6.));
#12378=CARTESIAN_POINT('Origin',(120.,-68.75,5.));
#12379=CARTESIAN_POINT('Origin',(120.,-30.,5.));
#12380=CARTESIAN_POINT('',(120.,-105.,0.));
#12381=CARTESIAN_POINT('Origin',(120.,-105.,5.));
#12382=CARTESIAN_POINT('',(120.,-68.75,0.));
#12383=CARTESIAN_POINT('Origin',(120.,-30.,5.));
#12384=CARTESIAN_POINT('Origin',(100.,-115.,0.));
#12385=CARTESIAN_POINT('Origin',(100.,-115.,6.));
#12386=CARTESIAN_POINT('Origin',(100.,-115.,5.));
#12387=CARTESIAN_POINT('Origin',(100.,-115.,6.));
#12388=CARTESIAN_POINT('Origin',(90.,-180.,5.));
#12389=CARTESIAN_POINT('Origin',(56.25,-105.,5.));
#12390=CARTESIAN_POINT('Origin',(120.,-105.,5.));
#12391=CARTESIAN_POINT('',(100.,-105.,0.));
#12392=CARTESIAN_POINT('Origin',(100.,-105.,5.));
#12393=CARTESIAN_POINT('',(56.25,-105.,0.));
#12394=CARTESIAN_POINT('Origin',(120.,-105.,5.));
#12395=CARTESIAN_POINT('Origin',(100.,-115.,5.));
#12396=CARTESIAN_POINT('Origin',(100.,-115.,0.));
#12397=CARTESIAN_POINT('Origin',(80.,43.75,6.));
#12398=CARTESIAN_POINT('',(75.,0.,6.));
#12399=CARTESIAN_POINT('Origin',(80.,0.,6.));
#12400=CARTESIAN_POINT('',(75.,43.75,6.));
#12401=CARTESIAN_POINT('Origin',(90.,-26.25,6.));
#12402=CARTESIAN_POINT('',(95.,0.,6.));
#12403=CARTESIAN_POINT('',(95.,-26.25,6.));
#12404=CARTESIAN_POINT('Origin',(90.,0.,6.));
#12405=CARTESIAN_POINT('Origin',(95.,-25.,0.));
#12406=CARTESIAN_POINT('',(95.,0.,5.));
#12407=CARTESIAN_POINT('',(95.,-26.25,5.));
#12408=CARTESIAN_POINT('',(95.,0.,2.75));
#12409=CARTESIAN_POINT('Origin',(17.5,0.,5.5));
#12410=CARTESIAN_POINT('',(90.,0.,0.));
#12411=CARTESIAN_POINT('Origin',(90.,0.,5.));
#12412=CARTESIAN_POINT('',(80.,0.,0.));
#12413=CARTESIAN_POINT('',(17.5,0.,0.));
#12414=CARTESIAN_POINT('',(75.,0.,5.));
#12415=CARTESIAN_POINT('Origin',(80.,0.,5.));
#12416=CARTESIAN_POINT('',(75.,0.,2.75));
#12417=CARTESIAN_POINT('',(80.,0.,8.50000008940697));
#12418=CARTESIAN_POINT('',(80.,0.,2.5));
#12419=CARTESIAN_POINT('',(80.,0.,7.00000004470348));
#12420=CARTESIAN_POINT('',(90.0000001490116,0.,2.5));
#12421=CARTESIAN_POINT('',(48.75,0.,2.5));
#12422=CARTESIAN_POINT('',(90.0000001490116,0.,8.50000008940697));
#12423=CARTESIAN_POINT('',(90.0000001490116,0.,4.));
#12424=CARTESIAN_POINT('',(53.7500000745058,0.,8.50000008940697));
#12425=CARTESIAN_POINT('Origin',(80.,0.,2.5));
#12426=CARTESIAN_POINT('',(80.,0.,2.5));
#12427=CARTESIAN_POINT('',(90.0000001490116,0.,2.5));
#12428=CARTESIAN_POINT('',(82.5000012293458,-8.00000007450581,2.5));
#12429=CARTESIAN_POINT('',(82.5000012293458,-3.,2.5));
#12430=CARTESIAN_POINT('',(82.5000012293458,-4.0000000372529,2.5));
#12431=CARTESIAN_POINT('',(87.5000013038516,-3.,2.5));
#12432=CARTESIAN_POINT('',(81.2500006146729,-3.,2.5));
#12433=CARTESIAN_POINT('',(87.5000013038516,-8.00000007450581,2.5));
#12434=CARTESIAN_POINT('',(87.5000013038516,-1.5,2.5));
#12435=CARTESIAN_POINT('',(83.7500006519258,-8.00000007450581,2.5));
#12436=CARTESIAN_POINT('Origin',(90.0000001490116,0.,2.5));
#12437=CARTESIAN_POINT('',(90.0000001490116,0.,8.50000008940697));
#12438=CARTESIAN_POINT('Origin',(90.0000001490116,0.,8.50000008940697));
#12439=CARTESIAN_POINT('',(80.,0.,8.50000008940697));
#12440=CARTESIAN_POINT('',(82.5000012293458,-3.,8.50000008940697));
#12441=CARTESIAN_POINT('',(82.5000012293458,-8.00000007450581,8.50000008940697));
#12442=CARTESIAN_POINT('',(82.5000012293458,-4.0000000372529,8.50000008940697));
#12443=CARTESIAN_POINT('',(87.5000013038516,-8.00000007450581,8.50000008940697));
#12444=CARTESIAN_POINT('',(88.7500007264316,-8.00000007450581,8.50000008940697));
#12445=CARTESIAN_POINT('',(87.5000013038516,-3.,8.50000008940697));
#12446=CARTESIAN_POINT('',(87.5000013038516,-1.5,8.50000008940697));
#12447=CARTESIAN_POINT('',(86.2500006891787,-3.,8.50000008940697));
#12448=CARTESIAN_POINT('Origin',(80.,0.,8.50000008940697));
#12449=CARTESIAN_POINT('Origin',(87.5000013038516,-8.00000007450581,11.));
#12450=CARTESIAN_POINT('',(82.5000012293458,-8.00000007450581,11.));
#12451=CARTESIAN_POINT('',(87.5000013038516,-8.00000007450581,11.));
#12452=CARTESIAN_POINT('Origin',(82.5000012293458,-8.00000007450581,11.));
#12453=CARTESIAN_POINT('',(82.5000012293458,-3.,11.));
#12454=CARTESIAN_POINT('Origin',(82.5000012293458,-8.00000007450581,11.));
#12455=CARTESIAN_POINT('',(82.5000012293458,-8.00000007450581,0.));
#12456=CARTESIAN_POINT('',(82.5000012293458,-8.00000007450581,11.));
#12457=CARTESIAN_POINT('',(82.5000012293458,-3.,0.));
#12458=CARTESIAN_POINT('',(82.5000012293458,-17.7500000372529,0.));
#12459=CARTESIAN_POINT('',(82.5000012293458,-3.,11.));
#12460=CARTESIAN_POINT('Origin',(82.5000012293458,-3.,11.));
#12461=CARTESIAN_POINT('',(87.5000013038516,-3.,11.));
#12462=CARTESIAN_POINT('Origin',(82.5000012293458,-3.,11.));
#12463=CARTESIAN_POINT('',(87.5000013038516,-3.,0.));
#12464=CARTESIAN_POINT('',(50.0000006146729,-3.,0.));
#12465=CARTESIAN_POINT('',(87.5000013038516,-3.,11.));
#12466=CARTESIAN_POINT('Origin',(87.5000013038516,-8.00000007450581,11.));
#12467=CARTESIAN_POINT('',(87.5000013038516,-8.00000007450581,0.));
#12468=CARTESIAN_POINT('',(87.5000013038516,-8.00000007450581,11.));
#12469=CARTESIAN_POINT('',(52.5000006519258,-8.00000007450581,0.));
#12470=CARTESIAN_POINT('Origin',(87.5000013038516,-3.,11.));
#12471=CARTESIAN_POINT('Origin',(87.5000013038516,-3.,11.));
#12472=CARTESIAN_POINT('',(87.5000013038516,-15.25,0.));
#12473=CARTESIAN_POINT('Origin',(75.,115.,0.));
#12474=CARTESIAN_POINT('',(75.,43.75,5.));
#12475=CARTESIAN_POINT('Origin',(80.,43.75,5.));
#12476=CARTESIAN_POINT('',(80.,43.75,0.));
#12477=CARTESIAN_POINT('Origin',(17.5,-27.5,0.));
#12478=CARTESIAN_POINT('',(90.,-26.25,0.));
#12479=CARTESIAN_POINT('Origin',(90.,-26.25,5.));
#12480=UNCERTAINTY_MEASURE_WITH_UNIT(LENGTH_MEASURE(0.01),#12484,
'DISTANCE_ACCURACY_VALUE',
'Maximum model space distance between geometric entities at asserted c
onnectivities');
#12481=UNCERTAINTY_MEASURE_WITH_UNIT(LENGTH_MEASURE(0.01),#12484,
'DISTANCE_ACCURACY_VALUE',
'Maximum model space distance between geometric entities at asserted c
onnectivities');
#12482=(
GEOMETRIC_REPRESENTATION_CONTEXT(3)
GLOBAL_UNCERTAINTY_ASSIGNED_CONTEXT((#12480))
GLOBAL_UNIT_ASSIGNED_CONTEXT((#12484,#12486,#12487))
REPRESENTATION_CONTEXT('','3D')
);
#12483=(
GEOMETRIC_REPRESENTATION_CONTEXT(3)
GLOBAL_UNCERTAINTY_ASSIGNED_CONTEXT((#12481))
GLOBAL_UNIT_ASSIGNED_CONTEXT((#12484,#12486,#12487))
REPRESENTATION_CONTEXT('','3D')
);
#12484=(
LENGTH_UNIT()
NAMED_UNIT(*)
SI_UNIT(.MILLI.,.METRE.)
);
#12485=(
LENGTH_UNIT()
NAMED_UNIT(*)
SI_UNIT($,.METRE.)
);
#12486=(
NAMED_UNIT(*)
PLANE_ANGLE_UNIT()
SI_UNIT($,.RADIAN.)
);
#12487=(
NAMED_UNIT(*)
SI_UNIT($,.STERADIAN.)
SOLID_ANGLE_UNIT()
);
#12488=SHAPE_DEFINITION_REPRESENTATION(#12489,#12490);
#12489=PRODUCT_DEFINITION_SHAPE('',$,#12492);
#12490=SHAPE_REPRESENTATION('',(#7230),#12482);
#12491=PRODUCT_DEFINITION_CONTEXT('part definition',#12496,'design');
#12492=PRODUCT_DEFINITION('\X2\30A430F330BF30FC30D530A930F3300056FA5B9A53F0\X0\',
'\X2\30A430F330BF30FC30D530A930F3300056FA5B9A53F0\X0\ v1',#12493,#12491);
#12493=PRODUCT_DEFINITION_FORMATION('',$,#12498);
#12494=PRODUCT_RELATED_PRODUCT_CATEGORY(
'\X2\30A430F330BF30FC30D530A930F3300056FA5B9A53F0\X0\ v1',
'\X2\30A430F330BF30FC30D530A930F3300056FA5B9A53F0\X0\ v1',(#12498));
#12495=APPLICATION_PROTOCOL_DEFINITION('international standard',
'automotive_design',2009,#12496);
#12496=APPLICATION_CONTEXT(
'Core Data for Automotive Mechanical Design Process');
#12497=PRODUCT_CONTEXT('part definition',#12496,'mechanical');
#12498=PRODUCT('\X2\30A430F330BF30FC30D530A930F3300056FA5B9A53F0\X0\',
'\X2\30A430F330BF30FC30D530A930F3300056FA5B9A53F0\X0\ v1',$,(#12497));
#12499=PRESENTATION_STYLE_ASSIGNMENT((#12500));
#12500=SURFACE_STYLE_USAGE(.BOTH.,#12501);
#12501=SURFACE_SIDE_STYLE('',(#12502));
#12502=SURFACE_STYLE_FILL_AREA(#12503);
#12503=FILL_AREA_STYLE('\X2\92FC\X0\ - \X2\30B530C630F3\X0\',(#12504));
#12504=FILL_AREA_STYLE_COLOUR('\X2\92FC\X0\ - \X2\30B530C630F3\X0\',#12505);
#12505=COLOUR_RGB('\X2\92FC\X0\ - \X2\30B530C630F3\X0\',0.627450980392157,
0.627450980392157,0.627450980392157);
ENDSEC;
END-ISO-10303-21;
